sample,network,total_weekly_demand,demand_Boston,demand_New_York,demand_Atlanta,demand_Miami,demand_Chicago,demand_Dallas,demand_Denver,demand_Los_Angeles,status,weekly_variable_cost_USD,two_day_coverage,max_capacity_utilization
1,Georgia_only,1543.2392013049484,198.54571984365634,266.3630549962941,192.62110969247934,110.8041542705865,193.24038548425173,208.834400275235,109.26644484617474,263.56393189627056,Optimal,182609.10395999998,0.9291966849905355,0.9313811999999999
2,Georgia_only,1670.5295141253189,212.20165929298028,310.55009131470615,196.7999807806674,116.46273199366796,213.96995914883848,187.3242430092735,118.05549689283232,315.1653516923527,Optimal,194608.93747999996,0.9293304888497392,0.9101580909090909
3,Georgia_only,1623.2687782173832,203.61931555279668,289.3810043930286,158.1821020849419,110.81587974466095,240.1542075758212,224.57841156234016,111.61270052819118,284.9251567756025,Optimal,195125.19583999997,0.9312420101248099,0.8974116181818181
4,Georgia_only,1565.3986872897117,227.18685282114527,250.61051207933178,197.6666787185519,100.31361556137696,179.6312451731432,197.71983726454522,106.5029270342517,305.7670186373657,Optimal,182110.90382,0.9319643499419895,0.9012729818181818
5,Georgia_only,1709.6390394164462,193.87970881570752,317.8449222694661,176.11585845630066,120.6307628802381,236.30324605081282,221.53650166377471,132.05550801753,311.2725312626162,Optimal,204020.4081,0.9227582510858428,0.9423329454545454
6,Georgia_only,1730.8161260860716,226.49029882993696,296.85344910605687,177.19055249770355,109.74763789957184,224.99338273303036,223.1044268078348,114.99734963556745,357.4390285763698,Optimal,203243.22809000002,0.9335588891547265,0.9273502181818182
7,Georgia_only,1513.0014466666148,169.16965363650363,271.868627651616,193.48335759783737,110.34062181004931,228.08806156093405,217.76664132131557,103.91779215790446,218.36669093045438,Optimal,182550.53427,0.9313167896200216,0.9483465818181818
8,Georgia_only,1581.3630465678941,213.74863336131497,224.264323156569,173.30988499057878,110.72484051806121,209.20454082297442,208.9038998876792,114.41159717145123,326.79532665926536,Optimal,188076.36716999998,0.9276500062296213,0.8962520363636364
9,Georgia_only,1638.0499089477053,205.15693527250446,274.8479081120751,178.35472855942385,133.24056597762993,228.92462530166827,216.52142270213156,130.56343062053458,270.44029240173745,Optimal,197890.17523,0.9202933816396472,0.9602122181818181
10,Georgia_only,1517.1771532233056,165.54190585411203,238.12296679516538,167.1340725610126,115.25446590605272,249.15192221918332,198.64241833501703,113.48864182885544,269.8407597239072,Optimal,184385.12611,0.9251975071057496,0.8746017454545454
11,Georgia_only,1903.870205208009,249.76698531478604,313.0128702183513,183.51849243137315,138.89868342630663,263.65940379536147,258.2393994637248,126.5219208416058,370.2524497165,Optimal,229716.99166500004,0.9174426361744359,0.9999999818181818
12,Georgia_only,1609.516718861321,231.86080210186768,266.6735174068968,166.90440488033352,98.12083281288457,216.39135991879178,227.95842409132015,119.18560024170542,282.42177740752095,Optimal,193039.496228,0.9259494452809157,0.8963339145454545
13,Georgia_only,1280.34374013234,173.50873716405678,227.78423644076062,135.9593401919926,84.31893332864789,179.51540149223996,192.02376919788847,80.78851393173017,206.44480838502344,Optimal,153632.489372,0.9369009238690936,0.7496400781818182
14,Georgia_only,1783.1163184377085,224.59127357310246,301.91761832732425,210.79621632271974,115.23593849751488,266.73411198727905,208.08268164051162,142.54110787655657,313.21737021269985,Optimal,212956.63452,0.9200606786198912,0.9711178909090908
15,Georgia_only,2102.867262468935,264.8453289645626,393.591260707754,200.92917989092194,141.32487819690843,295.520149107151,306.62761527973873,120.92659169024773,379.1022586316508,Infeasible,,,
16,Georgia_only,1781.9465956502706,253.4607083119049,311.3055229651952,194.27569869296718,114.65212739624549,213.2354039952542,221.71581986037623,118.49820974753312,354.8031046807944,Optimal,207570.34025,0.9335006919177461,0.9648066363636363
17,Georgia_only,1485.4323614302186,199.06979561922657,219.72971897472007,164.7265813969118,109.94106325042262,232.6122321257661,222.83386173325195,106.63532415833987,229.88378417157972,Optimal,182265.5171,0.9282125970868529,0.9045481818181818
18,Georgia_only,1747.6846693387429,225.92487738327966,300.4711491705123,177.8058149660087,133.4938765262525,240.48409155145927,230.09362593742523,135.3852600540034,304.0259737498019,Optimal,210088.95966,0.9225345042421369,0.9843514909090909
19,Georgia_only,1775.6943027566576,261.5563949121144,288.1331710128667,181.9971335322484,118.4842967503932,271.7840395159275,213.41564404916133,123.41115403825351,316.9124689456927,Optimal,212436.94459000003,0.9304997698280221,0.9343583090909091
20,Georgia_only,1524.3986522281161,163.82125998212197,267.4833496008826,177.08385475034166,101.78321918170464,236.01658689394273,206.8905004438245,97.91962853301898,273.40025284227914,Optimal,182037.38415900004,0.9357650755693117,0.8831955818181818
21,Georgia_only,1565.638687079887,173.26215084434546,280.36305636158227,177.8256896833674,103.62652631407748,235.27695960840347,211.01255299934996,105.37947829625382,278.89227297250716,Optimal,186862.77383000002,0.932692339586707,0.895390490909091
22,Georgia_only,1759.2121339195944,211.23233117183455,314.1895172862036,201.68716851964174,158.0702655828422,209.21355100775688,243.16827174960432,122.21895142260401,299.4320771791072,Optimal,213326.91659600002,0.9004414302615312,1.000000018181818
23,Georgia_only,1967.932583079471,247.6509699833951,413.49860207021345,210.79368495636203,142.61407847439025,262.2120313399218,231.32158601675633,138.56497353870492,321.27665669972714,Optimal,236781.08694200002,0.9000697865514586,1.0
24,Georgia_only,1671.7269394660093,169.43428709435472,340.6640472502703,182.81692186799128,138.30644475238375,210.10706932426507,215.34072090544785,159.44124698592023,255.6162012853761,Optimal,201480.51946,0.9046248249627784,0.9753892363636363
25,Georgia_only,1395.154507712942,167.09088107037027,246.68685311604503,168.13038579380228,111.54619609563443,191.1097923155529,150.3496738265494,93.86890400431035,266.37182149067723,Optimal,163038.584454,0.9327179124648927,0.7818659272727272
26,Georgia_only,1671.1676784307795,176.54771504653118,285.2773827821462,219.49266872214554,147.547949952546,252.34929981363555,221.45408789250834,105.3699853820599,263.12858883920666,Optimal,203360.335237,0.9139136722857948,1.0
27,Georgia_only,1518.818441359057,216.53022673412528,290.93819915517764,174.47936593259928,101.94459620711193,211.66243344747042,183.40795602195,121.99311788827498,217.86254597234753,Optimal,181610.59523,0.9196789438177376,0.8360580545454546
28,Georgia_only,1620.7564701213248,207.3439117173978,307.7458671170163,177.4587029754987,121.72114353129142,211.63246176045877,184.00272955761506,102.94192785098443,307.9097256110624,Optimal,188678.28895,0.9364852573356571,0.8785137636363637
29,Georgia_only,1983.323882324623,237.66941614252738,421.09138071663006,200.56206194712257,133.80576157369197,259.37128774362895,221.3958639253519,158.53436402238947,350.8937462532805,Optimal,235445.2463824,0.9080179823626188,1.0
30,Georgia_only,1315.5984566901366,171.1920794212848,247.96473936879667,171.28110841979,86.49957130550729,157.99686432077073,147.25034020612142,98.28515697673163,235.12859667113392,Optimal,152656.034583,0.9252924361606442,0.7364200381818182
31,Georgia_only,1606.4559194527865,196.42354135867515,250.25966422665513,154.03089350384124,121.79907999614497,244.5956997570853,234.28541584092088,127.55321304854026,277.5084117209236,Optimal,197080.61826,0.9205996144007267,0.9274825272727273
32,Georgia_only,1728.2016580392203,231.3676950268358,292.7278457767752,197.90834303536323,122.90074276020147,209.8581304744511,238.23974410740993,133.59953543516696,301.5996214230167,Optimal,206559.85219489998,0.9174584937031793,0.9999999818181818
33,Georgia_only,1505.184047887135,198.04910969284958,302.08359311378445,170.26858904957817,100.76434981736453,199.84667382718803,189.49431090118858,93.41682089456293,251.26060059061865,Optimal,176331.623721,0.9379366078066887,0.8373222727272727
34,Georgia_only,1693.8761414214582,247.9692851952212,302.13274342355464,203.2540973945804,106.67165809665892,244.9832129634015,183.99319481869966,118.18443638892742,286.6875131404145,Optimal,199307.32327,0.9302284042313267,0.8980344545454545
35,Georgia_only,1516.6404985846812,231.83266321539347,267.8687951740121,139.49405525770888,111.45012433198744,202.49135320809398,189.84642830257678,110.4836632181835,263.17341587672496,Optimal,180982.28282,0.927152374812763,0.8014374727272727
36,Georgia_only,1313.877176724209,148.85485216318784,240.74737501905437,169.21008479926044,112.3177920855209,222.40076419186934,136.0809594233455,100.27989298759292,183.98545605437758,Optimal,158202.59014999997,0.9236763538474507,0.7592887818181818
37,Georgia_only,1856.4277242827309,247.0062911142439,286.47293379537956,261.7227991550603,142.69211800677436,221.47827266815432,247.99923906292815,124.35970467772881,324.6963658024614,Infeasible,,,
38,Georgia_only,1514.6993130545839,224.42660347610956,226.23013224518112,179.4966981370696,130.29895979800168,200.10932007083093,199.78947745069695,110.89821858839352,243.44990328830042,Optimal,182062.00271000003,0.9267853216154541,0.9265184363636364
39,Georgia_only,1735.516509313563,220.79025616084627,265.28732330627537,231.81200742807334,131.48371324521338,238.9269786763859,205.1703641810604,112.31250717395496,329.7333591417533,Optimal,205291.41498499998,0.9246457244216658,1.0
40,Georgia_only,1628.0756606146972,211.45554561947648,264.35882665965875,190.9342028759458,110.90637666053703,242.21284701571068,198.2938217233142,121.90511968002059,288.0089203800336,Optimal,194594.38253,0.9251231907928219,0.9093352727272728
41,Georgia_only,1618.8590334719956,185.87605658644276,245.8515470746778,167.20173803266655,101.9846573638268,245.4266123012474,201.6225896889167,131.6676896971218,339.2281427270958,Optimal,194384.56767999998,0.9186663688748701,0.8560163454545454
42,Georgia_only,1515.9249735120768,175.97453905944215,263.6645785854362,181.24018907431133,98.34779660309674,222.6168713728278,211.41767332434176,109.00694446096223,253.6563810316586,Optimal,181900.42499200001,0.928092123016134,0.8927375581818181
43,Georgia_only,1526.2479025268528,227.12749012781754,249.27596644509757,155.41004417635986,101.67349131119664,232.2090407686765,177.394189008583,110.74620958131597,272.4114711078059,Optimal,182534.84155,0.927438909273191,0.789959490909091
44,Georgia_only,1778.6831346738359,254.06751622471356,278.73581984623684,219.88854999220263,113.3588614427926,235.8832795358126,248.9468186144173,133.23059872661926,294.571690291041,Optimal,215700.12418,0.9069958996917287,1.0
45,Georgia_only,1368.2700813977779,192.43210560737498,227.7440050215226,147.43772631925927,94.72493969929079,207.17986526680752,147.15319693318622,104.78043453418441,246.81780801615204,Optimal,163012.23413,0.9234212508025186,0.7078470363636364
46,Georgia_only,1492.7758881284894,214.42475458863058,273.9901804145363,161.71810110237982,100.43169311716363,230.2445065515691,166.11142482743878,103.8780115843863,241.97721594238493,Optimal,177544.77151,0.9304128510149487,0.7985104888888889
47,Georgia_only,1628.125633512009,210.7808976009639,276.18402635310946,205.49224863687954,117.29899411369547,222.1977680258398,182.8417548174169,123.23644861771145,290.0934953463926,Optimal,191974.37664,0.9243077800782626,0.9193327090909091
48,Georgia_only,1819.8302851285384,219.87391411748345,316.75342250672065,209.3793005564027,130.48418046548042,263.538451819968,199.60607488841075,142.95238978476644,337.2425509893061,Optimal,215725.21168000004,0.9214473974322054,0.9808537272727273
49,Georgia_only,1815.1019616566305,287.3564898865237,296.35305188894625,203.23618589700703,127.6073313474848,309.61983124711526,192.99111683380224,133.8281167122015,264.1098378435497,Optimal,219439.07671,0.9262696451859451,0.9925881888888888
50,Georgia_only,1145.8341049353673,129.34437692488754,183.8402055026344,156.59787648426428,80.63550077892293,171.9453106271166,140.92254864044716,93.49146025697331,189.0568257201212,Optimal,137546.224956,0.9184075220551751,0.6875562381818182
51,Georgia_only,1787.151567088401,211.70069676900474,288.7852520829,210.39255173749365,130.21259593226983,299.55964173179655,236.63638906980654,115.11296115082999,294.7514786142997,Optimal,218316.234397,0.9203455936754583,1.0
52,Georgia_only,1568.5000792366914,208.0845777898206,268.13799970670357,169.98637061290626,117.285889701842,203.9655838244182,190.91284673575228,109.47867423668278,300.6481366285658,Optimal,184819.10965,0.930201680773922,0.8694274727272727
53,Georgia_only,1502.2592064249427,195.93551193500275,243.70630783755456,193.1926075617205,106.30520750499608,233.36283933596707,167.7885383360697,125.13554454997892,236.8326493636532,Optimal,180670.99328,0.9167017676511775,0.8496115636363636
54,Georgia_only,1442.8320050370821,210.78584604061447,221.2336882534761,167.21092136969244,106.12562141487268,190.65955274399283,216.86561089543963,122.37324042994246,207.57752388905158,Optimal,176485.94593,0.9151853822136854,0.8912766363636363
55,Georgia_only,1353.7622034230847,192.22046793703183,207.51412765565613,151.58901232471288,99.7820500035425,211.10703662077532,173.3815234350111,99.44007392383759,218.72791152251742,Optimal,164031.936994,0.9265453909322896,0.7722774181818182
56,Georgia_only,1809.6118373133233,221.94366034149098,321.69706613291356,196.96146664011414,130.94804445003888,254.80515583552514,229.455368071105,117.07212552980698,336.72895031232866,Optimal,214607.4719292,0.9312355308760185,1.0
57,Georgia_only,1924.0658897460248,241.8790589222478,338.6742174242252,228.18273730624193,143.90235051673895,270.377525708966,241.13302759757102,142.98462360478237,316.9323486652515,Infeasible,,,
58,Georgia_only,1448.1509646227944,186.3658708771037,205.23742653495532,165.1664732987386,107.64917096967243,233.75780247364227,188.75590674044176,113.33570680330476,247.88260692493552,Optimal,176685.56297,0.9217376451823753,0.839221
59,Georgia_only,1412.024343062124,160.65081953025538,223.8731939892717,143.44810772225316,109.50336449984415,201.33500369863424,195.86049540295073,103.53685504800856,273.816503170906,Optimal,170018.07640999998,0.9266748738640063,0.8160217636363637
60,Georgia_only,1752.086289724459,213.62118258543308,295.5944899601929,192.03394975175553,107.6430004012576,270.86493520217385,256.62543006139293,126.50838218757755,289.19491957467557,Optimal,213068.1810602,0.9241985052315286,1.0
61,Georgia_only,1786.5875647959376,180.78582932384268,310.20671201184,206.09859234418906,119.93344042801128,291.87547764359124,251.86238272828587,123.7058916105858,302.11923870559167,Optimal,218561.212756,0.9151453263287135,1.0
62,Georgia_only,1609.68778479345,187.29865080710763,230.62164717070092,201.16555115116165,121.38044020111613,237.24504347038283,176.70519958129933,134.85690434651946,320.414348065162,Optimal,192067.63296,0.9162217008370015,0.9077294363636362
63,Georgia_only,1649.7265704803508,190.7764731274664,255.33172299968845,193.56170250179446,105.89377099993375,231.2418048776476,232.84872205652803,99.78875193415944,340.28362198313255,Optimal,195032.768212,0.9395119335131423,0.9678258
64,Georgia_only,1773.9769692596285,211.80817903390874,277.46854549436085,207.11297413433448,120.11968842326326,259.4017626936896,185.1693918239154,130.15587410167348,382.74055355448263,Optimal,208161.40679,0.9266304571507773,0.931640090909091
65,Georgia_only,1452.8382086121167,178.3508075177949,210.56206927011152,173.66011729467866,99.55803489071113,247.273038422052,187.1187173453767,98.10660185126405,258.2088220201278,Optimal,175733.45481199998,0.9324724576827883,0.8369761363636364
66,Georgia_only,1550.2005321591596,170.4028227282484,267.72834992741343,170.1747894145768,110.05066354911989,224.75305053192417,185.13106434986906,112.89599195609418,309.0637997019136,Optimal,183612.70166,0.9271732915728554,0.8461027454545453
67,Georgia_only,1472.7071040346398,218.25877301804277,238.731762174622,151.03221222409175,129.91419999301186,207.0171249898829,210.39340614384935,110.59906105359363,206.76056443754555,Optimal,180109.67044,0.9249008348424193,0.8933451272727272
68,Georgia_only,1536.8393980003973,196.81590061525193,241.84658191307648,154.44631818411074,116.42451377906572,244.4929734040823,215.69547428597315,111.76866372106068,255.3489720977764,Optimal,187812.38463000004,0.9272736772978225,0.884666
69,Georgia_only,1376.701940856115,175.65408161696587,223.2761234497092,161.72901283311054,102.92054695858799,188.63131096597672,181.42233606492817,95.60393749091993,247.4645914759167,Optimal,163902.310437,0.9305558174802436,0.8110398181818181
70,Georgia_only,1668.9535431675283,219.47538553965882,301.3657742870871,162.46182817605572,115.32696283171067,246.27825569082438,229.87686822366734,102.08854887281312,292.0799195457111,Optimal,199439.96134,0.9388308059349735,0.9230284727272727
71,Georgia_only,1802.426919531696,227.12483234115163,305.38311998179006,214.99687876813,131.6683171685991,274.8389002682358,232.89838545819015,130.42831953368372,285.08816601191563,Optimal,219473.85672100002,0.9112352918179536,1.0
72,Georgia_only,1568.6219166525327,228.37458804792126,263.2068181695151,176.0970993086498,106.56317534808477,242.19764580614358,184.9724877885802,122.60141459517533,244.6086875884627,Optimal,189011.4056,0.9218413338797623,0.8502414
73,Georgia_only,1481.6248211657644,188.20553312542216,249.04676751229377,168.83355963353492,113.90989349716605,196.57648650798302,192.72032410401414,93.51971683591435,278.812539949436,Optimal,174782.67987700002,0.9368802953151244,0.8644795818181819
74,Georgia_only,1673.5989166000072,230.35383422165827,296.6148753928267,179.40066920134998,117.38285280394979,255.06109934895898,217.90218031900145,122.79944071350808,254.08396459875385,Optimal,202153.28768000004,0.9266255221714172,0.9357921818181818
75,Georgia_only,1566.4954509530905,194.73418061082998,249.67912870995863,182.65088830278452,96.29256422118743,248.64985597964474,227.24517052625768,115.31850588408929,251.9251567183383,Optimal,190659.56364399998,0.9263844035532128,0.9203429527272727
76,Georgia_only,1399.4411536231084,183.6569482741864,195.09577865326105,168.7547628878675,110.7016172286971,200.80874587635753,177.45936875386704,105.48744827892612,257.47648366994565,Optimal,168106.50567,0.9246217367911435,0.8307559090909091
77,Georgia_only,1749.0339971663145,229.0576311662011,284.5304494406932,194.07106922662996,129.35258302936813,296.81662432742644,221.43002779458587,114.3306441434174,279.4449680379924,Optimal,211790.37553999998,0.9346321184427824,0.9906430545454544
78,Georgia_only,1179.4801447817488,171.75425967759162,193.37570916029108,130.57546614092277,75.76960375289404,165.11579412507967,175.90195753045774,80.97684552395746,186.01050887055442,Optimal,142300.65284999998,0.9313453124751561,0.6949946072727272
79,Georgia_only,1601.5068356369634,201.62871826611155,290.454280110759,199.70036167200232,115.80509340919026,203.59435119750992,206.05953060053784,121.84922134492268,262.41527903592976,Optimal,189748.89808,0.9239158878841122,0.9482999636363636
80,Georgia_only,1425.0785065729228,198.19152766339988,227.0408544020952,151.45168021424433,98.7688456664505,218.62991618034246,182.24184865027246,95.37947465662634,253.3743591394916,Optimal,170914.743071,0.933070725484244,0.7862952290909091
81,Georgia_only,2086.543830092957,291.8382960885861,362.27024159756786,201.8268514749455,205.3755905757835,250.36404692191323,244.7508984259334,131.58402990490939,398.533875103318,Infeasible,,,
82,Georgia_only,1601.99864933345,185.3100382019705,292.71036097103894,200.66770517970414,115.02020787230856,210.20522965113253,198.78810511698154,113.66678549192784,285.630216848386,Optimal,188361.64833000003,0.9290469006445519,0.9354109636363637
83,Georgia_only,1531.3185143590663,209.4007413367198,235.90168304129165,145.44617338406107,100.38389529938041,247.39280537448843,183.71987288840768,136.5952293332269,272.4781137014903,Optimal,187121.14501999997,0.9107989402085703,0.7809998909090909
84,Georgia_only,1426.3346213670632,167.81254740023093,249.2098983006617,144.13188650989122,128.5023750754604,183.56110776643084,195.26752324687874,117.27276086051887,240.57652220699043,Optimal,172376.9945,0.9177803373694571,0.8507305272727272
85,Georgia_only,1381.3235084480757,180.51719682433793,256.476333404671,179.99424071615886,103.64977928201027,179.19434691087505,186.30126568563372,96.35219717209468,198.83814845229432,Optimal,164099.146707,0.9302464716926971,0.8544459818181818
86,Georgia_only,1550.171455462454,165.6235938877648,270.24536014685026,206.35463425995093,127.8747763405702,200.53773141734908,182.40387782626607,113.75583002438015,283.37565155932253,Optimal,182041.80846,0.9266172557483212,0.9393332545454546
87,Georgia_only,1580.8305317178883,193.7524553218849,326.7580347088057,172.83143357063224,104.01406448994987,221.00754664611767,208.265804645432,98.58253183388554,255.61866050118044,Optimal,186563.04928200002,0.9376387666230366,0.8820205272727274
88,Georgia_only,1449.5444565823113,177.3732689283547,293.37664365333364,174.59550763443895,100.38790595832947,184.58905768378278,176.7863489578341,112.54682972647895,229.88889403975884,Optimal,170903.5296,0.9223571060057927,0.8213995818181818
89,Georgia_only,1806.0856959630253,206.51999245783819,306.8743259779914,250.6993109583078,107.6828483151059,296.4749384990341,196.8856594895815,130.4468950433446,310.50172522182174,Optimal,214477.3153788,0.9248569952874464,1.0
90,Georgia_only,1557.025064783398,162.340150390397,244.9488059741992,186.93547004299106,124.09544427972898,226.1473940036699,217.68769516890555,109.80918314223338,285.06092178127295,Optimal,187139.97061000002,0.9294750050804905,0.9613065636363637
91,Georgia_only,1493.3977140162044,192.95255091505712,266.09841880889604,193.16643002006217,97.96533180310644,202.67495963832633,189.202282621485,101.57156122758195,249.76617898168928,Optimal,176017.17839199997,0.9319862612196937,0.8733346218181819
92,Georgia_only,1360.9709116317224,181.9398981728771,213.2923664083606,141.60220142231114,83.08811200006144,218.7570162669415,172.85273863379382,109.25268973781827,240.18588898955844,Optimal,165181.58142200002,0.9197244564905983,0.7228055490909091
93,Georgia_only,1300.4015380992173,155.0911575921919,248.60317996362323,142.31336095570597,86.10449620880776,188.63337256643106,169.8109881955191,86.78287380669234,223.06210881024603,Optimal,154432.52638,0.9332645574796328,0.7240524472727272
94,Georgia_only,1413.319613680284,150.78734940774595,273.91503062280003,160.12407662953854,123.65887956819516,193.48841077946523,166.81904931990746,122.22275682070799,222.30406053192365,Optimal,169556.21025,0.9135207970672565,0.8192763818181819
95,Georgia_only,1594.860020798267,204.1459212075409,248.09675935781928,144.86048890520323,108.86604972300067,209.56408569035187,218.6531911927705,113.31589980121367,347.3576249203669,Optimal,189737.47125999996,0.9289493125913649,0.8588722363636364
96,Georgia_only,1308.0546605505633,173.4625826793268,208.3347191603451,173.43821112182798,104.84955598139705,208.2821577265051,160.83776626634364,89.64232334600231,189.20734426881543,Optimal,157604.53545300002,0.9314689796580577,0.7984100727272727
97,Georgia_only,1915.4889744474424,255.82426320282173,315.8492001144783,237.27915238139133,145.61609849215793,297.8397953909499,206.70963168165122,125.77549704832182,330.5953361356702,Optimal,230200.15225299998,0.9136615367388636,1.0
98,Georgia_only,1735.9291469709644,233.68741619827037,255.97490829743936,191.176825113897,147.0848486675507,252.85434745918255,231.67075314064306,117.74903244763688,305.7310156463445,Optimal,210902.547677,0.9206871794213456,1.000000018181818
99,Georgia_only,1946.8395358690577,248.08761514815268,369.88704855970127,199.90071103342294,144.65346473792275,298.53881417388163,227.67460397230445,152.19209820338855,305.90518004028354,Optimal,237745.26286800005,0.9019259921779706,1.0000000111111111
100,Georgia_only,1500.9399201001615,189.0621188836049,305.84422822828395,173.35250579777806,115.35181057029716,195.26851493546977,190.5557138733397,93.3870388824865,238.11798892890155,Optimal,176228.25614900002,0.93778096055042,0.8713818727272727
101,Georgia_only,1815.6060054940465,221.94800207578152,343.4682123143808,194.0776196566622,121.35287242764488,281.2690066895214,208.80926123179853,106.32705140317097,338.35397969508614,Optimal,213362.80464,0.9414371536708407,0.9531631818181817
102,Georgia_only,1568.6232772766211,172.02126211167194,286.0803128181255,182.35873988575773,141.29287756853475,220.6546821279578,201.55469329234106,108.34394401402334,256.3167654582089,Optimal,187381.47342,0.9309305498355708,0.9549205636363637
103,Georgia_only,1318.8695918910885,165.517470925144,229.80509474694588,144.6370703799603,91.3916999702178,181.64644969642484,181.37256896847862,99.13808554014683,225.36115166377016,Optimal,158185.475546,0.9248310124817288,0.7589115272727273
104,Georgia_only,1641.7874587654944,213.94913345024042,274.5217129903217,182.4298138129128,140.0566763872613,244.6644811342968,225.44668784813172,92.21798913706613,268.5009640052635,Optimal,196694.178849,0.9438307326121033,0.9962421454545455
105,Georgia_only,1252.8057141367826,158.063631370589,228.2932991315095,137.05815194215364,96.51441090387372,165.4557244455799,174.72240015613224,78.45070901235694,214.24738717458771,Optimal,148700.19860499998,0.93737998458058,0.7423544745454546
106,Georgia_only,1656.971392125156,225.4935582215069,281.3657007109166,230.64688494761324,113.91708559956297,227.00236921073818,162.18680148287746,141.7133323177828,274.6456596341578,Optimal,195101.49615000002,0.914474484714307,0.9213650363636363
107,Georgia_only,1476.256862143168,207.93128996038922,274.88420286407785,163.72149294815358,87.69267933324242,211.10916396336492,171.22492530574826,90.0399444648397,269.65316330335213,Optimal,172570.218028,0.9390079359140442,0.7710273888888889
108,Georgia_only,1305.517137310886,175.24340799862583,231.1523846253482,180.68905563682415,95.0297787404259,149.7514547044187,152.29927291674707,92.58615457598037,228.76562811251583,Optimal,151422.248379,0.929080855651121,0.7782147436363637
109,Georgia_only,1863.2317740162332,185.83010172453604,291.63047510369387,221.40718223930077,146.55645543445704,302.55506649041325,217.40858931239643,140.15854717487042,357.6853565365654,Optimal,226702.118587,0.9057923085769017,1.0
110,Georgia_only,1808.8424577355931,248.3637168124914,334.6173067239982,189.75889237007917,111.05372615210706,283.2050105056415,223.14439313460727,127.98661941444146,290.712792622227,Optimal,216735.09224000003,0.929243911105551,0.9624289333333333
111,Georgia_only,1562.873729771223,201.68418806367333,237.20488091211408,176.35430615516987,112.19595398528591,217.25093819916026,182.92296872882284,118.42779257972713,316.8327011472695,Optimal,185278.00185000003,0.9242243391034805,0.8572240545454546
112,Georgia_only,1519.4422542833597,218.33722742610954,281.238475214644,131.56306123979343,99.35391977163401,201.21439521973974,208.67367170981672,109.25194319357053,269.8095605080517,Optimal,181599.68368000002,0.928097343630286,0.7992557272727272
113,Georgia_only,1654.5971999632977,199.62787502655772,270.2571078940913,171.79033455901904,119.28707169498105,239.79799347007727,222.17541171907726,112.82401919714705,318.837386402347,Optimal,197812.65456,0.9318117908299374,0.9331869272727272
114,Georgia_only,1893.9938012461203,262.19323123620245,321.5788392702673,203.4047757732761,133.47118438555395,265.2746142063511,210.45006095736105,141.96516975922128,355.65592565788705,Optimal,224043.07856000005,0.9250445428318103,0.9951382181818181
115,Georgia_only,2039.7639704123226,250.61970789600795,343.95926273809414,231.427572939329,138.7082616013216,295.21488166074363,246.73037130305772,136.08083797530216,397.0230742984664,Optimal,246455.644816,0.9005046400680867,1.0
116,Georgia_only,1598.0851420246506,209.74475883583457,303.40675694377256,187.99974338283656,119.17177004177668,230.0264805830033,184.40763006144644,115.38870828185235,247.93929389412824,Optimal,189708.97744,0.9277956418026251,0.8937802545454545
117,Georgia_only,1605.9300452018938,185.97087854901014,305.84758861245507,200.51205241549334,119.58053484725261,230.23051444192603,218.1895201905485,95.53067663418352,250.06827951102457,Optimal,190372.14887699997,0.9405137941796935,0.9786947272727273
118,Georgia_only,1527.5129008451727,209.00776623806402,267.09060948185464,162.3251491872317,113.68180999612062,214.39839440048817,181.45102137679243,115.93260183203503,263.6255483325861,Optimal,182175.39234,0.9241036846359679,0.8317417818181818
119,Georgia_only,1789.0369173013223,246.88442633036206,331.4630421459,212.03486899298005,117.92662962152878,233.7296048258076,199.38772601928568,171.13995904609106,276.470660319367,Optimal,213774.41436,0.9043396166695772,0.9624531454545455
120,Georgia_only,1450.9025741491241,193.58112848858624,260.1628861710432,168.2662461637276,92.49128834144192,201.79992812063267,174.62986149145704,110.0870025913157,249.88423278091975,Optimal,172025.516708,0.924125163115322,0.791613450909091
121,Georgia_only,1468.6238561623259,195.50553517512324,240.66461660868256,186.68582904429678,102.26792895376478,217.42999917578132,167.58171709742567,113.51118797881543,244.97704212843604,Optimal,175056.90639,0.9227091568164071,0.8300645090909091
122,Georgia_only,1691.706547360749,220.65383551659247,279.7600743368479,193.94128867567454,114.12316878569725,271.39249450572953,234.39869424561508,124.46908387420736,252.967907420385,Optimal,206079.10554000002,0.9264239489083171,0.9862966363636364
123,Georgia_only,1404.642962887214,171.8122087511974,238.88208113467365,170.68278221421124,93.25594202491786,229.48924152141672,183.6712932564181,83.40626157096925,233.44315241340982,Optimal,167920.748364,0.9406210168057412,0.8138363854545454
124,Georgia_only,1222.5784521473329,146.79358174299645,199.73061873385814,132.34024444807415,85.10520913978623,169.04257376837143,149.131255781649,102.17257456486047,238.26239396773707,Optimal,146032.670144,0.9164286079409648,0.6665031072727272
125,Georgia_only,1368.5445828435832,207.2497768793962,207.28197240217608,149.79841270891077,118.30515400439116,162.38010424823946,193.64242609361528,89.60388254596454,240.28285396088975,Optimal,163063.311993,0.9345261426139272,0.8395381636363637
126,Georgia_only,1568.270338092943,238.5118258475417,247.47763158707573,177.6852840379667,119.05835949859198,218.0842026074767,185.39556646912024,111.1623593330606,270.8951087121092,Optimal,186584.26406000002,0.9291178597255627,0.8766167454545455
127,Georgia_only,1676.2749115055592,203.73479062509392,285.40047168568265,205.53895334270746,122.31759844157601,244.19249524842988,223.50281886017365,116.01897124275432,275.5688120591414,Optimal,200669.8017306,0.929976675842428,1.0
128,Georgia_only,1723.7601317191884,191.95899890378047,320.8623672419154,194.5597408485462,104.72637926186286,244.80329887787047,217.78746826528308,128.4091030283886,320.6527752915412,Optimal,204171.16433,0.9255064034976144,0.9401337999999999
129,Georgia_only,1465.9638715211295,184.067145259086,247.93355819386093,159.2037778213649,101.86476091088217,225.8537444020854,197.8686571749264,104.4965980232481,244.67562973567556,Optimal,176978.03483000002,0.9287181672405743,0.8344312727272728
130,Georgia_only,1612.1004860470864,201.81420944505416,254.977120700762,185.7788334613445,114.80917422046981,211.8468920757003,230.4940516568262,128.2936783885675,284.0865260983619,Optimal,194059.66547,0.9204183069495464,0.9656037272727273
131,Georgia_only,1675.9126571804543,218.88656774543813,276.00325396659616,201.7781888276046,136.13363501897936,232.5796274540768,216.9893279883639,125.88657864233012,267.65547753706517,Optimal,201631.9722718,0.9219603022746479,1.000000018181818
132,Georgia_only,1449.1735258787116,200.4346829964928,208.65746381227098,194.60833005854676,110.95725305006589,207.2691052144865,184.01144098404137,121.17520475246849,222.06004501033885,Optimal,175344.37047,0.9163832324322674,0.8901400363636364
133,Georgia_only,1363.0488303797274,171.89534885684145,237.03356872091956,146.68236807001844,102.95570937555902,205.5428355318669,168.22691161207067,119.0112525131613,211.70083569929017,Optimal,165724.10176000002,0.9126874711109415,0.7597545272727272
134,Georgia_only,1381.1184642240387,187.29005484393656,235.56344705733173,167.1741623375721,94.19459296418373,180.7424419552537,169.10032198693676,93.58782608162778,253.46561699719626,Optimal,162136.165584,0.9322376511151635,0.7826710418181818
135,Georgia_only,1600.9269473526679,210.7907627250335,276.2241199212122,192.6739834065297,118.74854566977523,234.74944548199056,210.96837796259763,103.05543692508374,253.71627526044531,Optimal,191178.29572,0.9356276515158404,0.9498016545454545
136,Georgia_only,1273.8059811428523,175.71812275128914,212.72740573053733,157.91826522246873,99.94977628106174,165.646702957047,154.21105375299223,91.55911060127104,216.07554384618507,Optimal,150646.478887,0.9281216162443311,0.74923472
137,Georgia_only,1496.856405218935,185.65283199995594,279.16994474888276,156.45825322525525,93.32827446087956,248.74982967038667,182.89083828753223,109.46910638912343,241.13732643691912,Optimal,180395.65754399996,0.9268673261929065,0.7928584444444444
138,Georgia_only,1419.4586739330086,171.04831462960865,227.80749437171963,174.56678523737418,103.44046713445607,192.6895560900385,192.02010254928203,110.57571292384993,247.3102409966797,Optimal,170115.49184000003,0.9221000822611991,0.8545952000000001
139,Georgia_only,1635.2122748601398,217.8806677224325,313.1309314910184,186.85960803031662,130.49934056663767,239.87251310382715,214.2134692727765,98.03081481063896,234.72492986249202,Optimal,195064.84284499998,0.940050098469005,0.9664953090909091
140,Georgia_only,1558.715679245294,172.57374897711773,256.2509239107802,197.69415180141962,106.00308930718376,238.9967760051373,178.15346738341094,107.83687602981432,301.20664583043026,Optimal,184067.48479000002,0.9308168444821784,0.8760922
141,Georgia_only,1722.0704395198627,215.42186958423517,330.8696504621609,211.7629209586971,106.49496230519019,265.2626359536766,196.77198556009867,116.05037786630243,279.4360368295017,Optimal,203333.25506999998,0.9326099752619763,0.9364179454545454
142,Georgia_only,1832.9304530709846,203.79124357890194,318.2671036509652,213.7145551601258,137.46749378680116,248.22727398926662,252.23571852795132,118.04687064503347,341.1801937319391,Optimal,221659.87655699998,0.9064532684348694,1.0
143,Georgia_only,1648.9898391476352,184.55260045130473,294.83530619377234,192.11424743527192,113.81684239746188,219.13280578340965,207.2495275469482,102.09874608433809,335.1897632551283,Optimal,192351.75063999998,0.9380840701841983,0.9330556727272726
144,Georgia_only,1498.2906912855874,171.35931381740687,273.7082861108974,172.53687153555137,109.3035402631493,236.73047874793016,177.4478280428053,91.60215113881756,265.6022216290295,Optimal,177439.52819100002,0.9388622302612123,0.8350695272727272
145,Georgia_only,1672.9839585931259,214.7893284683405,260.7261707621377,223.2916225986191,130.60071560651252,214.94017761904837,239.9287499221856,106.74707132935599,281.96012228692615,Optimal,202459.75576800003,0.9100002377071539,1.0
146,Georgia_only,1412.5122017279407,171.84704208681623,224.69385250763347,153.12793236523518,109.40182584774114,209.60136410491498,195.05098938351372,113.50369547567755,235.28549995640844,Optimal,172054.26645,0.9196440911525645,0.8319650000000001
147,Georgia_only,1757.9928380496224,218.00621278015817,326.70714588774626,200.9051791586081,131.77246855928615,254.16032017399843,229.62207455086198,96.01021385168723,300.809223087276,Optimal,208416.38550600002,0.9383900003996687,1.0
148,Georgia_only,1590.8867905881677,210.48885689948824,264.7981497150476,178.3416039518864,121.248564056907,252.99491000122995,180.22980254718848,118.87053920844461,263.9143642079755,Optimal,191257.43706999999,0.9252803208302334,0.8723999272727273
149,Georgia_only,1405.576042585803,193.81435039498785,240.4347651310731,155.08165938142318,95.86446280464868,212.96523089637165,186.16524424091148,92.8223836688312,228.4279460675559,Optimal,168625.136612,0.9339613249134214,0.7947479327272727
150,Georgia_only,1595.6508818384507,209.55430670389583,241.5747060656991,187.8221996782828,102.9538889544975,293.7130060946864,183.16142339655116,103.303259191672,273.5680917531659,Optimal,192597.302,0.9352594900211326,0.8617045636363636
151,Georgia_only,1546.2363452050213,203.41410343033263,298.95839115089615,160.12194488655996,105.84451056950199,197.56452613291086,187.2562140044002,120.04509615730694,273.03155887311254,Optimal,182665.93233,0.9223630297028724,0.8240412
152,Georgia_only,1504.1507714764987,218.52200884371572,280.39084511926256,174.7139554172666,97.37679066384266,209.39607820714423,172.90627865566427,108.99153427162138,241.85328029798137,Optimal,177682.80399600003,0.9275394976731548,0.8090855109090909
153,Georgia_only,1343.010530305123,179.79959976160697,222.74997778213265,162.27425917166053,89.82092375952698,185.5695543690909,183.23238393746848,94.65281635007031,224.91101517356614,Optimal,160343.83452,0.9295219105366073,0.7915046618181818
154,Georgia_only,2199.5729378958144,277.89903697416156,383.2772194329046,298.8009775731948,144.87487739833833,282.99201337792584,244.92482100087514,165.6268673907012,401.17712474771304,Infeasible,,,
155,Georgia_only,1783.9533069980391,192.77265667935123,325.4261474402591,221.14334483182978,121.43143233446379,246.03768620990743,236.14053987997045,127.20440019466257,313.79709942759484,Optimal,213839.45455700002,0.9125987679238007,0.9999999818181818
156,Georgia_only,1425.7341116612638,180.66562532952824,217.14056828718958,174.06953520821753,107.6995244659244,202.2671208043105,189.3865397555282,87.41543656069464,267.0897612498707,Optimal,169160.635937,0.938687423590218,0.8566465454545454
157,Georgia_only,1534.5798262665544,198.1247311412308,291.5497705370203,161.1859374797638,122.47762658593027,220.0290829587109,196.13647183810906,114.87097916180345,230.2052265639859,Optimal,184613.71114000003,0.9251449978030655,0.872363709090909
158,Georgia_only,1704.954425019317,218.82675788813467,321.642017349712,189.1737059821562,116.51394919776563,250.749326762964,216.19756269686502,107.44143180314053,284.4096733385788,Optimal,202125.85570000001,0.9369828169934223,0.9488822181818182
159,Georgia_only,1734.6609087630895,230.48168985970563,284.32497769620807,222.13658937239813,107.37751078078377,209.1006229958685,232.5410493142376,131.60271553399187,317.0957532098959,Optimal,205552.999289,0.9171838899249042,1.0
160,Georgia_only,1382.9688309020555,184.63677968730772,217.29356022550013,170.308874885986,88.5991225254572,205.17776416091073,192.40421303429474,87.35596033157783,237.1925560510212,Optimal,165275.640828,0.936834463691364,0.8205676418181819
161,Georgia_only,1706.0794987504858,258.8969759383985,254.37751968248585,203.92295034116145,108.86970666543544,215.37229458948005,260.11941161244073,131.7050531415317,272.8155867795521,Optimal,207942.252579,0.9093728522828356,1.0
162,Georgia_only,1622.35946183799,223.36700785140826,284.4145617410114,233.12304373134074,123.6447839833202,172.54945892188664,203.4868907505915,108.11303211204759,273.66068274638366,Optimal,188717.974208,0.9270397438901181,0.9999999818181818
163,Georgia_only,1633.2956087417372,192.27970144182376,245.4898727233028,209.0603353803018,121.02690997864386,213.22585659513325,219.64889688025144,121.9726421169888,310.5913936252914,Optimal,194228.45112,0.9253211494055856,0.9995202727272726
164,Georgia_only,1389.9022630075397,199.3726374210883,231.38678370017516,183.99505497047528,100.49981435023955,163.2642498728566,185.0679135486539,85.7112889675215,240.60452017652935,Optimal,162398.435199,0.9383328559937205,0.8537504909090909
165,Georgia_only,1529.153121119647,195.73645335372785,234.1330899551336,161.99147394311444,104.02735624915866,220.84239113255794,231.77095202543882,121.51303103909449,259.13837342142125,Optimal,186806.35167,0.9205357269710995,0.9050723272727272
166,Georgia_only,1814.532208945765,203.01915112214206,332.38394712372036,203.32385611220158,132.41651587315934,275.69999473080816,217.4891712958445,140.11110461880727,310.0884680690818,Optimal,217548.8945683,0.9210040812507565,1.000000018181818
167,Georgia_only,2085.4207502014324,253.0210216883471,394.8469571536538,247.35503430234056,128.85649933581192,332.0619085454726,234.5942915223105,115.92141464082148,378.7636230126744,Infeasible,,,
168,Georgia_only,1781.1781520349298,229.25082157933937,296.24720951712317,237.5075176143746,136.04888562464268,237.31492465489598,245.3700378710927,111.88799249886456,287.55076267459674,Infeasible,,,
169,Georgia_only,1359.95208024738,148.05799454480382,218.6688768458191,185.3147155177373,91.83899019588692,194.02036013436884,164.26950820265134,111.76292053448192,246.01871427163087,Optimal,161852.19369000001,0.9178184864961934,0.8025876727272727
170,Georgia_only,1650.1001351367354,212.98561848263097,255.28299097546542,173.57608046731093,130.02584673739648,237.79600130097143,232.57982315312572,87.16013602138138,320.69363799845314,Optimal,196247.98174600003,0.9471788812807335,0.974875909090909
171,Georgia_only,1588.0637021046175,242.40449529521305,247.13349061233092,173.88009036926107,115.76626162835672,198.56233359039186,212.8517400884546,101.59698083818368,295.8683096824257,Optimal,187713.08044000002,0.9360246179230886,0.9136328909090909
172,Georgia_only,1635.4399333711146,233.13159594634783,275.14605713220743,193.09827697428852,127.00721741366777,201.15296942768686,209.94896750245817,135.37654316259767,260.57830581186033,Optimal,195572.77720999997,0.9172231760954591,0.9637354
173,Georgia_only,1891.9696859693986,218.71841040172004,320.73794877686856,184.57708911450155,135.81148515103314,271.03553635973924,260.9304821118348,148.15173268817207,352.0070013655291,Optimal,231061.15819600003,0.9051407761443904,1.000000018181818
174,Georgia_only,1662.483955035547,185.11815183806672,318.51490534003517,163.27145478595483,111.26926156330735,250.30547406262735,218.75807980929545,136.33710950932482,278.9095181269354,Optimal,200967.96666000003,0.9179919212918769,0.8969068909090909
175,Georgia_only,1306.4819428729324,168.3737238504375,234.81548073216462,148.54203134509106,110.73839149408192,187.59983376643606,149.92380014100786,100.74616923425931,205.74251230945413,Optimal,156335.44594,0.9228874280103763,0.7440076727272728
176,Georgia_only,1900.642973935611,249.56451220178104,281.48007392225645,240.5346548698345,171.0312036164987,220.88957976530338,265.87210320347486,141.6450273346766,329.62581902178545,Infeasible,,,
177,Georgia_only,1727.7726903666103,222.79235668950724,263.86384308015295,217.10206388164565,102.95711623233291,286.65187143201825,247.10673206062188,104.65314130766879,282.6455656826627,Optimal,209983.57358200004,0.929493589610586,1.0
178,Georgia_only,1813.8445243986919,224.8886180234694,309.8678480443596,201.68032947408946,147.47597894069295,246.9774241689944,235.97411870989478,138.50959029876006,308.4706167384312,Optimal,220482.889057,0.9042696261653101,1.0
179,Georgia_only,1339.4766519180068,164.3372601408058,215.27839894060818,148.45949795720102,87.90300761196555,194.17279870047003,193.65865930419116,104.97251066356056,230.69451859920463,Optimal,162358.635858,0.9216317031224874,0.7818566690909091
180,Georgia_only,1413.725023536416,167.5996402280904,214.8218688862455,145.4083664398389,110.4503821947794,178.71927214220938,185.424628217561,96.67210079082888,314.6287646368625,Optimal,166757.890921,0.9316188778390638,0.8023334181818181
181,Georgia_only,1318.2391125751883,174.57528398110085,220.81671267247532,140.9112018443432,98.17588554258515,193.24232423454762,153.87421355083424,99.2723477948725,237.37114295442933,Optimal,157438.998294,0.9246932019933324,0.7144750836363637
182,Georgia_only,1856.7375256949863,219.78914265184923,360.82471336164434,203.60889943389716,106.51415270671725,273.50936465209816,231.71467019659767,118.8240711003612,341.9525115918213,Optimal,218453.63723,0.9360038325015757,0.9851594909090909
183,Georgia_only,1562.890642772058,216.42509923245024,258.51867227953284,187.31751211623606,116.24698121089811,227.74652362963704,176.3290094693539,119.0734581037635,261.2333867301863,Optimal,186311.64692,0.9238120316845324,0.8725336363636363
184,Georgia_only,1919.8058993863349,262.64724522554536,359.868816519593,206.16411769076527,133.5590960813488,280.8939471226074,222.71596642109287,123.73355067019244,330.22315965518976,Optimal,228018.30544190004,0.927293316771788,1.000000018181818
185,Georgia_only,1563.8220056153543,207.5016231511399,303.1792331655969,173.66269815359138,120.9325049190213,222.70068616695707,199.44339902572426,115.91437983348587,220.4874811998377,Optimal,187739.68903,0.9258775070314078,0.8982519999999999
186,Georgia_only,1465.1319220021455,193.54861713632286,250.64878548732779,151.8468280127783,109.648380575032,189.9899903086433,225.05994651008922,111.9035212762395,232.4858526957125,Optimal,177642.83547999998,0.9236222279225027,0.8846457454545454
187,Georgia_only,1434.8366096868879,206.6159344961106,240.70209091547102,165.5811636684546,102.58188107922761,210.16631868396,161.6429032804261,105.95703408251788,241.58928348072007,Optimal,170775.28532,0.9261539265366181,0.7814653454545455
188,Georgia_only,2130.8393032167173,269.56131588890617,350.80002540109814,270.1997187752422,150.61197655881293,313.8111759076782,252.3167198135964,178.72223875027746,344.8161321211059,Infeasible,,,
189,Georgia_only,1650.3889694667753,238.29027529716316,275.19650374511974,189.13402313748438,125.35108663154377,253.1247698260925,190.80348480574258,120.3754344942301,258.113391529399,Optimal,198095.82426,0.9270623824481405,0.9187065272727273
190,Georgia_only,1578.9880912007413,178.27773709208626,286.42067740282295,198.35462626071174,137.1315065364191,210.16380416148766,174.8696928844364,95.91351793934227,297.856528923435,Optimal,183533.497408,0.939256342884889,0.9279196909090909
191,Georgia_only,1425.7338184098612,170.2357289615042,221.39683863875706,186.06525864225944,88.21348994607673,217.98098249747176,200.38014366217644,96.00663520454773,245.4547408570678,Optimal,171002.400065,0.9326615970175004,0.8630161636363636
192,Georgia_only,1278.6673774505232,174.169084773594,229.298976675068,120.67561284187921,101.7580963404925,202.29449211162063,148.34041814079532,84.7607949585677,217.36990160850578,Optimal,153258.78172499998,0.9337116133990031,0.6741347818181819
193,Georgia_only,1466.6583254172206,188.51244490889576,235.49042733546634,156.2147817334747,111.3485391878555,205.95059847212227,192.3122887671679,105.53534950999777,271.29389550224033,Optimal,175576.37261999998,0.9280436734389389,0.8361374727272727
194,Georgia_only,1608.0558923651538,219.95989889369048,271.85619464404164,196.05822849299895,127.00327362046173,193.7568989510331,221.29370856399308,133.9929055650567,244.13478363387804,Optimal,193146.08122000002,0.9166739707236948,0.9897367454545456
195,Georgia_only,1639.2244603883917,197.11973048934271,284.6604846430486,191.28182692533505,106.14599920120914,258.82389553340545,187.51589991212907,111.9344197935328,301.7422038903889,Optimal,194319.67277999996,0.9317150133534059,0.8817158727272728
196,Georgia_only,1863.2425644560703,236.7008383205344,359.2340464754984,226.3955560263469,118.15904448558382,251.6160393518964,220.87247653275543,131.62332068442282,318.64124257903205,Optimal,219853.43087699998,0.921078233579857,1.0
197,Georgia_only,1726.862879986232,233.52358204508855,285.84318696935213,238.18243236630948,111.42862078529232,247.10157339952778,214.2095715473609,132.73885170824587,263.8350611650549,Optimal,207172.054955,0.9151296367043338,1.0
198,Georgia_only,1747.216630457995,262.4739538358245,276.6755073072558,196.7579663317738,130.30639260903413,237.2530157096601,204.32669751329908,148.819061041985,290.6040361091626,Optimal,209726.63595,0.9148250721383157,0.9661655636363635
199,Georgia_only,1834.8650606208316,231.6634265767192,318.334043633538,234.64153847561715,132.6533749620903,247.54733190296477,226.81551642415545,139.15781841564706,304.0520102300996,Optimal,221511.06186,0.9001189490420498,1.0
200,Georgia_only,1548.1147243225118,164.97550090537126,260.7065417125305,180.49649463621117,109.12289598267358,207.99778330625574,189.27010288611743,115.6757470317205,319.8696578616317,Optimal,182380.41881,0.925279598142745,0.8707081636363637
201,Georgia_only,1353.8053053981148,173.33916008511804,261.9786971669947,163.78243136578658,98.07316248786734,189.2682677094164,178.4310670676104,98.00152920014507,190.93099031517633,Optimal,161850.605301,0.9276103269743832,0.8005212036363636
202,Georgia_only,1591.2341000330673,156.98991665795012,289.4342615146935,184.12636443601755,97.95717526166189,229.7493109840529,243.7163915002308,99.5884465261403,289.6722331523202,Optimal,189833.382927,0.9374143282682305,0.9559998636363637
203,Georgia_only,1575.7464200127963,207.53487191085011,253.6766240905757,178.67951176804254,113.4873512986399,187.30761353198454,224.0827698953061,114.32091192654174,296.65676559085574,Optimal,187012.75826000003,0.9274496717486638,0.9386356909090909
204,Georgia_only,1588.1118634936322,265.2368883495683,222.0160506545114,159.1277103404645,117.15876140122627,276.442643100581,177.959180445851,131.09613319200633,239.07449600942346,Optimal,195488.19632,0.9174515747239377,0.8485506444444445
205,Georgia_only,2047.0850767559239,235.0022199159432,388.6726342699248,247.76259184992267,121.44926136913467,347.57698075486155,208.43757991510705,125.57544979329387,372.60835888773596,Infeasible,,,
206,Georgia_only,1521.3295417835889,178.59226298809102,257.2338503938459,177.09850694695422,109.96609035992918,196.37601458543594,194.20801643366806,112.75263615726878,295.10216391839583,Optimal,179721.97883,0.9258854582870987,0.8750411272727273
207,Georgia_only,1630.5880553415557,186.83705965250059,283.1731829214351,176.91907934171417,134.242956711058,199.0096086200105,223.96911344829553,105.76382549783773,320.673229148704,Optimal,192172.57895999998,0.9351376179930366,0.9729657272727273
208,Georgia_only,1695.4825589985546,226.27885714341483,310.44630301618906,190.254749719565,131.58145243102538,244.74891616619306,238.1630221781168,123.7057755521587,230.30348279189187,Optimal,206344.79849930003,0.9211404456572363,1.0
209,Georgia_only,1574.8940710677311,226.58094858068017,300.1520317754439,174.86686295302763,106.80054207769288,209.17866152875456,207.35019254269884,114.60255883019083,235.36227277924243,Optimal,187713.69514,0.9272315686666887,0.8891228909090909
210,Georgia_only,1697.0451059486886,247.68888652575626,265.3578780287571,191.02735518543847,127.41552892984141,261.5223164772095,209.9417891392778,115.37981021024459,278.7115414521635,Optimal,204020.96095,0.9320113557711311,0.9606994181818181
211,Georgia_only,1612.732031489647,222.3280439662415,283.4348733808145,165.1801380256485,106.10792209040955,252.21577577207015,188.5066404045282,121.03637183271034,273.9222660172241,Optimal,193490.89411000002,0.9249494837788717,0.8421985444444443
212,Georgia_only,1559.9794201436569,193.4783826755645,304.238892752302,176.54831268959418,104.07821721693362,185.03024515086992,203.10432910238444,120.10659175357625,273.39444880243207,Optimal,183605.51231,0.9230075803611588,0.8795106545454545
213,Georgia_only,1789.4824845236842,241.5252498262328,269.5270605555196,203.77902424294496,134.8299476569611,275.001312998184,219.20482352335162,127.12756161355193,318.4875041069382,Optimal,215610.79686539999,0.9245919612565517,1.0
214,Georgia_only,1848.7771398878087,257.33325967613706,331.01443988446715,215.22571519668512,116.69145251315166,231.6233657600748,230.59493184851206,143.4834601604099,322.81051484837093,Optimal,219301.38772999996,0.9156223016164755,1.0
215,Georgia_only,1731.5824453309651,186.5450557302901,249.72119701187302,215.5156941974008,120.01033679799284,211.2030756701928,236.75956426639718,123.57463901768352,388.25288263913484,Optimal,205304.04508500005,0.9157647816745531,1.0
216,Georgia_only,1730.3299047710207,240.4202828748451,304.9933443030078,211.2760037118699,127.69785376118023,223.4526829343915,254.79799378215083,132.61072075803634,235.0810226455389,Infeasible,,,
217,Georgia_only,1468.0585424208014,177.02523390386497,282.8558945653082,170.20062973198247,123.98002839546768,182.24920833525334,172.70550471893117,118.87698970558425,240.1650530644092,Optimal,173838.15009,0.919024344748013,0.8488839272727273
218,Georgia_only,1394.4490092178667,174.89545822300298,227.81985325331644,172.95047869044976,114.53559526013797,174.77931948641069,179.07019945459635,102.56464443251602,247.8334604174365,Optimal,165271.77077,0.9264479098626959,0.8482841454545454
219,Georgia_only,1669.2122041252342,225.43436693253625,280.2679435897235,177.16330998668053,103.10900794876443,238.4819613333216,223.06993624196832,135.69777543350762,285.987902658732,Optimal,201274.2631,0.918705498444191,0.9151677454545455
220,Georgia_only,1958.5367354833652,256.58019378565155,328.4671776824411,238.7377600457905,130.35306586092995,293.3424038326662,210.33038055156547,153.68606201480904,347.0396917095115,Optimal,235006.944216,0.9065081230461707,1.0
221,Georgia_only,1617.7896702247226,212.56689680565702,245.6928889393013,170.056493488057,135.9968464944819,244.34866133449773,197.16669599469594,121.27943485840633,290.68175230962544,Optimal,195259.43987,0.925033870312773,0.9149455272727273
222,Georgia_only,1931.6353719208923,278.43992534667467,346.18253074160435,211.76256693132842,165.4633245302504,274.06707893229816,228.40401292935985,122.53000344866078,304.7859290607157,Optimal,234179.397204,0.9077673226993545,1.0
223,Georgia_only,1726.4233138079062,213.3321662911257,288.67771235639844,197.08482337229054,111.477332408192,238.60752266284837,247.70581852574256,120.24755137571302,309.29038681559547,Optimal,206897.2974793,0.9267181271267383,0.9999999818181818
224,Georgia_only,1307.5983738600312,163.60828146538444,217.94124650952494,119.84131326461925,98.61625445653247,225.0359918288132,167.02161752027973,99.82438541861721,215.70928339626,Optimal,160349.112549,0.9236582181076368,0.7008712436363637
225,Georgia_only,1532.2435901867073,200.75334456380773,230.82284788639754,195.03251655611385,89.46821697019743,223.88442373839615,185.7492881908013,125.79754618361557,280.7354060973777,Optimal,183043.671262,0.9178997752104295,0.8550000490909091
226,Georgia_only,1191.9918142085796,130.59007498514384,200.70763772842278,140.65318868125988,90.70527554151391,185.43194392630798,177.97845096063614,80.63373762789969,185.29150475739542,Optimal,144894.66573399998,0.9323537735348324,0.7442489381818181
227,Georgia_only,1621.8178067336316,202.728336397132,277.3581631641372,175.21239422004936,114.76165337416232,270.9613377534556,178.68739992967153,103.298745294644,298.8097766003797,Optimal,192956.38098999998,0.9363068118350006,0.852111709090909
228,Georgia_only,1855.974548012707,234.83770985076603,281.70771354316014,174.43715608837044,136.69158035508397,235.0703106025558,297.97734570429174,168.31433260353114,326.93839926494763,Infeasible,,,
229,Georgia_only,1739.9577924107753,212.61301646610147,321.54149492862155,191.17225495042257,120.27899153618068,273.8733587809649,229.03692048888507,147.9059245782314,243.53583068136766,Optimal,212544.46962,0.9149945285708075,0.9827057454545455
230,Georgia_only,1560.4125813988126,177.10981252529157,281.1871722031739,164.02493853981926,114.38924763618184,191.64070134389883,192.04437057759492,135.51379327557555,304.5025452972768,Optimal,185112.07148999997,0.9131551533137903,0.8553792
231,Georgia_only,1346.1326385081773,176.1479463690879,245.96345412200017,143.70201620550205,84.50755211440686,201.62809688982065,171.56258769870607,99.71668567892904,222.9042994297246,Optimal,161307.371608,0.925923587575526,0.7268584763636363
232,Georgia_only,1975.753086763047,236.14622330047646,328.29661384035086,242.14599309933308,154.6590200459265,250.46632092849487,294.58470442998964,124.24268650654508,345.21152461193043,Infeasible,,,
233,Georgia_only,1558.2604125510366,185.16617203206948,296.7895333333598,139.70426788086078,102.63214462177879,201.76431540102507,216.9150648911516,128.93025469949717,286.3586596912938,Optimal,186932.00784,0.9172601309045874,0.8350026727272728
234,Georgia_only,1730.5979100189456,188.63083928353237,319.3505427771616,182.3924930391753,126.08598461861547,268.2917414702734,237.86653893648227,150.21025464347164,257.76951525023367,Optimal,212016.09489,0.9132032581633587,0.9933545636363637
235,Georgia_only,1458.3908121955808,162.56568731988116,213.35301495522305,185.2933150811136,106.65511103297351,244.73280960362706,212.2289791352815,105.44331480374063,228.11858026374034,Optimal,178815.18158,0.9276988641769912,0.9166862
236,Georgia_only,1744.8904558133854,211.18566300229065,267.6386268952431,179.30242869625596,127.26824431178824,285.37710265887205,227.50196012166862,142.103286214092,304.5131439131748,Optimal,213473.49378000002,0.918560334065703,0.9710411454545455
237,Georgia_only,1621.2894592319149,257.8018561612274,314.14681553220305,178.0352525826408,100.39051983275954,185.774112559488,204.42674163254546,106.35005713763384,274.36410379341675,Optimal,188781.81954,0.9344040272226908,0.8779136545454546
238,Georgia_only,1692.036459141731,221.1078371721319,316.3748514295485,194.15598206220673,109.38697749223053,217.7458539261679,224.37877909698946,105.64173965169944,303.24443831075655,Optimal,198339.79528999998,0.9375653292983316,0.9598577090909091
239,Georgia_only,1576.9007051406302,219.14854453255464,271.4228343106061,163.81229434101908,109.28454367068794,207.8684963841674,220.70020531912382,116.99400752127835,267.6697790611929,Optimal,189093.81964,0.9258076207593576,0.8978128
240,Georgia_only,1704.8800533341469,226.5378703366906,299.59156758350065,210.1891800874346,137.8047626554228,211.67613833494866,240.00201640925835,103.67893862494286,275.39957930194845,Optimal,204789.64201900002,0.9169003748638618,1.0
241,Georgia_only,1849.6480399190264,242.998580332292,323.1412432267685,205.27669607769897,145.10307353441365,215.98604266974985,219.95386499442535,126.58089518108747,370.6076439025905,Optimal,217122.142305,0.9205716240342364,1.0
242,Georgia_only,1819.88626076318,251.9464462764791,280.5975130966041,252.78944363583267,132.25977154324121,228.1816122024545,287.12271810677004,109.38746436665258,277.6012915351457,Infeasible,,,
243,Georgia_only,1570.4871352664882,181.5038221048742,281.38444832137424,182.94982202003303,112.49208374624534,268.8248048978397,170.0209677165088,127.50691489711845,245.80427156249428,Optimal,189810.44421000002,0.9188105891457352,0.8462961272727273
244,Georgia_only,1968.4979870393427,286.992643458577,398.1276011840764,206.8720982786886,117.31030127880582,272.3500831213649,235.94490555442587,110.48321181312146,340.4171423502825,Optimal,236094.29149299997,0.9095346562649123,1.0
245,Georgia_only,1505.5989498269444,215.86471213541517,274.4171594708006,161.50469629479025,104.19673216219728,202.66508481073117,178.52196844261795,141.52769143477073,226.90090507562118,Optimal,181628.26840000003,0.9059990777469579,0.8076789090909091
246,Georgia_only,1599.7597026642168,227.5567616810534,264.4099443078699,172.02077212200447,100.23884442838298,257.96311279795043,221.28530717517742,119.99610076185319,236.28885938992488,Optimal,195358.03256000002,0.9249911643202557,0.8973544
247,Georgia_only,1620.639559095393,221.7626171943567,277.8142630835355,166.9375786291316,119.05935513467404,219.5002531138934,217.25690660544714,120.49694724749423,277.81163808686046,Optimal,194346.62493,0.9256485265837568,0.915007
248,Georgia_only,1763.5675280232585,222.36409010251316,314.6660468282885,207.46825439722258,137.5450898234272,225.85104423656202,216.24037906349417,136.36483789057755,303.06778568117335,Optimal,209995.943293,0.9162954887308904,1.0
249,Georgia_only,1969.5683739813805,247.1075329928164,292.51424994977435,222.6425068739827,124.18396810237596,280.42891874177536,276.07588167335217,142.12004735207472,384.4952682952288,Infeasible,,,
250,Georgia_only,1380.4023400492786,166.1221092311679,227.83193123942385,149.8670413403085,101.19190249748867,187.93765042063458,196.01111018296407,107.58163807914656,243.8589570581445,Optimal,166415.26997,0.9220650118244234,0.8128546363636364
251,Georgia_only,1508.7979849027165,195.63190199168278,264.174148353125,170.56270013951672,103.20440216598696,236.72318612478162,175.32815447810614,99.19038184828977,263.9831098012275,Optimal,179255.226942,0.934258670878917,0.8165368181818182
252,Georgia_only,1624.1002597709985,235.34621272082157,280.0810198086176,168.4340502034052,106.08631385518174,229.95673147907195,233.93433110326077,129.96142510831976,240.3001754923199,Optimal,197645.61843000003,0.9199794292322057,0.9244630727272728
253,Georgia_only,1767.2770872764222,214.3018881904957,259.71369620959797,239.22459481686514,123.31197103975899,260.91910289185955,279.46048748772694,113.31933030302612,277.0260163370918,Infeasible,,,
254,Georgia_only,1869.1843154619155,208.69070212689527,319.48138246004123,212.39735411368127,145.5983492375602,275.2060154033127,217.08790689560075,145.62842260598185,345.0941826188422,Optimal,225170.09240999998,0.9086703039128976,1.0
255,Georgia_only,1372.5936873298806,172.23125235385217,233.39206139873772,146.18915131936646,114.01139494082206,198.46139948362483,179.43900860520716,92.39345526178971,236.47596396648046,Optimal,164518.53394499997,0.9326869501275251,0.7993446363636363
256,Georgia_only,1733.0134750685786,256.22162226670395,269.6584903654203,191.4181289214012,140.7502992137275,251.3288551944982,224.95266455672032,121.19224373587097,277.4911708142363,Optimal,209538.59428770002,0.925959412944841,1.0
257,Georgia_only,1618.035349154702,199.18231074022313,309.19359137606625,182.69057977377702,104.370174717121,246.40802406288657,236.7163199964837,106.79246527950819,232.68188320863615,Optimal,195189.63518,0.9339986736318876,0.9523219454545454
258,Georgia_only,1542.426512860696,170.68695514649414,306.94422029455217,151.14878710559708,105.03210210391948,251.5231087884423,213.13876687266836,103.09690688971818,240.85566565930438,Optimal,186519.97295999998,0.9331592837642002,0.8533084727272727
259,Georgia_only,1651.1641658548806,196.47861897215196,311.65321030032527,176.14712181468767,97.68866052957489,246.78239357786123,223.23441898936844,109.3007075489363,289.8790341219749,Optimal,196632.738686,0.9338038475427483,0.9037640018181818
260,Georgia_only,1504.3558147747285,182.5754690575952,272.4399051718263,163.30059088987485,107.40870997701916,208.36975932944353,212.96502216170705,116.59485583500374,240.70150235225864,Optimal,181473.84545,0.9224951612978688,0.8794078545454546
261,Georgia_only,1542.865649470222,186.8795116014801,261.0866007363639,167.36455062012104,83.28489280053135,236.22489633209938,223.1768396157759,121.67163440056771,263.1767233632826,Optimal,187189.36041800003,0.921139188942342,0.8615023327272727
262,Georgia_only,1676.9441903485,205.30530173391475,297.81048302363735,174.00280871301956,123.2613319713532,211.09507103799396,232.39477891136178,117.52782568842215,315.5465892687972,Optimal,198927.59123999998,0.9299154789855735,0.9630162181818182
263,Georgia_only,1625.617394661272,199.341659522136,302.77526754012337,164.9846869922353,112.92278476261829,219.77015692337588,224.83648649503297,115.08120133273111,285.90515109301924,Optimal,193938.65178000001,0.92920769977043,0.9140799272727274
264,Georgia_only,1669.0330794940216,170.82751242296445,262.5170816938694,194.23637713884514,132.7844080528543,254.1399723975483,246.24882603241932,117.3682988091299,290.9106029463908,Optimal,204590.77344100003,0.9157368890875087,1.0
265,Georgia_only,1456.250710794099,186.63814111756028,239.2184809475156,164.12491230515192,106.26175173436728,202.9468258295741,195.46794132539168,90.29560761281569,271.29704992172236,Optimal,172701.411778,0.9379944606208225,0.8470083636363637
266,Georgia_only,1642.5076101458494,218.12915814239597,265.54832959479364,176.2422503186962,127.85718595137392,228.23473074559763,254.45383273435735,100.69196886942187,271.35015378921275,Optimal,198902.776049,0.933488746431958,1.0
267,Georgia_only,1358.463180285394,169.23816406162913,225.57762774425234,155.10854660083672,109.99984779347014,181.44499442653384,194.60709141608112,88.06771396889913,234.4191942736916,Optimal,162345.316994,0.9351710656840238,0.8358463454545454
268,Georgia_only,1896.8263031795084,244.9132359998716,320.4126947997697,221.3903177281287,137.62196838437137,276.6797804229945,269.09541887996767,117.10460895730377,309.60827800710115,Infeasible,,,
269,Georgia_only,1737.1897842280175,235.42912415921685,307.9488027018533,221.2550930218485,115.41790421277454,212.05256176895404,248.06340342720745,121.3378388422801,275.68505609388274,Optimal,208760.282631,0.9101570504011599,0.9999999818181818
270,Georgia_only,1608.6611174649106,196.97309232949644,303.26215309374635,199.84226359569118,117.88167568264119,241.2279236027149,206.34623610102685,126.61601262820945,216.51176043138423,Optimal,194164.64928,0.9212910562142231,0.9528548727272729
271,Georgia_only,1387.2420579763914,181.61811765543342,233.27863903238682,147.38742890994814,107.7818710390339,183.72157431846063,186.35163656952577,102.56959945578133,244.53319099582143,Optimal,166034.24107000002,0.9260622200814669,0.8027653454545455
272,Georgia_only,1476.5861335126378,185.0236685841229,284.34152828639645,177.03892299405135,115.38767200617943,207.9198421142433,159.10621584459946,100.01966644097821,247.74861724206673,Optimal,173244.14522,0.9322628993713346,0.8209687454545455
273,Georgia_only,1829.1899567052685,261.50803164940453,324.7436810186841,190.45840203705052,131.35816364682458,252.66309875450696,227.81155721540358,114.63242839195713,326.01459399143715,Optimal,216102.23652,0.9373315842430361,0.9993238545454545
274,Georgia_only,1566.313829587014,221.44465618586182,235.39241035186154,162.26865197503156,163.46110761998455,207.90682444222819,210.2911071384861,118.59607170647341,246.9530001670867,Optimal,190508.43406,0.9242833285726119,0.9745834000000001
275,Georgia_only,1901.3331017603864,241.99510349205934,329.6757449916519,259.70207322486124,125.03463097328482,257.77211562286857,235.3157487705624,117.96974545957495,333.8679392255232,Optimal,228138.739273,0.9011103306483739,1.0
276,Georgia_only,1773.0665336070338,218.84335084675797,305.9094957425581,208.26401071077842,123.4835317317349,233.04710301749455,242.7581910904599,111.338057162111,329.422793305139,Optimal,211128.970984,0.9233848301616294,1.0
277,Georgia_only,1703.1015395285558,217.00131918664104,321.7453603017648,142.47411832038432,109.55321941382103,214.51696701173,238.45051593433644,107.22766139670969,352.1323779631686,Optimal,200493.1216,0.9370397788741134,0.8917779272727273
278,Georgia_only,1298.733510558548,182.1588407272831,225.64893090093665,164.4578819409055,92.35385678003207,186.82751831266745,146.59089784614966,98.78632706473307,201.90925698584041,Optimal,154404.890619,0.9239364174748499,0.73345934
279,Georgia_only,1394.6340520413296,181.3518207940583,236.81969112898034,177.09350250564114,87.23906931590022,208.3488038280236,185.67575736582714,96.90470908480233,221.2006980180964,Optimal,166816.480893,0.9305160282731588,0.8181969618181818
280,Georgia_only,1603.9738978626217,222.1178602014995,261.155509150749,196.7150073584794,109.90782615574881,268.4459592647714,203.8715018113198,110.99316795061192,230.76706596944177,Optimal,194395.86027,0.9308011445756532,0.9281715272727273
281,Georgia_only,1365.6873612448537,184.58916771012795,231.5835471209298,162.4464224488952,92.18088237230575,194.478246110289,166.9399445345047,101.67046120443568,231.79868974336554,Optimal,162618.720672,0.92555363538535,0.7664858945454545
282,Georgia_only,1936.7504911774067,230.52890072294392,368.2444564630163,197.54207931571133,130.95635115544334,252.2422869244482,280.10027840589515,143.32234162871472,333.81379656123363,Infeasible,,,
283,Georgia_only,1686.576224185334,188.24182779567076,321.86675714759787,214.29083663435614,116.15757181159732,233.42267658284794,223.87275771659046,114.53176348815933,274.19203300851416,Optimal,199958.8995662,0.9295300606749964,1.0
284,Georgia_only,1516.1217195843474,188.4531195619988,248.02124450668785,186.53905128381925,104.88054156434762,207.67251875567501,183.23254900195806,93.28898216878859,304.0337127410721,Optimal,177129.933852,0.9384686675355306,0.863003890909091
285,Georgia_only,1735.4977554542158,235.15114396976023,272.6723032149132,221.74219411470665,121.54833625314852,277.0512651382233,215.34492603021965,119.26229879332163,272.7252879399227,Optimal,209306.8374264,0.9263048568906144,1.0
286,Georgia_only,1669.3019455386702,211.23386723141755,319.7115570599049,214.14551090985915,115.77810887897822,259.23418543391676,157.38615156062954,109.47011380934238,282.3424506546216,Optimal,194826.17343999998,0.9344216270572038,0.8860177636363635
287,Georgia_only,1827.7404177055087,233.63055634500316,296.93335292194104,190.09009756481825,114.85468520395595,300.9630546166388,250.5487557082364,141.80062290849978,298.9192924364154,Optimal,223860.87196350002,0.9194118835045422,1.000000018181818
288,Georgia_only,1453.4527201867813,205.35522350883286,258.3956110717231,170.4907530302875,107.6623096030012,202.62100186263817,178.06173566406528,105.3454276971797,225.52065774905347,Optimal,173211.29797999997,0.9275205662188698,0.8294814545454545
289,Georgia_only,1602.9014817817826,236.6065997798293,268.613070348519,161.09878377005225,125.7272725874183,247.58340904373668,218.02167264533352,105.77501050831863,239.475663098575,Optimal,194576.97908,0.9340102788699134,0.9179049454545454
290,Georgia_only,1813.7314895433215,237.99125602627905,341.0389580352535,214.65170026361062,140.81431045092106,237.79492620949637,232.59617304180244,117.98432254965587,290.8598429663025,Optimal,217364.016044,0.9139638361891085,1.0
291,Georgia_only,1463.5411129118058,159.35937152226518,243.0771638739433,158.05528459243763,94.19891320295568,209.32611706109446,190.69641835850035,97.54685071189982,311.28099358870946,Optimal,172877.072299,0.9333487395391781,0.8053647509090909
292,Georgia_only,1748.7175403799733,246.33815159776856,284.11619021863777,214.03005333004606,132.0671339288468,220.9749503390793,205.6793785389622,163.73922999306393,281.77245243356884,Optimal,209928.91490580002,0.9053501743088773,0.9999999818181818
293,Georgia_only,1671.7397175964172,210.59666235092635,311.7578310490413,173.15087883829085,108.10348996916127,267.78903561448874,219.47935123999434,93.30336379597433,287.55910473854,Optimal,199017.241134,0.9441878621328885,0.9104249454545454
294,Georgia_only,1550.0330345251332,216.06706508411253,277.08089567669896,185.11155781909042,112.7848257875842,230.1956072024747,179.3357357954617,103.05320266213296,246.40414449757768,Optimal,183824.66556,0.9335154914574421,0.8676947818181818
295,Georgia_only,1446.598429116643,193.9166112938056,266.1455406459854,169.39264184327197,93.75574878621408,188.71737859048835,171.5055075564631,111.2862821512847,251.87871824912992,Optimal,170489.986504,0.9230703712400686,0.7902798163636363
296,Georgia_only,1758.0933616235918,221.32939195808672,317.8972724425401,191.09272736164374,117.57765112313716,266.785336187661,235.81302405790413,128.70737998098588,278.8905785116331,Optimal,211940.80041,0.9267914978617909,0.9899698181818181
297,Georgia_only,1658.375480082884,203.1630397636945,305.3822882350053,196.3037076721533,101.84325720179422,241.61014973756122,196.8631759776585,135.3494128688464,277.86044862617047,Optimal,197686.33054999998,0.9183843455788919,0.9000184545454546
298,Georgia_only,1465.4138952628036,187.11311623510946,223.6225986981735,196.7689277754697,133.82276444204192,182.13501938485862,190.03117805193673,107.07615587194309,244.84413480327055,Optimal,174351.00713,0.9269311178166487,0.9465870363636364
299,Georgia_only,1910.8577458260752,262.22852652759923,301.15351957884627,253.10834443615516,129.01941115574834,251.04759771255476,238.04335327042133,119.3526429325483,356.9043502122018,Optimal,229460.64058899996,0.9008174437683517,0.9999999818181818
300,Georgia_only,1650.3608811645004,210.37419368258463,285.2918296541498,176.94203065018252,124.31848347853966,212.8056139421391,218.0445528176142,114.99345478231736,307.5907221569731,Optimal,195579.87701999999,0.9303222268069268,0.944191018181818
301,Georgia_only,1742.4949057090514,246.08313628912273,299.5857349419522,188.3364908631633,122.63626082972185,252.31362430486075,238.83370003624412,119.3871392972074,275.31881914677905,Optimal,209573.54983,0.9314849384535383,0.999648090909091
302,Georgia_only,1735.5362724607585,238.8753054854969,335.28334938502303,200.6572850297838,104.92527243567666,266.74183576537615,191.61639681652053,107.25590359180987,290.18092395107146,Optimal,203758.32523000002,0.9382001435736725,0.9343338888888888
303,Georgia_only,1447.6970353251058,193.41812264344756,236.7501619104464,165.1436195544735,91.3370660085242,215.87283706329623,187.9166713594802,95.63766814643914,261.6208886389986,Optimal,172431.06735400003,0.933938063702929,0.8079951927272727
304,Georgia_only,1211.981905261109,162.86495116228392,207.18632134582222,128.94774728866625,88.82112040547409,183.4662595302376,145.9105769494846,86.22419910483225,208.56072947430798,Optimal,145071.309579,0.9288568625597321,0.6612353636363637
305,Georgia_only,1680.673890397482,240.97312514601467,271.3189412516372,216.1379158708,103.93847023558355,244.0678296490742,179.47700266998973,119.27109225825825,305.48951331612443,Optimal,197428.68983999998,0.9290337696807593,0.908278890909091
306,Georgia_only,1942.9162682251356,252.13165421536354,310.401402721651,247.1220341223481,139.95833587056498,281.52183756319766,274.9852607517189,155.4779728532706,281.3177701270209,Infeasible,,,
307,Georgia_only,1510.0028968892318,205.66203628764123,246.80507778328732,155.66414756322558,113.68170798169902,218.51640477316383,191.59887289434843,112.88282084450456,265.1918287613619,Optimal,181544.83438999997,0.9252433110414673,0.8380813272727272
308,Georgia_only,1665.2899172642824,240.36472035382928,272.91148405736305,220.24318611194388,129.1664054531202,251.2873609275148,190.8767447084618,110.75805715397401,249.68195849807532,Optimal,198197.00033999997,0.9334902252658598,0.9823388
309,Georgia_only,1668.8489572163799,212.21505424658685,297.7214063607953,195.7377389280365,120.69953992725391,229.05815107998095,193.83496945514733,113.56224472646569,306.0198524921133,Optimal,196057.67802,0.9319517522989016,0.9277677272727273
310,Georgia_only,1576.3064722676168,200.40254367229878,293.18204144702145,188.16234788947142,96.64680005907057,222.21597430391418,184.7864965665936,111.39980363651738,279.5104646927293,Optimal,185346.43806,0.9293285828438164,0.8538102727272727
311,Georgia_only,1735.1460761707992,254.68786504973517,273.4887974447715,186.11837296973837,126.88439692537754,263.8074281588966,194.51666877347526,128.32233323766602,307.3202136111388,Optimal,207619.05238,0.9260452316187769,0.9227626181818183
312,Georgia_only,1541.4574114276552,196.28603158403774,289.63745472795296,187.28229878151953,116.74204558223833,208.4844243516027,169.94125236979824,111.10727125011162,261.97663278039414,Optimal,181026.39885000003,0.9279206284883664,0.8617556363636364
313,Georgia_only,1686.7740169701813,198.75686948228193,304.8090107345344,198.68317804728105,110.69005799780214,262.0137605754742,207.31553668802698,111.1743879922365,293.3312154525441,Optimal,200345.48825999998,0.9340905326666846,0.9394341454545454
314,Georgia_only,1559.6615345423984,186.93148861178494,290.3083152247332,181.73489609837475,105.38702477472508,190.79726946622378,213.553898986791,114.81971843636168,276.12892294340395,Optimal,184229.5764,0.9263816462742434,0.9103196727272728
315,Georgia_only,1831.6697146206,183.339524251496,356.026100736981,239.60652561283348,118.46374759336709,289.23202746807226,216.84986112248518,117.72648321620838,310.4254446191566,Optimal,218008.488914,0.9221220870324065,1.000000018181818
316,Georgia_only,2003.4637071456416,255.09873409131836,329.6894445373452,238.95343831379796,128.43815264240527,317.53749100373085,287.88064886524285,142.68198804737514,303.183809644426,Infeasible,,,
317,Georgia_only,1859.8590462617826,234.95395155925343,324.39724892709006,227.19166626809582,132.3933151878545,231.6035568133832,264.79407971743825,130.32886205410398,314.1963657345633,Infeasible,,,
318,Georgia_only,1729.2605566774816,224.84282341732796,313.15716896654584,197.58939768522063,118.94755544107063,229.19438899985724,207.07804741183853,117.63949977142423,320.8116749841966,Optimal,202803.23582000003,0.9319712138097289,0.9520272909090909
319,Georgia_only,1588.761823412224,195.96220000208857,261.544737986356,185.7930131412309,117.46506038702124,268.2272525589048,172.38376085320223,107.60292851053765,279.7828699728826,Optimal,189860.10220000002,0.9322724578180495,0.8648033272727274
320,Georgia_only,1331.4434256916363,206.09570399011406,228.2126406567345,142.17003445613358,106.00596818022876,154.4339274765431,176.87275443804953,87.11856806236594,230.53382843146693,Optimal,157040.382378,0.9345683233620073,0.772815909090909
321,Georgia_only,1759.9530706262335,230.29884397558317,295.57996966935457,232.98648788453033,118.93006443551101,228.44427983102997,240.50392582872058,117.42590488117551,295.7835941203285,Optimal,211581.723038,0.9091757653689275,1.0
322,Georgia_only,1110.0933670832192,144.64980016422655,182.94702488537277,117.65048281778009,71.92112645653606,168.11814676122006,112.71071668157757,105.22712353744735,206.86894577905866,Optimal,133338.08426600002,0.9052087651332389,0.5507944111111112
323,Georgia_only,1711.1409263716805,257.1697715831319,291.44364748117073,172.8491345741329,130.92445073989617,200.62867865396498,225.8126303140664,133.1827805284853,299.12983249683225,Optimal,203764.35921999998,0.9221672602653,0.9628840181818182
324,Georgia_only,1403.810872446308,180.9299774688155,233.4508543980902,146.29046496543535,78.14872449357237,174.93402047914643,168.5992993470758,110.20772099703908,311.2498102971332,Optimal,164300.46810399997,0.9214938916563185,0.7146154254545454
325,Georgia_only,1843.5761232620687,206.34960765278902,285.424078361075,221.1482767807816,131.892888377178,257.9717225552049,228.65332243887357,139.84578559174605,372.2904415044205,Optimal,221576.46159800002,0.9069524327758482,1.0
326,Georgia_only,1600.3704653802945,208.42036192141535,287.6668487654516,174.10878013435376,91.52659326935897,239.4662805762719,190.62747394966974,130.00236983587595,278.55175692789715,Optimal,191333.27164800002,0.9187673259457446,0.8295688054545454
327,Georgia_only,1886.0172466182319,218.48237053760917,355.40655839620933,179.7406677241767,145.24778323282305,258.293656413215,261.439886589211,127.59525562408663,339.8110681009009,Optimal,228292.985788,0.9130317673858294,1.0
328,Georgia_only,1845.7708068299894,223.92198709509225,300.345112222379,226.6127855631165,113.18976009368743,275.5265374318167,208.0067181941706,135.08314685804996,363.084759371677,Optimal,217756.9199,0.9268147831084255,0.9960168545454545
329,Georgia_only,1452.0904857033684,152.51810769542544,256.45193472379015,156.9511514567645,99.7285378814292,203.42975717260344,179.3802329204176,121.2919340616635,282.3388297912744,Optimal,173238.356358,0.9164708130123059,0.7928362145454546
330,Georgia_only,1755.773132063055,289.98887435691387,284.07377437522405,159.36033066429178,156.5221097662123,262.18145950377954,228.84861235405967,106.75653935165737,268.0414316909164,Optimal,212432.52242,0.9391968414862262,0.9904200909090909
331,Georgia_only,1753.9852028564603,216.50092839245352,236.11149444905604,177.69667360566842,135.5086658421067,277.3102067620625,224.37635707828164,161.98797848972475,324.4928982371068,Optimal,215971.70026999997,0.9076457585886961,0.9774212727272726
332,Georgia_only,1925.6194167231126,280.64055002742055,355.8649153308544,190.95582090871778,116.27088535435973,253.4004021138138,252.03828919897657,136.4648041056308,339.983749683339,Optimal,228972.0588805,0.9243205612399227,1.0
333,Georgia_only,1560.1118945475469,214.53977317298146,301.0137531921746,181.94982041450564,110.40261686662365,174.85379079117865,223.17153270811465,105.17216257258276,249.00844482938547,Optimal,183676.85595,0.932586774759481,0.937316309090909
334,Georgia_only,1820.6824660518546,245.01801715699492,318.9920506574139,218.54790553411178,111.3072929179445,242.72480136529225,211.5553343062223,147.62650250254623,324.91056161132866,Optimal,215096.08695,0.918916939771501,0.9843827818181818
335,Georgia_only,1600.0119469866083,217.55902261608358,276.85036688886936,175.70349753958556,116.4225323758663,241.9530411323154,197.178509642975,98.05112703920722,276.29384975170586,Optimal,190149.19543700002,0.9387185032141332,0.8896446181818182
336,Georgia_only,1511.0576583640643,177.99895390998915,246.45331180060163,173.05058326542752,111.19024046143976,234.59066499936952,195.4031905940213,115.99149097131983,256.37922236189553,Optimal,182722.47988,0.923238198276536,0.8720800181818181
337,Georgia_only,1709.318998100955,225.33585381869125,305.4798818820488,222.1196788746366,116.88780561627155,205.06341417054028,214.7549291553154,130.37843397429364,289.29900060915753,Optimal,201224.21582359998,0.9215238067031462,1.000000018181818
338,Georgia_only,1561.505362025351,178.08563330543473,259.51073725798466,198.46623815940856,127.04256436019635,218.0769896308055,219.4734805785761,109.46917366803767,251.3805450649073,Optimal,187473.82988,0.9298951033486279,0.9908768727272727
339,Georgia_only,1645.0715616526759,210.92927838523855,286.3287494076237,197.3623006020163,135.60476010098233,252.15781832240367,199.08558254444844,125.96472159617113,237.63835069379175,Optimal,198706.11855999997,0.9234290321533922,0.9673684363636363
340,Georgia_only,1724.7830187904308,230.01301182890978,295.4165229477007,199.90236705427833,139.2130242879056,213.59342218670218,224.13885605421143,113.939500235391,308.56631419533187,Optimal,204460.19850700002,0.9262552115803934,1.0
341,Georgia_only,1714.7238431262083,224.2337148410938,322.737649725446,196.3284955019895,112.81084646907429,222.08796802473262,193.46122605312058,127.80497876369687,315.2589637470546,Optimal,200639.77730999998,0.9254661480106328,0.9138192363636364
342,Georgia_only,1443.9843721666107,166.89262692611575,250.2894633153558,185.6574355814979,101.07092794968231,182.69140661441247,191.3003606544934,90.60250770298894,275.479643422064,Optimal,168720.98764799998,0.9372552058644049,0.8691431454545454
343,Georgia_only,1517.284516710914,198.07347849091053,298.85517249466955,159.8178506006264,88.23770529694261,218.13968624920162,206.3363572476502,94.8095685080265,253.01469782288655,Optimal,179845.521489,0.9375136563599574,0.8261671181818182
344,Georgia_only,1583.5483062575613,198.49840227305427,248.17437068880835,229.65136068587202,107.12193247851292,224.0819860605051,188.58029752434382,84.42822594270613,303.0117306037586,Optimal,183678.231166,0.9466841485517468,0.9551883454545456
345,Georgia_only,1171.0842598546956,171.18086278643872,174.61406009616087,115.97372099338862,82.13483469210553,206.84911978965036,154.31548388379812,81.4611570250648,184.55502058808867,Optimal,143839.899587,0.9304395356959173,0.6407709727272727
346,Georgia_only,1650.5665238192337,210.77307859646538,313.20363280008627,159.75803331011576,128.10479435622406,250.87399021158728,190.90362565356875,109.58943411102136,287.35993478016485,Optimal,196367.82400999998,0.9336049518527401,0.8704844545454545
347,Georgia_only,1465.3681208211485,200.95288708791398,225.49141425061137,158.82904140950754,133.97882918485774,199.37564444174032,187.06518770745632,106.54565737079464,253.12945936826654,Optimal,176112.46344999998,0.9272908566064318,0.8724964727272727
348,Georgia_only,1813.4388752683178,218.37014573073515,335.82283237906245,188.68528417795437,138.78554769580722,251.47949467325455,227.2231436960473,127.32720266234908,325.7452242531077,Optimal,215743.62960560003,0.9271984365898278,1.0
349,Georgia_only,1453.3372251310116,165.06304035225955,297.31054313482554,170.0748548074536,97.46542527777764,215.49590832733045,180.79409680438297,80.67634031922555,246.45701610775635,Optimal,170271.90258000002,0.9444889054405534,0.815153409090909
350,Georgia_only,1553.3055877429122,209.65111675534823,249.820005707226,176.0385807060765,126.08511752348005,221.58525354443242,193.95671495455167,116.65840237072482,259.51039618107257,Optimal,186629.12284999999,0.924896685711131,0.9019643818181817
351,Georgia_only,1808.8120634045615,224.09145919068646,315.29981112764057,188.9172490609325,111.82536007061859,272.27051774493174,234.08964688831566,135.02527152811794,327.29274779331814,Optimal,216838.59045000002,0.9253514137060674,0.9724222909090909
352,Georgia_only,1350.7244893911259,179.0690007399597,193.03912751794266,165.6613547343079,88.18554997622027,206.00157996482528,190.25934594313702,93.13587210825945,235.37265840647368,Optimal,162990.651742,0.9310474710996695,0.8074659090909092
353,Georgia_only,1822.5712056657321,196.28361724364694,329.30877228518887,208.30535109356077,141.45452404046102,218.13667367890716,231.66771019418047,143.6792504596057,353.7353066701813,Optimal,217470.72136499998,0.9039231799990111,0.9999999818181818
354,Georgia_only,1522.4167715210692,184.53511151079803,304.17910302291034,146.35409682686415,104.94452841809738,214.62587247333704,193.11508870571265,96.02245604438849,278.6405145189611,Optimal,179596.446366,0.9369276118620712,0.8080249454545455
355,Georgia_only,1794.2906248233394,268.5899888145189,275.87763303502567,189.73335349064124,138.85702583009248,298.409141984915,223.76014753898312,106.8026598501342,292.2606742790287,Optimal,216758.9899119,0.9391663795634632,1.0
356,Georgia_only,1827.4616389569503,241.53160980489557,336.3549060424202,243.20380578808653,120.0936307337092,229.0881461642977,200.12044645238,123.85670751521413,333.21238645594684,Optimal,212313.25264299999,0.9248823745294585,1.0
357,Georgia_only,1890.8358786987676,248.96543921902384,325.2493987210973,213.65560225820786,152.9772271741351,250.78520623825776,241.03547041044826,134.27784987314075,323.8896848044568,Infeasible,,,
358,Georgia_only,1993.1460165711135,224.60501897430626,418.5305585282639,204.4303156312167,125.67573370408691,255.3956984143771,262.01806583681974,136.23015537618673,366.26047010585614,Optimal,237293.067035,0.9105162064955264,1.0
359,Georgia_only,1400.2687220448386,159.65745816670898,242.48526099580903,172.5257727481662,90.52175188517823,207.4855294659933,199.12055149436566,96.72770417438312,231.7446931142341,Optimal,167950.090746,0.9309220376617531,0.8403055854545455
360,Georgia_only,1491.9017932880245,181.06498502774303,256.34290965358,214.90022415883578,114.65594677365173,179.8982165841454,157.51513846430544,100.9259131680536,286.5984594577095,Optimal,171618.84464,0.9323508398863224,0.8855841999999999
361,Georgia_only,1717.5963375774006,207.61809215244693,322.55659816323805,223.27064982434842,140.72673068324863,218.57990100827533,228.64589764637395,106.96784564770462,269.23062245176476,Optimal,205842.216668,0.9128950590402277,1.0
362,Georgia_only,1396.0285589591417,175.67982681756976,208.29169033946,173.2209355389786,100.06694042625797,183.78612929762002,189.31309367559672,116.76301854519427,248.90692431846432,Optimal,167800.76731,0.9163605800112008,0.8410926727272727
363,Georgia_only,1430.8166429271296,187.91079013234022,255.09164573931324,160.19892046093133,90.50392359233565,206.82302155519852,218.90215658973116,98.87358188679823,212.51260297048114,Optimal,173133.02453599998,0.9308971003266665,0.85382728
364,Georgia_only,1560.4117320799971,226.8119643871508,227.9849966736251,184.0230948508586,117.58935431584041,238.14667311270586,214.76622849134276,119.92514520169064,231.1642750467829,Optimal,190686.19819,0.9231451868667127,0.9388703090909092
365,Georgia_only,1748.2515191984342,250.15381911904544,284.24636166644734,201.0761301438941,109.40935370531655,275.88473634207884,204.8927299577099,142.80589939245075,279.78248887149135,Optimal,211069.65601000004,0.9183150149562518,0.9370512909090909
366,Georgia_only,1706.9908458674554,207.920020223734,352.8181215986797,160.05201250253705,126.42389582157608,197.92954841291288,194.4194031751079,147.21704765564303,320.2107964772647,Optimal,200678.18543,0.913756394052223,0.8743551090909091
367,Georgia_only,1319.5548341151339,167.51311485781028,210.05720034520837,157.72630811199537,112.04703743078981,198.82292683998205,175.0602066363142,97.97204188079594,200.35599801223776,Optimal,160155.503602,0.9257537227084377,0.808788290909091
368,Georgia_only,1683.7989542928856,241.03493141393784,275.6904641546739,183.24075206938886,141.18112768704327,249.41174156859182,196.1933165578727,117.0542035408482,279.9924173005289,Optimal,201547.01295999996,0.9304820780447373,0.9465730909090908
369,Georgia_only,1657.9043128997082,202.147182881923,264.81245527579273,213.9790306102621,122.94152537234909,262.41492677044045,171.88096586334424,114.38783958254771,305.3403865430489,Optimal,195992.38227,0.9310045688344694,0.9250936909090909
370,Georgia_only,1717.2107574702143,205.88653381126002,272.4201855395263,215.6116431856341,119.84771610108707,261.2429155175273,223.83774731032287,120.99018567659098,297.3738303282655,Optimal,206564.93264660003,0.9241285398991136,1.0
371,Georgia_only,1528.0545225267292,223.6040557926342,265.67098356091316,192.8493488331745,99.390071325242,198.55487703354638,182.6979419884507,96.14070684779176,269.1465371449766,Optimal,178222.35273299998,0.9370829377424604,0.8635224745454546
372,Georgia_only,1693.8848048613693,209.06727035012736,284.2019576086251,203.13009828895346,113.40027981730017,234.72090335509995,257.24224189424984,113.46848897970882,278.6535645673046,Optimal,205427.76921,0.9189784839751243,1.0
373,Georgia_only,2045.121149362562,212.8429579172344,311.8232189816754,280.0978506683297,140.39366182243012,307.5185211809306,325.4332985734057,136.1424074166356,330.86923280192036,Infeasible,,,
374,Georgia_only,1649.0752067195583,211.92133318744263,270.1525393660272,187.29445879474923,103.87601217287359,248.571448438844,232.11823155205516,116.73024097937844,278.41094222818816,Optimal,198810.07254,0.9292147221400743,0.9514339999999999
375,Georgia_only,1665.1033855304854,205.1565742217516,279.90944401863896,191.13514109751856,139.35318661780045,239.37601495836037,214.05315228272863,118.32033923930244,277.79953309438446,Optimal,199716.63701,0.9289411356924305,0.9900754181818181
376,Georgia_only,1444.8670607702543,169.7481025588028,270.4112936859838,156.26189003144097,104.34214944977083,197.14913972860455,162.94871454463672,98.68816656231344,285.3176042087011,Optimal,168974.07478700002,0.9316973973248142,0.7700959090909091
377,Georgia_only,1495.7702365319587,183.7586641517648,251.1762667286273,169.0194869934209,111.75677979295672,209.65351425070824,194.7079768468053,103.99910247841898,271.6984452892564,Optimal,178152.68592,0.9304712087512267,0.8645168181818181
378,Georgia_only,1732.5836879907397,215.9427026812965,300.3172766478818,186.0725592276577,132.60207044852308,246.12128312429513,245.3358827622249,116.52279008781025,289.66912301105026,Optimal,209407.618502,0.9246597385768316,1.0
379,Georgia_only,1537.7564372501854,191.72526445255266,276.99114709200455,164.04945317143745,123.46177604276147,213.24217751076347,224.26274581290212,95.75891322523205,248.26495994253168,Optimal,184406.870693,0.9377281701246387,0.9304981454545456
380,Georgia_only,1570.6015792758878,215.75552687648923,277.26539570197394,172.0281842174089,103.5149797303076,216.1039561272024,209.67137274186902,117.78609157932549,258.47607230131126,Optimal,188011.42196,0.9250057488607696,0.8822082363636363
381,Georgia_only,1615.6342146797426,197.9902386407359,264.7061198213466,178.65951755652836,104.05034370886818,259.15302827618643,184.03605430308406,126.65558034005058,300.38333203294263,Optimal,193692.48249000002,0.9216062747811709,0.8486289272727272
382,Georgia_only,1749.6915061157317,271.7374833696018,317.56924773653435,194.02334419758688,118.78751283442134,234.08468529914,244.97707717848542,107.94082889728219,260.5713266026797,Optimal,208984.1436942,0.9338576167791736,0.9999999818181818
383,Georgia_only,1923.2867995605184,264.3448702960097,331.98228513607546,232.87885347828794,143.39586440693222,260.509676090613,206.252830009851,150.88059703698804,333.04182310576095,Optimal,229867.42487799993,0.9046381696154583,0.9999999818181818
384,Georgia_only,1388.9897360987288,181.1502370446677,227.21734267351349,156.92657169987987,96.01585763648364,209.67914372413972,174.90720816006035,88.39497041717325,254.6984047428108,Optimal,165182.543198,0.9363602366515645,0.7779084327272727
385,Georgia_only,1657.5357237522642,186.5540213954,298.8356989523146,208.988338332117,117.7145157480753,243.57557169301305,199.31089072947069,100.33403720651775,302.22264969535576,Optimal,194493.62561000002,0.9394679509379551,0.9563886363636362
386,Georgia_only,1555.7159058025736,212.06449857735595,264.5775417858858,175.93445702531383,114.70608270787022,224.29420411921814,221.53002141917244,108.17546674960548,234.43363341815189,Optimal,187939.99537999998,0.9304657904447101,0.9312192
387,Georgia_only,1491.5089623440279,182.51087598033948,215.1670504323554,165.61553932020877,110.55184302329032,213.34191928925895,178.29922719696063,112.94250613233724,313.0800009692771,Optimal,177562.48562,0.9242763501960259,0.8263029272727273
388,Georgia_only,1739.6262023598233,222.8467139801188,325.5300027448119,189.39564535681535,113.2586570488779,264.771466401986,199.7971819014454,127.90336686911091,296.123168056657,Optimal,206947.14112,0.9264765257120633,0.9135481636363636
389,Georgia_only,1525.7758699879155,188.79052864478,295.25754856830764,149.86345762517624,112.79332175064913,213.35291270550474,183.5160152613641,110.22808884818666,271.97399658394687,Optimal,181015.67576,0.9277560471651787,0.8112232727272727
390,Georgia_only,1596.8891601451392,208.7689473412776,312.9021367248677,170.51983633152747,118.00566719104971,190.22833305489294,213.24031297693082,93.90124449949973,289.32268202509306,Optimal,186252.728764,0.9411973964826683,0.9123014909090909
391,Georgia_only,1542.79389450093,198.66388489798544,225.2779436656802,174.13321183059003,117.89754121605579,231.02977349572018,195.09298818291467,108.50186812439136,292.1966830875923,Optimal,185012.18341,0.9296718214353392,0.8856795272727273
392,Georgia_only,1607.6698379372099,207.2325562657004,277.55438951746845,183.19445126346025,122.11536889183232,218.24351581507025,177.7682335517249,119.90508083784246,301.6562417941109,Optimal,189459.06262999997,0.925416851701927,0.8783237272727272
393,Georgia_only,1588.5965378355718,232.72566237639282,244.64129396121658,176.3133284611964,100.41705462145723,237.77023433719745,206.62447743051254,110.55269073689918,279.5517959106995,Optimal,190500.45214,0.9304085743594799,0.8788270181818182
394,Georgia_only,1498.903550629705,172.40168786657026,298.1995499947529,184.06363521775066,104.14946290864057,181.86165386077036,186.905029380948,112.355560069987,258.9669713302852,Optimal,175538.33708,0.9250415007806851,0.8638511454545454
395,Georgia_only,1734.2533563028303,256.29290058828127,299.7234900693562,192.29711607916468,119.869915740319,241.6876529949873,248.16356615863387,120.71490353989043,255.50381113219748,Optimal,209902.70593799997,0.9244369366064253,1.000000018181818
396,Georgia_only,1602.0029607679396,212.5808114611912,273.19302402634077,156.81732702415445,134.07964735563905,255.75270825794115,191.62248363433244,121.09872414191146,256.85823486642914,Optimal,194497.85673,0.9244079232476015,0.8773081090909091
397,Georgia_only,1387.5222132004421,145.00787391003155,257.82317567489537,173.6196659037078,96.34040725282509,197.55854060836637,213.18321751799573,92.14212860922973,211.8472037233904,Optimal,166694.58325099997,0.9335923235506924,0.8784423581818183
398,Georgia_only,1567.1700629058878,219.29616096910806,268.665417095439,159.9852525440845,106.80078874645741,246.98665275335688,222.95021323650488,97.57463485027864,244.91094271065853,Optimal,189645.035065,0.9377383187597634,0.8904295454545456
399,Georgia_only,1521.6988509062123,185.24125435369007,308.761037628476,160.42692355602534,103.8167758024466,190.53763368086072,240.5036405720953,97.14695327190186,235.26463204071635,Optimal,181490.17845299997,0.9361588787108839,0.9177224363636364
400,Georgia_only,1495.1203218719313,182.34567453882292,300.936460683724,184.88325971882006,106.30176937034274,217.91832266969143,172.2483009974749,109.39864239452666,221.08789149852865,Optimal,177185.98190999997,0.926829533201073,0.8426060545454546
401,Georgia_only,1569.4453755977538,186.44103673044637,246.2768859349669,164.28524955136032,100.0517800638135,246.27187899103924,226.23981584858834,107.0107954175222,292.86793306001704,Optimal,189760.18636000002,0.9318161770638264,0.8919579090909091
402,Georgia_only,1486.719130874674,192.83320927576955,243.927968908075,189.43246444017063,117.45890970651195,194.101690985247,201.95939966104353,104.85513905659123,242.15034884126504,Optimal,177219.14132,0.929472125099389,0.9251832181818183
403,Georgia_only,1565.1276620219994,168.7241513317358,260.97827967101927,219.4924087975848,118.62055084553613,202.74558653186168,216.04488055740572,114.5743517080919,263.9474525787641,Optimal,186238.79335020002,0.9241389728754724,1.0
404,Georgia_only,1528.5349849235708,193.29372564698,242.88410444936466,168.85480756746298,115.61961152043355,233.00828392344997,169.77868086027786,102.46450047611695,302.6312704794848,Optimal,181004.83995000005,0.9329655481004941,0.8259147272727273
405,Georgia_only,1937.5222621215914,254.512507891576,384.1421598567266,246.01900776941645,134.47626119823818,223.20803843358806,243.77754579273576,119.86521141047484,331.52152976883553,Infeasible,,,
406,Georgia_only,1835.5071761117426,250.18707109774425,300.8175374900104,192.98684246130654,111.4143863704236,224.10093854133908,287.15297640897,147.69473676862464,321.1526869733241,Infeasible,,,
407,Georgia_only,1551.5447018549853,200.7830597358809,268.79015265229935,206.2008386412997,116.5881557877424,183.92694783282266,224.41307547190908,92.4486880639781,258.3937836690532,Optimal,182261.300998,0.940415070384723,0.9949128727272728
408,Georgia_only,1385.058264029618,179.1365729969766,209.7844895064673,138.1791021683404,89.27065868602662,215.04650706922905,175.13202153165093,105.95822124297332,272.5506908279536,Optimal,166915.63836399998,0.9234990846368092,0.7319668709090908
409,Georgia_only,1648.8814100486059,222.19679759589926,253.98790337220336,184.99227103844063,103.94709780646203,246.4836600550005,229.7921513689976,128.425638944056,279.0558898675465,Optimal,199962.04433,0.9221134768904817,0.9431482181818183
410,Georgia_only,1780.9043671964655,220.90463089423258,282.5339270676252,209.4922455619115,133.89734758997335,310.44009565713407,241.09169902869283,111.5400729881204,271.0043484087757,Optimal,219801.041702,0.9180071934876912,1.000000018181818
411,Georgia_only,1392.1893466930894,181.32397686724602,214.9190812693032,183.2768387411138,97.08729943276651,213.16871639826454,182.67660477037032,103.4556887255836,216.28114048844142,Optimal,167969.655674,0.925688493494918,0.8418922527272727
412,Georgia_only,1647.146559836082,195.70983998213427,269.59572207975185,183.83815671978144,121.47768891112548,216.62651180542682,221.78988025217254,117.27324495055056,320.83551513513896,Optimal,195603.0132,0.9288021826984524,0.9583740545454545
413,Georgia_only,1106.3160491270648,137.99138524077173,222.51598753359596,101.65161811669577,94.83477381705217,164.85073405329135,119.9693452246822,87.90279750770686,176.5994076332688,Optimal,132698.77104199998,0.9205445991708932,0.5837312333333333
414,Georgia_only,1484.0194942365333,216.56752774419886,239.94987529434076,151.06637536717307,127.03304368188923,228.08213470719346,180.90660515185536,96.03405777662154,244.37987451326111,Optimal,178548.24124799998,0.9352878755235363,0.8345564181818182
415,Georgia_only,1772.5255731215057,217.49968044402465,281.6717159402503,242.28627443907612,129.59952653667312,269.3075883949844,252.88525898087497,128.20800120410777,251.06752718151435,Infeasible,,,
416,Georgia_only,1649.7707663317442,227.14907594740012,332.4298227627395,176.25502166616485,111.14639775651487,255.54767639531678,212.95313257947564,114.80750957564852,219.48212964848386,Optimal,198623.58438,0.9304100250321334,0.9097355454545455
417,Georgia_only,1459.5947539637043,200.85013416407563,225.2839468810937,168.4595915379709,129.56057760821017,212.88013800045238,170.31466345278497,90.43098381518728,261.8147185039294,Optimal,173328.956954,0.9380437729594957,0.8515178727272728
418,Georgia_only,1471.5580368263393,177.34460545485857,263.8496632064813,176.91049627008286,109.35700614268312,222.5954476263894,171.06557512496673,100.79710135292945,249.63814164794792,Optimal,174636.34834,0.9315031522346715,0.8315147090909092
419,Georgia_only,1534.0955104380948,225.04352357771646,252.69906286369752,167.6362378640841,131.4055353538792,230.10644328383114,177.2448965378858,109.7771737225075,240.1826372344932,Optimal,184392.99844999998,0.9284417627904108,0.8659757818181818
420,Georgia_only,1488.9669817852364,160.06758655672314,225.22656199217886,199.7788586679933,112.42471438541376,233.3524485622259,203.9313650255134,100.25807693865636,253.9273696565316,Optimal,179227.28739,0.9326660207971642,0.9384271636363637
421,Georgia_only,1601.3263095232487,186.08310058474711,245.78070459387894,201.39190139085642,101.83712147432064,234.73424341791164,221.01067709404134,124.0255715922811,286.46298937521146,Optimal,192667.91687999998,0.9225482159472082,0.9531630909090909
422,Georgia_only,1400.7626720382739,191.8446221119612,239.00911052829926,146.51208253249212,82.7632409007349,211.26797338070335,155.6175960745283,85.12549360020793,288.6225529093468,Optimal,163910.63041,0.9392291765496532,0.7134685555555554
423,Georgia_only,1397.2680203488899,174.26616731614973,244.0670728118139,162.68575978156997,91.18260805294268,188.12555538389466,196.98881862835543,98.19119151357958,241.76084686058388,Optimal,166485.65034,0.9297263081106142,0.8197403418181818
424,Georgia_only,1284.033497416798,155.8803660165591,239.81836641209082,136.4223004020608,83.38920389422567,190.4347075019455,175.2694217724891,94.826213976013,207.99291744141388,Optimal,154496.019608,0.9261497432835142,0.7183289527272727
425,Georgia_only,1752.1199522312088,259.97312629134467,331.0799698730193,167.93298494932756,164.48907710142382,214.9663724677567,195.40801751354758,126.51161732195078,291.7587867128384,Optimal,207038.4198,0.9277951192382095,0.9596910545454544
426,Georgia_only,1781.6461733922083,242.26157701222925,310.93601364756495,172.72884255009856,118.89894045628378,261.21273816482676,236.07393018519628,132.09383647937554,307.4402948966331,Optimal,214474.18678,0.9258585428661713,0.9594576545454544
427,Georgia_only,1663.8361441571187,208.96305237524183,257.0763966933651,203.96847142219744,116.78323166696018,276.8071159214871,201.59344408031026,117.63698121099175,281.007450786565,Optimal,200487.84743000002,0.9292977348940137,0.9497184363636364
428,Georgia_only,1832.2044592926472,243.364595235314,301.68406823586616,206.6104246799269,147.393493070368,210.29481727188616,243.2816613872421,139.71814099337567,339.85725841866827,Infeasible,,,
429,Georgia_only,1662.2462439010835,205.5270165874794,280.5485845628797,210.90413672015956,116.30922683456737,241.89292761727134,191.0325676946775,109.50143430848956,306.53034957555917,Optimal,195422.37055999998,0.9341244269296124,0.9422653454545454
430,Georgia_only,1513.3455041762543,182.04313770896155,256.98559286373086,179.91322605298646,106.29380912338641,222.01322709958353,198.1385652803435,106.39745996290875,261.5604860843533,Optimal,180817.36654000002,0.9296938842566763,0.8806283818181817
431,Georgia_only,1395.4811868913962,178.36511213690434,208.08922933829214,148.34878060068456,92.52698250478258,200.2295082450036,209.9825429215144,104.09481386564347,253.84421727857102,Optimal,169332.16478800002,0.9254057920169602,0.819742369090909
432,Georgia_only,1483.6076958608421,191.94052445306892,294.6340565619344,164.3448978811995,95.4129522098386,184.42584219407476,191.47643519077943,94.30714457191603,267.0658427980305,Optimal,173064.20490699998,0.9364339076132103,0.8204259854545454
433,Georgia_only,1461.7308345833633,156.94184946848293,259.0871350323904,144.65241805851875,109.32377415875537,228.28398445174145,174.54905108905413,105.05992498211037,283.8326973423099,Optimal,174699.31342000002,0.928126353978632,0.7791368
434,Georgia_only,1580.9023904693404,229.54088781478666,252.41185926987194,158.33005405050503,109.7498333656119,222.31804512312834,219.13153916394685,118.7583284986607,270.66184318282893,Optimal,191031.37928999998,0.9248794035702083,0.8858389454545454
435,Georgia_only,1770.982833112451,222.83355082880868,315.8381261043997,184.69086656123474,109.11735593228317,248.279069083611,286.3608824929083,131.8043375297323,272.0586445794733,Optimal,218179.598645,0.9085403708697799,1.000000018181818
436,Georgia_only,1734.8033963258235,195.51969806539054,306.3113834728328,217.90715942401914,122.36391653469103,246.67008432976533,231.62275672293967,123.9741488291622,290.4342489470228,Optimal,208697.57256300002,0.9159167046624647,1.0
437,Georgia_only,1347.4203085602317,157.32142053796085,222.59135319250368,161.79960465042876,112.97280592781921,191.1995346716743,162.89850458914873,119.94756422084438,218.68952076985175,Optimal,162913.37429,0.9109798347269976,0.7957652909090909
438,Georgia_only,1649.2005150774958,188.39487017695345,256.71532446618266,191.14866779293803,120.36238883611841,261.03114224530896,221.19710390813515,116.72194514589677,293.62907250596226,Optimal,199200.39871999997,0.9292251281694446,0.9685602909090909
439,Georgia_only,1446.692449431728,208.66842595019233,259.9900110120036,172.5851490431049,109.04478429798931,177.16542401004494,165.05874239764702,104.07754481012446,250.10236791062144,Optimal,169362.56626,0.9280582756392967,0.8121612181818182
440,Georgia_only,1787.3600359686916,219.39645664109133,284.1361414917537,218.81314282089193,124.88496540450173,259.887592759582,244.62915239085905,136.84269694466107,298.7698875153507,Optimal,218756.96002099998,0.9019951479032846,1.0
441,Georgia_only,1801.2029471333917,226.30802317987937,327.08857763650303,246.0601439338122,110.27976994468908,227.09846205430136,258.1820713440417,124.72645287703851,281.4594461631265,Infeasible,,,
442,Georgia_only,1572.1516379021346,209.98774183584672,269.62293214409823,207.7421965161639,105.25646996414235,232.48473898688917,225.58458462267245,92.03122354947965,229.4417502828422,Optimal,187827.888364,0.9414616086111514,0.9792422727272727
443,Georgia_only,1563.4424413003578,198.86068290351676,269.18393083735253,175.21010871435053,115.27057802040213,213.7525718288935,185.28343672693563,121.58239581142897,284.29873645747784,Optimal,185729.90600999998,0.9222341749919272,0.865025690909091
444,Georgia_only,1814.3160877703194,238.126192338404,314.40540442884503,216.61290502550295,114.5868950301321,238.9181547152445,232.31453643598255,137.86940188998494,321.4825979062234,Optimal,216084.00301599997,0.9165615414035376,1.000000018181818
445,Georgia_only,1631.1565613126622,196.9386391553723,274.2909219349276,158.872112825839,121.33926952180198,240.8346698080428,220.17555490779674,123.10994273263327,295.5954504262486,Optimal,197078.53640999997,0.9245259748619161,0.9097944181818182
446,Georgia_only,1354.873719903633,173.61506474792867,196.1753266356851,137.17538961824908,93.06012238484517,212.29532655912146,175.4630485705825,96.51224637907563,270.5771950081453,Optimal,163257.559028,0.9287666175187917,0.7376337490909092
447,Georgia_only,1523.4486745812835,190.91891550797973,243.49963949959294,171.01391853676802,117.94567805603337,199.95989207638294,219.34484961152737,120.29220060848776,260.47358068451143,Optimal,183946.06068000002,0.9210395488943233,0.9241899090909091
448,Georgia_only,1627.9414578736016,218.06217583479247,259.20518785643475,198.07170824558585,107.09041891404195,244.0184960118783,239.58198425250544,118.81291889653899,243.09856786182394,Optimal,197832.46186,0.9270164739039242,0.9904438363636363
449,Georgia_only,1612.9400847480183,208.44927472503588,252.9396427806271,162.04233416798607,110.56910295595775,250.5819620054245,224.3884272786052,129.5144150246743,274.45492580970756,Optimal,197173.47817000002,0.9197028916494119,0.9036361090909091
450,Georgia_only,1896.2913195756148,229.19315374085147,347.5622490499792,216.42347431916076,160.85994192607336,278.04029672988867,224.97108484705615,141.9646348544739,297.27648410813134,Infeasible,,,
451,Georgia_only,1470.3690965365452,206.05234735074362,249.92100733990193,181.8659971020867,95.61622036240723,237.58682201751094,184.55764590761999,85.79583955858268,228.97321689769205,Optimal,175307.71146999998,0.9416501429888338,0.840072490909091
452,Georgia_only,1357.1336634878892,153.9444360452121,250.06098608970657,164.31019245101473,105.03227246721154,183.9392111417512,187.94401779478244,85.48827123833398,226.41427625987666,Optimal,160921.335891,0.9370082212328438,0.8314299636363636
453,Georgia_only,1605.3840281357152,190.53031113564157,271.66534807651107,178.89263245675545,117.46823601615624,231.03181161932366,221.93200192006853,106.80790816574513,287.0557787455136,Optimal,192002.90312,0.9334689356167645,0.9423506727272727
454,Georgia_only,1561.3905063534835,215.89140577552985,284.7240664567867,150.963131277887,141.80151115214434,213.6406642130179,194.5758129789154,113.34656534438741,246.44734915481484,Optimal,187509.21889000002,0.9274066507435117,0.8860735454545455
455,Georgia_only,1933.938539462108,229.3701642414746,303.87235819443896,199.64810754639393,141.63091061996403,311.7656519170272,250.78154598944468,125.47437228628829,371.3954286670764,Optimal,236058.59122399997,0.9133711149327917,1.0
456,Georgia_only,1745.0216670124858,196.1409248984904,279.0959519850305,189.8864074131849,119.9405441701045,234.29884836781082,211.33972325153476,141.11416380773883,373.205103118591,Optimal,206718.48179,0.9191332808754884,0.9475757636363638
457,Georgia_only,1569.4655463843326,190.24239286882226,250.30477265234464,201.04932839481236,98.47741283419575,227.51137020596298,216.91697803696033,117.96651596250311,266.9967754287312,Optimal,188382.624618,0.9248365065062443,0.9389885872727273
458,Georgia_only,1911.9298981767124,266.69915782489136,313.27883793724465,236.75803739793054,134.3319956559831,259.8827289212108,236.4501983473631,154.001333148788,310.52760894330095,Infeasible,,,
459,Georgia_only,1700.661500463687,225.336028596108,279.6898678513907,185.27589322868508,105.77039542461414,285.4406260183758,220.835450605604,89.20584855148292,309.1073901874263,Optimal,202705.01877899998,0.9475463868386712,0.9306940727272728
460,Georgia_only,1362.6741262335754,157.1040527070436,224.07940154059293,181.65595602092793,97.42504881332647,204.49316201706253,152.49184648702877,111.48332843397064,233.94133021362254,Optimal,162532.54896400002,0.9181878300267469,0.7846779254545454
461,Georgia_only,1477.6681117633793,186.09769696008632,252.2596999805903,161.50063692713286,113.88002094225614,212.19662801240452,209.35091236718077,99.5365010898984,242.84601548382997,Optimal,177881.122271,0.9326394804279853,0.8813301272727273
462,Georgia_only,1753.022696453672,250.88673210635574,288.1578521359635,239.83169837558813,125.57276966858562,248.38523624706224,233.53237399058577,113.95214317111116,252.70389075841987,Optimal,213206.57378200002,0.9070810738599147,1.0
463,Georgia_only,2022.2462040562925,279.9808391505152,305.99911578853647,226.83478451141656,148.83840822491032,266.3628969783901,290.5011566924954,133.09422432598345,370.63477838404503,Infeasible,,,
464,Georgia_only,1557.6752037571098,202.42978728932448,299.5687515326252,179.34935568464695,101.80721638843548,218.59112917018567,206.88465436281152,102.42019096617518,246.62411836290536,Optimal,184807.9286,0.9342480489449452,0.8873476909090909
465,Georgia_only,1795.0113422981392,281.07329312691996,304.9889344849898,190.4339442454595,119.43720852646307,242.93686916279552,237.58464942692393,134.76886600864535,283.78757731594214,Optimal,215366.53071999998,0.9249203227175179,0.9953741818181817
466,Georgia_only,1532.235770295235,155.68857203736798,281.41873245601846,217.27807885160072,102.39941527045879,173.39483504525995,211.62874480302662,124.02205075676959,266.40534107473275,Optimal,180139.3234,0.9190581157941915,0.9660113454545455
467,Georgia_only,1686.3258773240648,238.578706043686,331.0306769464882,197.87008624673808,102.9460862809455,236.96068697011358,189.7226790406851,116.30891182323285,272.90804397217556,Optimal,197904.75605000003,0.9310282200563579,0.8961889777777777
468,Georgia_only,1509.5395596902918,225.59448654661006,252.27971261407413,148.37529960613728,111.69713930257288,230.34879325733215,194.55759597890096,99.51919500726908,247.1673373773953,Optimal,181794.63379499997,0.9340731489602632,0.8266000727272728
469,Georgia_only,1469.1747608793437,183.71205653597613,240.16856540499208,167.99769708275545,93.73489255048409,220.05450131278272,178.6808629910145,117.18572029404243,267.64046470729625,Optimal,175982.19297799998,0.9202370466742807,0.8007517327272727
470,Georgia_only,1941.028212828371,207.86059851844323,365.8043349256534,209.31828064232465,140.80836028948727,289.3484887653363,262.280503112848,133.17557013761657,332.4320764366614,Infeasible,,,
471,Georgia_only,1703.217332891724,218.3969167851992,247.65949734461157,187.95869237836925,131.5916068302328,275.7669131957829,225.96028677222506,130.5686484242166,285.3147711610866,Optimal,208211.2828,0.9233399987363652,0.9918374363636363
472,Georgia_only,1744.3756265257714,276.6087423006081,301.9787844332097,172.6976926589017,124.37264082669668,257.767661236158,209.70613411183848,112.22746420917807,289.01650674918056,Optimal,207939.65277,0.9356632397178742,0.9292835333333334
473,Georgia_only,1442.94512547848,198.5387411320803,286.5370211975534,172.3406345845346,87.57296701712082,205.569862326587,166.31601179066973,103.53453242077086,222.5353550091633,Optimal,170177.221502,0.9282477644850508,0.7749629218181818
474,Georgia_only,1830.150200508462,242.55685085835492,291.9626202017292,211.38209711073202,126.4107999475477,298.60066588206035,186.95099915113818,130.90951076038718,341.3766565965124,Optimal,217539.95009,0.9284706247213523,0.9540798181818181
475,Georgia_only,1449.5308016411664,187.94149926534968,268.1246247151646,160.17760074241855,104.02119012491471,198.1414994792239,194.08320049037275,89.03731166045964,248.00387516326248,Optimal,171472.428972,0.9385750813019234,0.8332399818181818
476,Georgia_only,1672.384696774355,208.66088970359684,277.28806199359514,210.75116036814484,140.9714427932862,223.67680479716887,244.46180489395246,101.06145956511713,265.5130726594936,Optimal,203632.82383799998,0.9119545418835998,1.0
477,Georgia_only,1657.887526999796,221.86427955757148,291.74827388372177,209.5580882363558,117.7118487557346,259.2801915484483,205.90199419537365,112.81652075995933,239.0063300626311,Optimal,198757.9454,0.9319516401670775,0.969403509090909
478,Georgia_only,1700.6791378002326,201.05388148846157,323.36765134632077,215.62488628473383,119.14593039725227,245.78087624260306,223.66208919439796,119.35040984442038,252.69341300204283,Optimal,203544.6577309,0.9248633590193175,1.0
479,Georgia_only,1906.5075904946614,223.7459424655723,332.9266849358002,216.72865074667223,135.43239830828355,268.9558854904829,259.4337951401014,120.5944867749562,348.6897466327926,Optimal,231451.23816399998,0.9044381824635743,1.0
480,Georgia_only,1574.754158624683,209.1868526112074,266.5275191289279,184.37678144000046,122.66220244312413,205.91644758488778,175.43123265782552,112.62246372016611,298.0306590385438,Optimal,184775.57953999998,0.9284825075661065,0.8772185636363636
481,Georgia_only,1604.5993702618036,228.13389665827438,301.900954283576,203.4219734429749,127.77319307913835,226.9046671545458,210.50490998635652,103.21541224628407,202.74436341065356,Optimal,191733.6997,0.9356752706160147,0.9849092181818182
482,Georgia_only,1555.6753888373744,197.56828378587517,278.89154255364974,147.9588313164105,129.70013548340913,232.39617020986614,201.17658247371654,105.63386760263154,262.3499754118156,Optimal,187233.74857,0.9320977437868196,0.8706100909090909
483,Georgia_only,1369.632359665622,170.87374862780118,217.98091471573403,163.90142421850092,101.13216883039226,227.99582915625206,158.04480052828185,100.04902482490579,229.6544487637539,Optimal,165007.37308,0.9269519086931856,0.7692334363636364
484,Georgia_only,1707.980274107844,210.9396178510752,307.7828749032536,226.5227113519529,117.81671814514067,248.43227383102356,196.732973884053,116.31947539070872,283.4336287506363,Optimal,201135.69614,0.9318964710124635,0.983768
485,Georgia_only,1921.0601228742623,226.47823231078877,333.91332237166307,226.05242764155068,130.7628302901441,292.13317809043474,254.1748078695823,142.70380976933018,314.84151453076856,Infeasible,,,
486,Georgia_only,1748.6435785691713,200.96533800278957,283.33930032459847,213.39188013171747,140.91820671490547,227.35555771606715,234.73616555786273,121.49311344638579,326.44401667484465,Optimal,210732.096082,0.9081920635304465,1.0
487,Georgia_only,1595.1252416306602,245.5671066388793,322.08264160892116,167.1276301548812,111.4303322588001,213.61499351323116,205.56933911196575,96.00039990911179,233.73279843486972,Optimal,188390.59372,0.9398163861211792,0.8802314545454545
488,Georgia_only,1801.9954465464828,234.8091312474197,326.2713482648346,184.27843569150596,113.49997127879642,247.3249329691819,260.59904464313786,127.0337855856458,308.1787968659605,Optimal,216629.1146716,0.9248548397799795,1.0
489,Georgia_only,1868.350490242137,239.4785622072266,313.05389909995864,213.8880921037249,125.66770108401008,299.82399893853136,228.16300920419914,119.18269622283437,329.092531381652,Optimal,224365.44101200002,0.9267260072683713,1.0
490,Georgia_only,1765.15225162533,214.9081643931453,322.9399913860372,223.01897270810537,89.5168617224589,210.66709789050827,234.49560130169516,114.03936864965331,355.56619357372654,Optimal,204038.558862,0.9353940264811015,0.9946026036363637
491,Georgia_only,1647.0010012142557,209.55042639371104,284.00263744414207,181.1552152448824,110.29400308850954,238.0947652867236,234.02243771166042,100.74888292227969,289.1326331223469,Optimal,196481.87179,0.9388288949794333,0.9554030181818183
492,Georgia_only,1487.1163745994982,197.6239782593102,242.32032796560316,176.68324201187983,97.78329230871991,217.25872211187007,190.89569077224604,92.15252044933683,272.39860072053204,Optimal,176035.998602,0.9380327429826626,0.846113130909091
493,Georgia_only,1203.9334993746988,149.00271262338046,177.71060627698,141.09746188049866,83.108039844831,186.52955306773117,151.61166133695824,84.137253966284,230.7362103780354,Optimal,144132.722194,0.9301146953561817,0.6833039272727273
494,Georgia_only,1634.3724496607695,195.05228750952233,300.82984091272255,185.7950739609056,132.52066945296352,227.5803870197678,185.54037452276745,121.00781728604346,286.04599899607666,Optimal,193493.18704,0.9259606831442331,0.9161020181818181
495,Georgia_only,1575.2079081371446,210.4855955234116,263.7091455654291,186.31355630285555,111.15005646761622,218.71647993664592,236.10678912993643,115.95966088715204,232.7666243240978,Optimal,190837.03003,0.9263845442000861,0.9701280181818183
496,Georgia_only,1589.1584288975346,203.08894310711133,287.88012889426193,190.52245669350975,120.59027211700878,196.1893714748199,178.88969047429043,133.73132462922544,278.2662415073071,Optimal,187445.39025,0.9158477050080464,0.890913490909091
497,Georgia_only,1851.5940459168173,246.97557580638704,296.16037082459155,175.89608335193543,136.9939792976829,274.1346135481124,279.1214190114786,127.54770355943974,314.7643005171897,Optimal,229071.222212,0.9084252910130417,1.0
498,Georgia_only,1364.0641831294322,160.97115535512785,233.73512007911714,146.79679453046927,87.07151336048595,218.9947568777264,200.77401898831957,85.39695065403691,230.32387328414907,Optimal,164869.840159,0.9373952111743638,0.7902587690909091
499,Georgia_only,1643.5917472724639,227.7734051488451,268.08307356410324,185.27006361720734,99.34307323576994,249.13121958966653,190.5613446771809,131.41694272269788,292.01262471699295,Optimal,196682.490738,0.9200428242046421,0.8639535872727273
500,Georgia_only,1489.8954649060222,202.4139315883838,262.34149478013387,166.95259333119085,114.98750773235227,212.81774858611564,192.56542096386474,100.15130047195403,237.665467452027,Optimal,178060.7894,0.9327796430923833,0.8627373090909091
501,Georgia_only,1609.6567878457142,210.23952313243015,306.63228471812494,160.3148479366115,116.02916335307766,269.1122149428672,192.97799793542666,103.36307585478552,250.98767997239062,Optimal,193437.79140000002,0.9357856354061351,0.8733155666666667
502,Georgia_only,1658.178841787271,195.43914660552025,296.337020463371,184.41033252931214,116.3416623267234,239.03174691123732,213.6650351003822,118.78587583953755,294.1680220111872,Optimal,197682.49503999998,0.928363654876191,0.9353036909090908
503,Georgia_only,1568.0917432642875,201.1926109821854,294.22842867737734,178.37180708386958,111.76715223620869,234.90005524556102,177.3261597491598,107.74100448898005,262.56452480094566,Optimal,185651.96129,0.9312916455768055,0.8499365818181819
504,Georgia_only,1513.3839102038278,180.78008981526736,229.24616073233506,150.134896345582,113.77834767151252,253.1658817481827,204.34950758412887,105.89652136855565,276.0325049382637,Optimal,184474.54332000003,0.9300266644241214,0.8513868363636364
505,Georgia_only,1569.9113900679345,206.03955099363245,285.1372121322277,181.7745956374068,94.2422583623991,216.0177093404959,194.65648037754468,123.3110335580812,268.7325496661466,Optimal,186474.17075800002,0.9214535082374307,0.8557697054545454
506,Georgia_only,1425.8358195903947,170.69620315294756,234.8845745424052,164.33230953734372,98.63113036853888,241.57095856042864,156.96199479385882,108.49173293622155,250.26691569865037,Optimal,171466.85072000002,0.9239100756905086,0.7635007818181818
507,Georgia_only,1478.8406624802583,189.87616124928746,237.995070040442,168.84936989930765,102.2160236372204,204.3949769853819,192.22313267580918,96.33330240982204,286.95262558298765,Optimal,174884.36686200002,0.9348589033799682,0.8423427636363636
508,Georgia_only,1739.752526632182,208.72188708101012,325.2132646248875,179.03963873246536,103.99492075092178,256.5645556209673,236.31951288914087,115.44672344710236,314.45202348568677,Optimal,207137.80833999996,0.9336418686767686,0.9442801272727273
509,Georgia_only,2086.0500124424298,336.97372251767933,304.6474103402829,228.98335926912242,122.50155938286053,367.70327770597925,238.6943100279847,150.95468468282854,335.59168851569206,Infeasible,,,
510,Georgia_only,1424.3422888065927,180.60801892541392,214.71930279463672,153.73574411698996,99.72479872947397,209.53015044879382,146.91286493565374,101.76488942940004,317.34651942623054,Optimal,167304.619034,0.9285530587652088,0.7279516345454545
511,Georgia_only,1391.6293162426327,192.50665142235746,238.15271248354875,124.90340596374772,93.71114286637375,193.36077969902848,202.80485480350842,103.15686511521339,243.03290388885486,Optimal,168333.610948,0.9258733112053475,0.7662170963636363
512,Georgia_only,1679.4763664256384,222.06164591705667,287.50195763753953,208.32097637780743,106.12636204779005,238.59740386521733,248.48286483775203,98.3213916116323,270.0637641308431,Optimal,201197.036465,0.9337581649556578,1.0
513,Georgia_only,1688.488116317761,212.9937854826221,268.37888101774496,193.16781823533663,105.83789972589787,255.10005376741253,212.26168799650756,138.6679377379419,302.0800523542976,Optimal,203399.79460999998,0.9178744967301476,0.9295771090909091
514,Georgia_only,1692.2008151647265,249.5072142171701,266.4633646854353,186.93709708338116,100.99512574563431,262.5094728781728,255.51844033883305,114.61085571880483,255.6592444972949,Optimal,206122.51954,0.9322711204618054,0.9880921272727272
515,Georgia_only,1794.14078102616,213.03828154712278,290.743691186491,237.78574362637022,122.92100625700243,250.11438652345592,269.4513028693291,135.16603145937498,274.92033755701374,Infeasible,,,
516,Georgia_only,1836.4510764209335,200.15921570046427,351.3136740865982,222.4013939347926,125.60252607142604,244.86801059466976,213.1526022533401,157.33259325006853,321.6210605295741,Optimal,218331.972622,0.9082528695785882,1.0
517,Georgia_only,1577.06134621603,203.78147642941633,289.3971007351807,176.57723712290112,114.6138104082081,235.19577884598493,193.54919331117276,110.33586119231117,253.61088817085488,Optimal,188294.39547,0.9300370550069168,0.8813458909090909
518,Georgia_only,1445.7109144339324,163.49498432801357,258.8446419149211,153.6781790556181,102.8829195281047,201.15439927121005,204.4886292200675,106.02698487247532,255.14017624352203,Optimal,173469.7413,0.9266610057547728,0.8382722363636363
519,Georgia_only,1508.640912182115,196.42224896823225,256.6617384843659,181.49795873862112,93.11832968646833,220.84314446969788,206.60791851254305,115.07760480749543,238.41196851469107,Optimal,181664.21867,0.9237210119035778,0.8749531090909092
520,Georgia_only,1463.5719142487715,189.14815926335737,248.21443127142408,154.64598243964826,97.92268376621625,218.52011745241725,204.2115424414025,110.78825407136867,240.12074354293716,Optimal,177321.209964,0.9243028243640237,0.8305094618181819
521,Georgia_only,1601.2228895481903,208.79186699291898,270.2497117336198,172.58771404246176,112.44845195771146,254.23912453088806,209.10151837614768,116.8763501984904,256.9281517159523,Optimal,193947.49053,0.9270080634550705,0.8984321454545454
522,Georgia_only,2088.619530875799,215.9973204752706,294.9045097426737,228.49033387648296,153.53302315337274,359.4139322447662,285.18523402559714,155.0979006488562,395.9972767087794,Infeasible,,,
523,Georgia_only,1654.2869996209934,170.1562384175237,282.9846935314056,187.949551770557,142.7943859386476,213.89623373652046,234.61929924559357,100.32569762565858,321.5608993550869,Optimal,196964.69271699997,0.9300671892800353,1.0
524,Georgia_only,1638.1081369824399,225.80607978305866,297.09180231740993,197.54683357112,116.50634333573873,216.09979154947277,204.38565798799598,106.87373403053435,273.79789440710954,Optimal,192727.39315999998,0.9347578193590368,0.9426160545454546
525,Georgia_only,1424.6065809323738,177.51521004501788,256.5293492182441,174.90453924810055,110.54554452854805,196.84973974742482,171.81483813804022,94.49262745841169,241.95473254858663,Optimal,168028.961857,0.9336710694748228,0.8313907636363637
526,Georgia_only,1804.2369282971376,227.74887952555684,256.6132034928436,224.6293553101816,128.3025268907622,270.1179228390251,221.32273310370255,119.16909619127459,356.3332109437912,Optimal,216222.065035,0.9205072759304938,1.000000018181818
527,Georgia_only,1451.4347468850096,155.54290204661956,299.76452636774025,167.66901206920588,98.01415410592526,192.98113690468534,150.67534180021372,123.30684645375783,263.4808271368617,Optimal,170078.352434,0.9150448594746377,0.7570154618181818
528,Georgia_only,1671.5718263489741,234.2022692030573,262.41663097617106,200.6925761701005,133.55355603402862,192.20951870583698,228.9066497843901,129.10665195639402,290.4839735189955,Optimal,200086.607472,0.9148948168983588,1.000000018181818
529,Georgia_only,1478.1761352406813,184.4919683642396,238.89534603095706,172.8913413658948,98.80677427643732,224.96945661273347,178.09700869627358,98.9278766225389,281.09636327160655,Optimal,175353.912521,0.9330743685531268,0.8178093163636364
530,Georgia_only,1543.3546880952097,212.68385421162534,236.17812363248365,208.710881112056,96.89629684686841,226.26324303407108,197.19449867978668,103.80901391476272,261.6187766635559,Optimal,183377.716442,0.932738066047974,0.9141848672727273
531,Georgia_only,1827.8577716248674,275.924036545809,301.9461980889033,198.8799577014086,106.76720511085311,305.85258607656203,208.43425034898945,117.61926257059766,312.4342751817442,Optimal,218252.32439999998,0.93565186337211,0.9819142555555554
532,Georgia_only,1852.9659839084115,256.83927389429556,365.5004231916525,211.3942667971532,116.78350612328589,229.47742212390577,216.64809366924356,132.79179838215305,323.53119972672215,Optimal,216108.7484,0.9283355414715614,0.990592490909091
533,Georgia_only,1775.856925937317,180.36210324475365,274.6443512590197,224.14592458476008,114.81431066678293,240.26401667777026,286.3146440554012,120.20895170172803,335.10262374710135,Infeasible,,,
534,Georgia_only,1881.1090511362302,265.71051480282136,314.4362017675503,174.30457227182768,125.57580016820192,291.8622362807408,261.3305274545859,153.85803315945674,294.0311652310456,Optimal,231690.4551,0.9122491431123969,1.0
535,Georgia_only,1590.2204634638383,170.31550400925804,255.2043887558886,195.94046357941434,93.37768842098431,252.06692864482724,251.0690227744875,100.61165763127946,271.6348096476988,Optimal,192410.82712799998,0.9367309956226543,0.9825221236363636
536,Georgia_only,1958.7060334069838,255.85980136709455,337.6405007288201,218.6634518702522,117.87195971277342,266.731616650049,276.7826861347418,136.3843414676478,348.77167547560487,Infeasible,,,
537,Georgia_only,1482.4195609954843,181.1635553615934,252.42256080629156,158.13639059810995,95.82529732370963,219.18471671534593,193.18854285538322,99.95480275854888,282.5436945765017,Optimal,176437.07985500002,0.9325732021990037,0.8130004127272726
538,Georgia_only,1533.7978880094838,194.82834436081552,261.66895418396336,196.0506360298537,107.33756451254546,224.50088923654837,188.11078745034962,90.11212972912367,271.18858250628415,Optimal,180377.97283999997,0.9412490141537301,0.8936345272727273
539,Georgia_only,1961.193136977958,239.42244450756942,398.503917027163,236.33746792448417,164.50960974973378,264.51530949484675,221.89194019672993,135.43186451187893,300.5805835655519,Infeasible,,,
540,Georgia_only,1593.7154321916942,204.05727757197238,283.35418038595327,184.15481704395054,105.3567610784994,220.29868339437985,237.3360059551988,115.40265881749669,243.75504794424322,Optimal,192074.89187,0.9275889221747753,0.9579047090909091
541,Georgia_only,1333.1088128968554,162.19446491141883,229.66013945926542,132.32138132222107,77.829416526366,196.85763707416677,230.54587283799208,101.53987519228461,202.16002557314067,Optimal,164331.79634200002,0.9238322671678927,0.8012666672727273
542,Georgia_only,1545.8844023459887,200.1502800162841,237.80659011951946,156.45295907337345,110.928942315026,243.55189811571796,207.73038112451184,105.09205964757177,284.17129193398415,Optimal,186821.35823999997,0.9320181624276018,0.863840509090909
543,Georgia_only,1668.3799171095052,195.69880714660056,254.86755994578482,204.70691735688587,134.38110832716362,249.82142046875242,242.9286373432883,138.90045779980966,247.07500872121994,Infeasible,,,
544,Georgia_only,1792.0630090370842,245.22531160796623,321.05771460276145,220.41676303738117,112.6219442335955,255.72807112608544,232.34172878436715,112.50272100479404,292.1687546401331,Optimal,213192.448616,0.9286391279814438,0.9999999818181818
545,Georgia_only,1456.3859632000492,164.78853618755304,247.14770585914675,177.13384768523485,99.65170235103793,232.36701306789965,208.19591550472123,90.33069840192586,236.77054414252996,Optimal,175354.98378000004,0.9379761316831359,0.8817844945454545
546,Georgia_only,1518.5760006272787,211.6003001916663,279.1840564353647,160.0074102626544,118.7470847917471,189.74253857494887,219.2381958080348,84.83176184452778,255.22465271833485,Optimal,179481.626532,0.9441372966567118,0.9054412545454545
547,Georgia_only,1506.809894048236,204.28573205054548,261.08965656864484,136.31803295840456,92.72142972093644,200.05101169515729,214.92830468620326,124.86915275138196,272.546573616962,Optimal,181916.53268,0.9171301140631888,0.8072141090909091
548,Georgia_only,1828.0384762257845,219.13829465113557,328.440744361707,212.70981828405948,117.8303796188628,253.4927168263561,227.99619780273176,137.39167510898383,331.03864957194793,Optimal,217334.07535070003,0.9201723168720873,1.0
549,Georgia_only,1443.2026983298229,183.95428920789666,213.89697354462774,181.385272793009,106.67077348400764,214.93516992682504,204.8863584162048,102.57055898177364,234.90330197547843,Optimal,174651.40565,0.9289285084842726,0.8962589090909091
550,Georgia_only,1417.2475776492965,186.44718789199862,262.9489933011778,161.442200901248,102.58085528664947,187.713304628133,185.2591359036262,90.01909839540679,240.83680134105666,Optimal,167171.947008,0.9364831529304106,0.8168767272727272
551,Georgia_only,1671.6281808496628,220.0500620215304,283.9442730793988,188.00639197222102,131.49338564783685,213.6272314590438,226.0914356566869,111.86378946084095,296.5516115521042,Optimal,198311.58555000002,0.9330809374170731,0.9919840363636364
552,Georgia_only,1495.139629840072,191.17461771801428,277.66718463398394,168.1918085354488,99.32820444837186,213.69899468271555,178.04561267216948,113.77694855558818,253.2562585937799,Optimal,177686.604294,0.9239021201971335,0.8101193163636364
553,Georgia_only,1406.6242174613642,187.3089576194443,250.68427046935983,157.60544808144124,97.44778609819902,219.8666466833798,175.77669430452548,102.96108195493372,214.9733322500809,Optimal,169462.008936,0.9268027095060359,0.7833271381818182
554,Georgia_only,1611.505057270358,213.61674204754473,304.29060810758943,187.4256227835171,111.65272990462017,213.49999417591266,212.26740818266782,114.9791597212618,253.77279234724426,Optimal,191376.85087999998,0.9286510664353017,0.9297195636363638
555,Georgia_only,1767.9006556094641,257.33309049463605,252.6557681169159,166.68859679713253,110.83707688493027,262.12528160568456,303.62074033233375,114.64475097177555,299.9953504060555,Optimal,219786.885444,0.9175343053655896,1.000000018181818
556,Georgia_only,1891.3315548155394,222.84529328497172,349.072653296713,228.52383735841383,129.71014154068646,284.17125094395607,257.1351397795674,113.06185167270147,306.8113869385295,Optimal,230476.82627900003,0.905658542860328,1.0
557,Georgia_only,1522.6400789710403,193.01570241752648,227.26514106834537,154.83769080365403,107.51144543200242,213.67066928928378,221.04465289209935,109.18699258373394,296.10778448439487,Optimal,183527.45359000002,0.9282909989832752,0.8788978
558,Georgia_only,1709.5314163061282,261.7891474602216,218.75538715052807,192.2261301212575,135.95358235904555,227.4195976504109,221.62042307573412,138.77111236218818,312.9960361267423,Optimal,206382.24209999997,0.918825062246602,0.9996366
559,Georgia_only,1566.5658385312367,235.35103688984023,252.9779084423954,196.60199159878977,109.40718830632451,222.0955211787291,190.9436016626761,101.0872792600732,258.1013111924085,Optimal,185458.76948000002,0.9354720522783689,0.9035505090909092
560,Georgia_only,1327.859951265121,190.04564441983567,241.08271822607725,152.07271912330555,107.53395047573257,178.98259737198563,146.84668124111622,103.59689312993257,207.69874727713548,Optimal,157773.16921999998,0.9219820650766531,0.7390060909090909
561,Georgia_only,1421.029042666931,181.17885912661453,261.77910824629276,146.57664621758244,90.5752971357513,230.2521941284112,154.769859575246,107.79112728650023,248.1059509505325,Optimal,169811.901262,0.9241457264908303,0.7480112888888889
562,Georgia_only,1395.8614370520934,188.01171250543874,233.1845956750427,158.49931857710033,104.2799320616202,197.31740321899068,161.64248426156476,113.70343822443827,239.22255252789773,Optimal,166963.96375,0.9185424541190688,0.7716758727272728
563,Georgia_only,1713.7785346148207,218.54295631777015,392.03073213710115,208.59717388987139,107.76553319831463,214.9755548845,202.905741718136,118.12401727753301,250.8368251915945,Optimal,199328.40356,0.9310739268645527,0.9441244363636364
564,Georgia_only,1410.9848617490027,183.39278822450788,208.82451791881394,161.1505135577587,104.12899295055506,184.01001750042792,194.51579491944736,102.59993630475374,272.362300372738,Optimal,168409.07722,0.9272848741822616,0.8359914363636364
565,Georgia_only,1720.0446239738183,214.41794593438408,287.47021703420097,203.891564470009,126.36557498512428,205.46392657027832,240.28932777360635,115.04302883286351,327.1030383733517,Optimal,204319.626127,0.9211709440069259,0.9999999818181818
566,Georgia_only,1651.7704615035598,195.52214952818107,278.18667742878796,214.19722524821708,107.54278995985031,195.39721899470945,203.37754125377393,131.47073590076158,326.0761231892784,Optimal,193221.17722,0.9204061735164547,0.9547592
567,Georgia_only,1737.9153495185517,183.82187187675828,295.8823147317846,192.55894573710944,124.03460463183325,226.2993394667995,221.07223415544686,112.14534608514903,382.10069283367073,Optimal,203000.37652999998,0.9354713337737544,0.9775741454545456
568,Georgia_only,1597.3782050761326,195.77380465419213,242.84946559467593,201.68696745257998,121.4221624753029,257.3069555155253,213.4439381734673,109.29776049558157,255.5971507148074,Optimal,193380.20452,0.931576783301032,0.9755510363636365
569,Georgia_only,1510.8622660713213,182.3219328113161,271.1017872448216,159.70649767491636,108.51862595369924,227.45134542298766,181.43085456648632,116.31991796955225,264.01130442754186,Optimal,181019.81260999996,0.9230109066303,0.8175563272727273
570,Georgia_only,1673.3788439443988,212.39322461978256,288.8935837369296,173.67921371014984,108.7879005249368,242.60151544233318,232.8680854729019,115.6073530099982,298.5479674273667,Optimal,200587.95698000002,0.9309138188505508,0.9369730909090909
571,Georgia_only,1485.353126864057,185.1838702865467,267.3510860508142,184.98491151720097,103.85214033399822,209.68205259304537,190.58799506932854,113.31233093386994,230.3987400792531,Optimal,177541.888,0.9237135433893171,0.871681909090909
572,Georgia_only,1577.7120692854567,216.22277751424986,286.68052936761154,176.9998821154203,120.34457345671791,209.596038830379,195.20086190664406,126.75646232246218,245.91094377197192,Optimal,188710.14411000002,0.9196580467671363,0.8955369272727273
573,Georgia_only,1468.6534396250906,181.36120994462235,273.392405412883,147.89081891821772,100.64321154143872,191.53872771476716,226.75656620908958,103.83903341203121,243.23146647204086,Optimal,176560.86065,0.9292964447408382,0.8641647272727272
574,Georgia_only,1517.415380491861,225.99000960391638,224.63463892408728,165.374718305788,117.69998585466463,216.25724416138758,179.44124185246403,107.27635150880748,280.74119028074574,Optimal,180975.55496,0.9293032403183578,0.8409380909090909
575,Georgia_only,1623.832016956728,257.57068462006504,239.6190724048445,162.2918977515607,104.24245196903883,259.2880578147215,193.58047280830607,101.04970134046178,306.18967824772966,Optimal,194013.78273000004,0.9377708371915784,0.8405309
576,Georgia_only,1543.8661557655455,212.77616155032317,259.2673717883498,158.3396270986818,115.61972595786254,229.44403657501522,221.16427466387654,101.4494734712024,245.80548466023413,Optimal,186804.07234,0.9342886846850785,0.9002247818181818
577,Georgia_only,1756.7838939801482,265.3587153277118,324.8380997800085,193.86139358238225,118.79696605502392,228.6485465236091,215.04589547099624,129.21326435410202,281.02101288631434,Optimal,208063.16789,0.9264489762099287,0.9594622909090909
578,Georgia_only,1596.557589426918,170.1923530176501,271.0610558060496,182.90814943071408,130.04379628742876,257.85915731261804,194.74887563754615,125.195015027854,264.5491869070572,Optimal,193455.20414999998,0.9215844137060809,0.9230924181818182
579,Georgia_only,1651.9515788730037,186.77107132920486,284.9612291827347,217.22530611302355,143.75292327550798,261.35890654580857,190.3197102528555,111.2940633045721,256.2683688692964,Optimal,197509.1752996,0.9318430392797492,1.0
580,Georgia_only,1483.440217975587,161.89038809233398,241.37441014382344,191.6549770431616,133.93458621350743,223.75004944322623,196.76792578535685,114.57318645106443,219.4946948031132,Optimal,180215.15483,0.9227652206086592,0.949740909090909
581,Georgia_only,1471.3805034212364,204.1104052304986,245.309401408283,161.34630239155382,113.95208796766663,172.92002015597916,211.63585880004223,96.46186251734945,265.6445649498635,Optimal,174287.948833,0.9344412521458968,0.885335
582,Georgia_only,1702.3227851102995,220.44113238039355,301.7804667507985,164.64742374985366,123.807933139146,239.5566857069783,236.35333474569728,108.00582521375136,307.7299834236809,Optimal,203241.92206,0.9365538451021194,0.9541976
583,Georgia_only,1772.5767953998125,210.8980130462634,324.855385089286,188.77759644780795,134.17130595270265,242.47773922226511,222.82713536640657,123.2964360841624,325.27318419091824,Optimal,209956.69139,0.9304422659036319,0.992320090909091
584,Georgia_only,1634.1891609782465,215.31822166475936,287.63568040075234,165.72665772046585,123.7990904371745,261.56960857082174,213.81818420827972,117.5468072936598,248.77491068233329,Optimal,198599.75238000002,0.9280702541755438,0.9151707818181818
585,Georgia_only,1776.6341899914378,199.9892481942541,315.3696369601487,241.97923415250824,120.89989732956978,273.4076854315987,216.80940226741197,138.33956581763164,269.8395198383148,Optimal,215333.564364,0.9054233612422781,1.0
586,Georgia_only,1524.97684728961,184.5122410694174,264.8939764958108,147.4647470155883,127.03463118237958,225.39636206478357,187.28088086127448,126.7996143285764,261.5943942717796,Optimal,184760.6386,0.9168514476039586,0.8396004727272727
587,Georgia_only,1674.2029225856436,216.41483816161406,328.6957021791576,189.86951475361505,104.98423887685057,235.72627252329306,219.28046716691765,116.51242684947253,262.7194620747232,Optimal,198899.20699,0.9304072218404078,0.9347894909090909
588,Georgia_only,1446.6444518444378,159.525584417978,264.46121286135804,154.57295267424539,98.48062000123265,221.0107295915527,210.5704496774114,94.68482681543732,243.33807580522233,Optimal,174199.63536699998,0.9345486503447915,0.8429527636363636
589,Georgia_only,1452.6785131925715,207.24660555852324,236.75037938055704,161.63105449533222,114.15322534413113,206.09974431551663,177.76564811678477,109.33541822174234,239.69643775998418,Optimal,174274.04558,0.9247352995176588,0.8246362363636363
590,Georgia_only,1586.06802495759,226.7270666489349,261.22479560159513,174.8408711264281,105.69179736155384,190.30056904139184,202.9780763280416,122.64230805825079,301.6625407913939,Optimal,187354.37687000004,0.9226752616988989,0.8791104545454546
591,Georgia_only,2188.967908296961,264.6784398088276,370.8947806870853,217.08224929806738,182.26701620494913,334.47967361354506,300.1062175375883,160.76410538959402,358.69542575730435,Infeasible,,,
592,Georgia_only,1269.6008554175137,180.1766825660197,226.64555660828412,145.02605752249474,81.32884943030584,192.6825290562835,163.82526227323572,90.12526656016648,189.79065140072362,Optimal,152505.993791,0.9290129129695053,0.7094184890909091
593,Georgia_only,1455.2786525431482,181.5577808061681,241.67370476952829,146.75025942225759,121.04860318206812,194.80877366984848,181.99502535782977,104.45364463457413,282.9908607008737,Optimal,173094.73994,0.9282242941167234,0.8178070727272728
594,Georgia_only,1491.622726507561,186.1651172343999,222.61311243480415,187.22464842653142,109.95055168627366,214.09395091799095,195.1257292873961,126.34490211670064,250.1047144034643,Optimal,180514.08148,0.915297008913654,0.8950926
595,Georgia_only,1543.1585883935757,182.44371055333102,285.74780504846206,182.2468008380524,112.68108808348968,201.31027026077481,204.17549312258555,114.04944625195714,260.5039742349231,Optimal,183193.89716999998,0.9260935011790973,0.907460690909091
596,Georgia_only,1603.0408427194398,212.0644947218361,280.669234176124,171.36036718424117,108.91260812640309,189.3094230982276,214.70993187011473,111.13899228367329,314.87579125881985,Optimal,188212.33111,0.9306698870311374,0.8999689272727273
597,Georgia_only,1295.2020875510752,174.38135101986066,242.56415793571384,142.11578735829949,99.96272539041739,195.97068099207644,180.7720252991274,93.05266195148357,166.38269760409645,Optimal,157543.030082,0.9281558812748549,0.7688191727272727
598,Georgia_only,1643.231376402988,208.55787280431966,256.0497466671682,160.8537119584451,120.94250085516583,238.84434193545997,241.95075657240787,105.88683285210477,310.1456127579165,Optimal,198085.29538999998,0.9355618217108457,0.9522672181818183
599,Georgia_only,1608.146323144407,195.3517446786635,287.73303211047823,199.19746704303253,108.21517185905792,266.88843905002506,205.67774778501152,100.81996425337975,244.26275636475853,Optimal,192857.76059000002,0.9373067228439301,0.9328916181818183
600,Georgia_only,1705.0408667184668,215.85840709142548,306.8936886643947,204.94218353847648,125.32186592067114,279.5588019247335,217.3969688521792,113.42705313429748,241.64189759228876,Optimal,205695.60042,0.9334754674022745,0.9957473090909091
601,Georgia_only,1615.964921209601,197.24861737957875,305.63111405680354,167.78403678408333,124.6370624733052,218.618422020767,240.55281106368056,102.07556232317881,259.41729510820375,Optimal,193541.35457000002,0.9368330587688782,0.9690434727272728
602,Georgia_only,1699.1637203339315,247.00910123480406,318.19292357003184,170.59403211412234,135.86000880183792,243.47447613396034,186.376557975078,115.2281029123474,282.42851759174965,Optimal,201256.60162,0.9321854045287137,0.8985294444444445
603,Georgia_only,1522.8125022142294,215.59231381089134,266.1786386786536,188.47259181435288,96.25398134149555,177.88745688796618,197.94992429371234,105.46883288008769,275.0087625070699,Optimal,177956.290946,0.9307407569475077,0.87759362
604,Georgia_only,1763.063806364496,222.36538431810533,316.25027102477094,196.09870502258235,124.14667845449131,296.4684302937926,249.06220388551196,109.48130125778704,249.19083210745458,Optimal,215939.236917,0.9269516588681702,1.000000018181818
605,Georgia_only,1681.161147131796,224.7092189710153,308.88375608542935,198.7107524862467,134.74323744192185,250.2393323036219,208.3903275635673,109.08877154032379,246.39575073966998,Optimal,200760.05852,0.9351110586168905,0.9851714909090907
606,Georgia_only,1465.5633688901837,208.46470240305462,223.90272038075875,163.55758596594706,114.62452400825462,233.70210225019332,174.442891790577,110.01808016193833,236.85076192946005,Optimal,177535.26229999997,0.9249311962719865,0.8229545454545455
607,Georgia_only,1318.5541044374975,185.79060129763116,227.59583395401472,137.46747862576353,95.745135598618,193.95020231078385,171.66194880079306,85.13774567992151,221.2051581699717,Optimal,157683.150412,0.9354309784096286,0.7361355745454544
608,Georgia_only,1695.6945733409368,227.84287398320708,275.7146501196905,168.53927635289065,122.47701666605504,265.6902981671018,199.08247917898092,123.47940929518728,312.8685695778236,Optimal,203567.78946999996,0.9271806342473269,0.8910886909090908
609,Georgia_only,1832.3723468318851,260.6079128347123,312.4895407797008,233.1171994177128,144.8932351537763,233.03119121566613,234.99316887127463,129.5782772905099,283.6618212685323,Infeasible,,,
610,Georgia_only,1617.3609588667096,162.2275969381084,283.87027241379207,191.8866031134737,123.60615570625487,252.15069683747134,186.66285018253924,108.42007225592859,308.5367114191413,Optimal,191522.69015,0.9329648287400978,0.9130102
611,Georgia_only,1694.295809578396,212.0731881717438,240.40559023937186,198.34673691837975,113.98297737985455,255.2670833821636,251.58309785076742,109.74787637166105,312.88925926445415,Optimal,205569.73454200002,0.9270135245101222,1.000000018181818
612,Georgia_only,1427.3319674132263,232.61446846762368,243.22414942860468,169.16528932261036,90.82649093835656,162.91473445061342,164.88648589562032,91.62300901248607,272.0773398973113,Optimal,164798.023265,0.9358082012418766,0.7725059472727274
613,Georgia_only,1440.3027529196156,198.4748612121767,254.1164612544683,160.6173965600821,79.16471520949365,192.16549797811103,201.34841699996878,107.11535233729649,247.30005136801861,Optimal,171698.25232,0.9256299776540152,0.8020555181818182
614,Georgia_only,1318.102589921856,179.7616643195566,242.76182048215145,150.29996308974378,102.98209363663457,183.71025102366076,145.22036869459757,92.47321623677033,220.89321243874082,Optimal,155516.489226,0.9298436778526183,0.7245498545454546
615,Georgia_only,1862.5721264937297,248.7800093395026,307.12205836213354,194.836230547403,136.0001958636841,298.6861520824301,210.16927903420742,120.65322520299091,346.32497606137787,Optimal,221827.41673,0.9352222580927064,0.9836467454545454
616,Georgia_only,1744.3985673662787,205.8107924988913,321.8261243446982,201.98221998310382,108.71555496095213,245.58171096598787,214.88082355333435,140.93279170045918,304.668549358852,Optimal,207599.35564,0.9192083678565149,0.9555974363636363
617,Georgia_only,1611.7889802329437,217.97924572099993,302.127260562165,166.39629722451556,103.32117434639116,248.48059350995396,223.86477649098416,114.77054654713349,234.8490858308005,Optimal,195166.36344,0.9287930730135923,0.8974222727272727
618,Georgia_only,1412.8586426116217,193.97355344595698,248.21913222004048,153.2424284517947,93.0609566215657,209.75683446941326,181.0648835846244,100.5061970247646,233.03465679346166,Optimal,169222.45520199998,0.9288632262419122,0.7770332127272728
619,Georgia_only,1623.8122858907398,214.00828223624663,260.5495006949772,218.37851362821507,108.97077912604806,235.03542518262995,178.14317852480607,104.5913267963055,304.13527970151125,Optimal,189824.91741000002,0.9355890291017436,0.9190772181818182
620,Georgia_only,1644.7912811636472,225.16325884207285,274.7294215046001,202.9457563879382,110.86104793574334,272.52306189018344,169.43421210369544,117.80979535553467,271.32472714387916,Optimal,196010.08237,0.9283740177171296,0.8786200363636365
621,Georgia_only,1839.3158377277648,228.69934847132612,351.9981577608118,239.60394512815847,135.62524901928285,220.03106605399822,216.33348427024973,123.2855162778295,323.73907074610815,Optimal,216750.11666800003,0.9103752741392075,1.000000018181818
622,Georgia_only,1687.713078564358,186.3679276560513,306.99241109064104,170.95993593222812,114.14928031412654,242.68970078014792,210.1254070015724,138.34926763378533,318.0791481558054,Optimal,201967.17336999997,0.9180256049908413,0.9004266
623,Georgia_only,1466.9746195939838,160.49179385598842,268.6677677751728,161.47663775268876,106.25745661202846,200.07333996549718,203.13493899902474,107.79093859013663,259.0817460434468,Optimal,175262.18988000002,0.9265216124708299,0.8561255272727273
624,Georgia_only,1434.3765519089866,203.52525214566197,217.39320873874718,166.19938447953314,99.85474348832541,196.9080673796398,174.40295789552135,87.05150264527278,289.0414351362849,Optimal,168306.402191,0.9393105675123236,0.80083106
625,Georgia_only,1611.7138073491026,197.10084727522658,281.250437289019,198.37819411213925,127.40057493349211,213.50092865647508,204.4325509542947,101.81116443971477,287.839109688741,Optimal,189598.75729,0.936830492557138,0.9640205636363637
626,Georgia_only,1693.6455911867495,224.91751161394828,297.44688775494643,197.3956851283985,120.38000424049716,230.18589849530895,181.37279465550554,117.91267259704543,324.03413670109916,Optimal,197900.13503999996,0.9303793711031791,0.9075426909090909
627,Georgia_only,1490.0239671651102,183.38562544499976,278.3323980388505,206.22669937187536,98.2422877146646,171.24611780489172,184.53620721883496,110.11359112842058,257.94104044257284,Optimal,173268.69655800003,0.926099457732475,0.88910036
628,Georgia_only,1531.362718825726,189.88559158936832,249.5561068062063,163.39782317934612,114.99636796910526,234.93243440477153,170.4012634489854,129.94263277278512,278.2504986551579,Optimal,184391.13172,0.9151457474912488,0.8159917272727273
629,Georgia_only,1694.2550777265942,210.5722327259632,296.2720989512512,172.08216991648638,140.98719587710931,277.2629064626319,211.48674492992566,105.4730360609633,280.1186928022632,Optimal,204106.82151,0.9377466598074942,0.9537383818181818
630,Georgia_only,1698.0825658388803,209.0279852811358,267.7266646263777,196.39967831631944,110.68399795664024,276.0918715149962,238.98479417408743,129.0810642422065,270.08650972711706,Optimal,207362.13444999998,0.9239842228901795,0.9928517636363635
631,Georgia_only,1681.731801453694,233.77062499830217,226.28002223254754,189.84193005223597,133.78561349859578,278.6383343452181,190.25153660452418,119.49067833263764,309.67306138963266,Optimal,202950.53108000002,0.9289478314256732,0.9343255999999999
632,Georgia_only,1769.0009692880312,192.3539151606762,252.15075685677877,208.710672699091,135.00982263639492,253.71362822391438,223.74715675527904,145.95797804548366,357.35703891041317,Optimal,214000.64479199998,0.9076169927968977,0.9999999818181818
633,Georgia_only,1481.9330920080708,196.22651255927332,229.4062103535029,204.23396157714376,93.25048311949942,192.83816594061568,176.71155399940395,96.62770918228645,292.63849527634534,Optimal,172327.56593699998,0.9347961729654495,0.8621745327272727
634,Georgia_only,2034.0313390802783,265.3239515974042,333.2723254888105,246.97202704170422,131.15693144393563,328.3300762944266,257.5562186569627,149.77770693490197,321.6421016221325,Infeasible,,,
635,Georgia_only,1493.393644333413,170.76942097519824,268.22613837951025,195.10126815762408,92.69697429104414,201.67423763088553,191.45659630118024,108.15045992016277,265.3185486778078,Optimal,175950.96029400002,0.9275807482214865,0.8713724436363636
636,Georgia_only,1589.5537136093017,209.89028988541875,271.060630030027,153.27539752817324,116.95567334645159,255.67683927050172,209.3522281668384,94.92417164716343,278.4184837347276,Optimal,191109.678162,0.9402825001781391,0.8719696363636363
637,Georgia_only,1701.2633626904524,194.67441390358735,288.7480470935675,217.04705370606405,140.35929352997252,241.83711318805558,226.10478979011054,117.4432807012506,275.04937077784433,Optimal,206296.504887,0.9112692155718168,0.9999999818181818
638,Georgia_only,1904.976929657148,259.1649702638068,333.8197308698495,198.49847084226803,151.43524653186756,290.2161416586679,206.861843120718,145.8080787096355,319.1724476603347,Optimal,228753.24348549996,0.9198921324025624,1.0
639,Georgia_only,1609.8233320703428,172.2350078063163,242.72613804726402,206.79653885591733,108.4274125993597,253.95877953749417,184.53711692374512,101.01362384942149,340.1287144508247,Optimal,189352.57938999997,0.9372517343624084,0.9086564909090908
640,Georgia_only,1722.2107633845949,221.58863368250385,306.03875181348815,185.86415930686462,129.21428656090293,280.6089778362798,215.31699543001233,130.90017103758956,252.67878771695354,Optimal,209385.45299,0.9239929478042852,0.9643553636363636
641,Georgia_only,1909.8398359636737,271.3284620045971,326.21406535595077,210.95523402371225,156.99055017611067,259.2403122298745,254.6390727136994,132.11816683482618,298.3539726249028,Infeasible,,,
642,Georgia_only,1753.4050688139343,218.19325956343513,317.5716784605882,195.21221610648186,124.632405190583,248.3546348479486,212.96247412083386,135.93091966826373,300.5474808558,Optimal,209091.95746,0.9224760317900284,0.9687401818181818
643,Georgia_only,1765.4976526631956,240.72981669836142,336.60269741581476,189.05872759774377,132.6318152132815,243.937814587648,222.90713044965577,115.55690490599677,284.0727457946936,Optimal,209408.63197000002,0.9345471275541593,0.9901776
644,Georgia_only,1714.1240979393635,210.93178326591425,270.55327293769216,211.1948947949444,125.66623538690341,214.700153588239,220.58999896919653,135.74386258657165,324.7438964099021,Optimal,203930.21813919998,0.9164617088625582,1.0
645,Georgia_only,1521.0016584147625,173.80451824219892,249.6672624269687,197.4781265879839,116.23219194617647,171.5704816015234,211.63815495832048,86.43849241050725,314.1724302410833,Optimal,176222.678802,0.9431700169841685,0.9551790363636364
646,Georgia_only,1791.5443353103108,214.38995203087254,300.55532304299544,211.7853912580051,117.93417234971945,259.5549059338625,220.14807650767733,120.83033578473345,346.346178402445,Optimal,211517.3846,0.9325552078568115,0.9997593454545454
647,Georgia_only,1293.6185339339995,167.92980095242692,193.87553412177436,145.8893960731251,86.50868776940524,239.5664376386196,158.76418736661958,91.59322526886983,209.49126474315884,Optimal,158145.97885299998,0.9291961087976554,0.7112041418181818
648,Georgia_only,1800.1828916903257,212.86194103218736,279.7346419610822,240.06612137087217,134.55396917758762,255.67715520040633,285.11610138952244,116.81264792200685,275.3603136366607,Infeasible,,,
649,Georgia_only,1481.834680571171,213.5102429506666,237.2630421249282,189.54220361723668,98.75493499327852,175.43420319806683,174.72397703890294,108.23418731284397,284.3718893352473,Optimal,172771.79626,0.9269593315703393,0.8418565727272728
650,Georgia_only,1815.6650301590862,242.13471687046885,333.2668345026035,159.27422306891248,133.1309019687373,260.3605379431262,226.32127003070025,121.32540964864704,339.8511361258906,Optimal,216033.33696000002,0.9331785278981465,0.943138890909091
651,Georgia_only,1818.039976861375,279.52822471224505,300.3206535314988,188.52977127832904,154.06624143206983,247.14208170642578,218.01939861774912,111.0674384311494,319.36616715190803,Optimal,216092.87362099998,0.9330692072726336,1.0
652,Georgia_only,1793.243464098215,236.90227226909826,296.86640313809437,204.36710953380523,127.85940799427404,254.7003352508713,244.96908732089662,131.72932504172456,295.8495235494507,Optimal,218036.401285,0.9113757070470433,1.0
653,Georgia_only,1561.1910486590757,210.45917707449885,244.4385612526919,170.11016799634265,100.44277675145952,267.10701866241544,176.24571022259394,115.3073920681419,277.08024463093153,Optimal,188204.56107,0.9261413977756825,0.8123612000000001
654,Georgia_only,1716.8417905174906,222.82334186583424,300.7899099136279,194.97579654106318,94.70352267076225,230.275822137465,256.40121230256966,114.54058192154625,302.3316031646221,Optimal,204343.37217800002,0.9332841336050155,0.9928736963636363
655,Georgia_only,1939.6212042908035,242.17492111547392,338.22005340137434,231.247512824014,121.37010404710671,271.7850793725963,231.2761451511076,156.50382194431126,347.0435664348194,Optimal,233243.761442,0.90183774343691,0.9999999818181818
656,Georgia_only,1331.6801153063857,179.5549451406803,243.3155147305466,141.95568380502897,101.12449113521542,195.11033187812498,151.1133625014971,94.61400654651548,224.89177956877694,Optimal,158279.546967,0.9289513943935271,0.7167155090909091
657,Georgia_only,1479.2936666182154,170.12660092166095,261.8254896400447,211.04968466549244,104.34371567771747,213.91855373021102,169.65394876987477,102.05007538181164,246.32559783140243,Optimal,173880.52105,0.9310143219557547,0.8819042727272727
658,Georgia_only,1569.3003350513952,184.83514355107363,261.8735447177667,165.83057203943582,124.13931892689853,269.1839560816102,182.89495925512,105.73100076724049,274.8118397122498,Optimal,189221.61846,0.9326253855365855,0.8597542727272727
659,Georgia_only,1709.6367379640185,201.2763176199378,273.5886069193852,204.7736591260167,102.45338977501562,301.2357699451638,223.89383571578205,117.07679127141658,285.3383675913008,Optimal,207190.21805000002,0.93151950039197,0.9656743454545456
660,Georgia_only,1493.9640256683565,220.44111313083525,243.39161755770908,156.66159687431573,121.9114830599838,226.76965013940642,180.53716648997982,106.82776232777371,237.42363608835265,Optimal,180197.27563999998,0.9284937563201598,0.8347459090909091
661,Georgia_only,1606.31679025673,193.33059004733244,271.48933789714215,196.01740207140998,133.8158716184673,176.72605040797686,249.3184568950044,121.64979052853316,263.9692907908636,Optimal,194680.960101,0.9061196887367229,1.0
662,Georgia_only,1495.2827588218518,162.86238568475073,294.95958880457147,156.4087567356106,116.40933793009151,209.26509737172265,166.85771193404386,113.72338639097394,274.79649397008706,Optimal,176624.11993,0.9239452350059493,0.7994105636363636
663,Georgia_only,1494.982873736842,203.38047264886043,298.08016678218615,174.23779814332377,108.2552192956714,192.6970567976985,168.20815407346223,99.55826153352788,250.56574446211164,Optimal,174277.63955199998,0.9334050807632416,0.8194566727272727
664,Georgia_only,1616.161305118213,201.1406231826213,350.98727247786144,193.1030848114498,103.38670568050716,202.18762584729723,172.4378848403795,103.04362914707858,289.8744791310179,Optimal,185344.93313999998,0.9362417384998115,0.8525957636363637
665,Georgia_only,1506.6935159719546,185.84424164302033,281.6990179325746,187.0419359245034,114.84088742188975,221.01534228018122,198.4465303321324,96.98408960704327,220.82147083060966,Optimal,179768.94642,0.9356311785085295,0.9096897454545455
666,Georgia_only,1392.4216784488733,174.72424711562226,232.2616205967038,165.1695697857309,100.1716892511847,184.37598117982668,187.1270874842744,108.62377183497206,239.96771120055845,Optimal,166546.95678,0.9219893153560509,0.8226697272727272
667,Georgia_only,1724.4909669548317,229.56160073143923,308.3552226432494,190.46882241572325,128.79041133655855,264.60418779523377,183.40589858662634,137.50610800393304,281.7987154420681,Optimal,206365.50879,0.9202627850248211,0.9139366
668,Georgia_only,1590.9838662357533,173.66822131291877,279.2336443019706,164.03777299115194,119.7197553405562,247.46943277881255,227.80226225620135,121.76132068181622,257.2914565723256,Optimal,194168.37754000002,0.9234679063566877,0.930108709090909
669,Georgia_only,1758.0914738140204,204.0702583375035,300.9796711711436,192.0077482078182,122.11358526281315,225.4374465602859,260.22644019710776,139.7446317301496,313.51169234719873,Optimal,213447.25124399998,0.9066644732324213,1.000000018181818
670,Georgia_only,1559.9246236899974,183.5134811229547,266.38948817572134,163.97264124702178,113.19818470807306,233.46184541171112,197.07238610284662,116.7924620729873,285.5241348486814,Optimal,187157.07856,0.9251294184883594,0.8622603818181819
671,Georgia_only,1681.5306020182918,270.60539378117693,256.74913890706745,174.5165599983461,109.26215061139672,241.9588167448084,189.37690302180675,117.02138635887354,322.04025259481585,Optimal,199180.46459999998,0.9304078130497094,0.8602829272727274
672,Georgia_only,1765.9700690721786,259.7185069676151,320.11822396060825,216.84053919681273,116.15906348606747,236.32281646772253,240.69511761509273,133.4485943529964,242.66720702526337,Optimal,213713.32412,0.911015870640016,1.0
673,Georgia_only,1438.0301980451509,161.75368657166013,218.2289901857176,180.87647750357607,118.70784578708489,204.8368391077411,184.55199746803729,120.33361899526481,248.74074242606892,Optimal,173653.22725,0.9163205277547496,0.8802478727272727
674,Georgia_only,1694.3925162617015,224.95349108341298,299.9864466621748,220.46744157183065,129.47285472876158,242.86847090267338,208.36870124534707,123.57414433638586,244.70096573111525,Optimal,203078.49615249998,0.9221649381734333,0.9999999818181818
675,Georgia_only,1652.042453688511,217.32649881652137,295.46562045325885,169.92115561215897,124.94541788590853,242.85392915816132,214.4530257804262,123.72031743573429,263.3564885463413,Optimal,199262.61377,0.9251106995390579,0.9260356545454546
676,Georgia_only,1438.3837317950263,185.39556277178477,189.53789935221562,167.13501799452024,121.03138869656435,204.28662036618516,192.953843348934,115.82344971671486,262.21994954810725,Optimal,174629.48124,0.9194766672934457,0.8747640909090909
677,Georgia_only,2018.6042414293927,235.87611674595982,331.61714255630034,240.07957512032405,121.64936043638481,285.75578286519624,259.0692473829674,162.78421088139947,381.7728054408605,Infeasible,,,
678,Georgia_only,1768.4975074166455,237.22779321933407,296.83159921652083,202.50824660860565,132.62234739807303,272.02040645189237,205.91015381125374,128.575592500287,292.80136821067873,Optimal,211840.25316000002,0.9272967098469572,0.9837104545454546
679,Georgia_only,1611.0141979275438,236.2080877540912,273.66159853119933,170.59493324436716,106.73906275051843,220.81308120528413,223.68189871979564,114.99795536580989,264.317580356478,Optimal,193308.24054,0.9286176632859718,0.9109379818181819
680,Georgia_only,1891.7484093677826,224.97548651108144,316.63041210801026,245.06270157917947,148.46288694509454,254.63766794717714,229.03761523970246,137.4933665310472,335.44827250649024,Infeasible,,,
681,Georgia_only,1573.046647697387,174.93261232967447,287.4015098226681,179.76121469714778,116.7617807099406,231.957426085289,184.39147485245468,104.38769235712748,293.45293684308496,Optimal,185574.07044,0.9336397952023935,0.8743899272727274
682,Georgia_only,1597.9836139183396,186.49586784105438,261.57161815792097,186.5212228813358,106.45847919872885,266.5769647928788,218.72129675973497,96.5204293353316,275.11773495135424,Optimal,192318.567569,0.939598608472795,0.9303654545454546
683,Georgia_only,1925.2708434024269,333.3654803037617,304.9705544941264,213.64185269977378,116.30194927714851,281.63080948336597,251.51312603479207,137.0225501565608,286.8245209528977,Optimal,236569.546272,0.9021195775917971,1.0
684,Georgia_only,1763.4909566707963,266.0439762226325,338.4571541109225,204.23810283087926,122.48449529963342,269.35696781127484,218.4892119057205,95.59791852093673,248.8231299687965,Optimal,208939.736769,0.945790526280174,0.9912942
685,Georgia_only,1805.8575345364386,268.42420750299897,309.414982148447,192.85427480762553,126.68788100781671,229.58971960422096,229.09753793050461,155.47014601768964,294.3187855171352,Optimal,216693.61946000002,0.9139078573125938,0.997526709090909
686,Georgia_only,1492.5185622604351,165.48587389041123,257.63202335260354,153.01036561922382,112.22821404742557,203.93063193277212,223.9471256035891,111.56688855919485,264.7174392552149,Optimal,180334.71435,0.9252492430704072,0.8894285636363636
687,Georgia_only,1338.2327587512011,178.47472276424756,244.7156811518601,163.78270495421998,102.49263914938801,200.2674581298347,158.42249860024575,77.7555025108064,212.32155149059867,Optimal,157965.570343,0.9418968723917951,0.772177890909091
688,Georgia_only,1777.313156029555,245.70848963457337,339.0105704941129,208.33371322101183,128.89895667478402,252.44681043068923,191.1941059041085,128.2707104912984,283.4497991789767,Optimal,209646.4405,0.9278288659517343,0.9607759636363636
689,Georgia_only,1442.5391834176949,174.68468567040532,255.38494065419388,187.8308193925714,116.04732458549962,194.43353701310642,197.55838280974112,106.3338675150913,210.26562577708575,Optimal,172921.28538,0.9262870190009213,0.9117027636363636
690,Georgia_only,1777.0529025263352,211.03732003658516,318.12675480256894,184.90386517444338,135.19806304709098,283.42072062463814,231.1067419193681,132.06029024274747,281.19914667889293,Optimal,215717.96440510004,0.9250056301999371,1.0
691,Georgia_only,1530.8885815397775,177.52725608958644,294.11463220014406,198.7144284105354,105.13514518680365,221.44350426408806,185.73929698923038,96.76907141282264,251.4452469865669,Optimal,179870.325061,0.9367889585782614,0.8901615999999999
692,Georgia_only,1306.6230667854654,149.74728460279582,249.70430791827926,146.29822100437937,100.58742666361698,154.8681720533751,183.43631993495484,94.25460384956101,227.7267307585031,Optimal,154613.495344,0.9278639653765265,0.7824035818181817
693,Georgia_only,1752.3488592565184,220.86205452295485,307.1587069360385,199.8031484375565,130.33436418434678,229.51646675606452,223.31976085266598,121.34757987986094,320.0067776870302,Optimal,207279.4395985,0.9287785371062072,1.0
694,Georgia_only,1477.2621690377014,208.5972884708889,271.9433845003869,162.25754009070283,115.57735553192994,206.54383459027125,181.4664181388362,99.20852749917964,231.66782021550577,Optimal,175686.61309700002,0.9328429772879606,0.8350933090909092
695,Georgia_only,1580.4082041718502,207.30651533481372,273.3711479136731,204.68547635820676,128.2813969658745,237.50343578526957,174.21857430312386,123.29416810738788,231.74748940350077,Optimal,189222.87019000005,0.9219858807070307,0.9221553636363636
696,Georgia_only,1409.068300454875,184.449709005539,291.37555715288215,129.99583675591992,89.34816377787983,193.88795061459723,200.8546772208299,88.45213999264709,230.7042659345799,Optimal,167632.231394,0.9372265159706447,0.7639976072727271
697,Georgia_only,1748.1061898137498,252.69498932044948,290.29300108257354,227.60228330012754,129.63607208407902,234.78635149327775,215.43336692323376,120.71693256839858,276.9431930416101,Optimal,208936.130002,0.9179748514997095,0.9999999818181818
698,Georgia_only,1671.4920643246091,237.36534407338257,247.71066761197613,203.86475342985517,107.3791893245913,236.6792056699907,221.17532737956006,131.92043448067372,285.39714235457944,Optimal,201083.9157,0.9210762425139519,0.9680350363636363
699,Georgia_only,1790.4218400629657,247.28088599659782,329.24518787975796,207.49945334407153,125.82051288138312,245.617346067736,247.5273004145667,125.6548203419453,261.7763331369073,Optimal,217094.45159699998,0.91258926440628,0.9999999818181818
700,Georgia_only,1612.6498832230025,215.81457643204024,240.26629624343087,173.7758853432995,136.54102824290538,205.4072047689908,217.96289387628286,118.73052183537622,304.1514764806766,Optimal,193030.67379999996,0.9263755174274341,0.9605087454545455
701,Georgia_only,1495.4701686656394,175.44390773339555,254.17118393291528,158.27388902764568,122.98281165677805,214.5499561301825,206.50152216727318,95.35436497221535,268.1925330452339,Optimal,179058.55226499998,0.9362378664158034,0.8868331272727272
702,Georgia_only,1966.5775223616656,261.4354126714338,313.3326595471633,261.8473750844893,139.27436123613302,256.77349329209136,234.84256129038613,129.76298915723163,369.308670082737,Infeasible,,,
703,Georgia_only,1469.7601468075723,172.5751781723314,241.82328527356213,174.60523055217172,114.31449942753692,236.60033744193888,182.09137364406604,115.76595136759809,231.98429092836707,Optimal,178404.27047,0.9212348034752307,0.8563838181818182
704,Georgia_only,1841.2540662130264,258.73484855948175,332.96665350609516,184.41428001241246,148.92030544694254,257.8466621895379,228.75516381688337,124.45110328753657,305.16504939413676,Optimal,220655.996279,0.925843554825731,1.0
705,Georgia_only,1714.9471958194872,224.70839133506593,288.57488109408047,230.81434077694865,105.5744801002534,246.17505736791276,188.5275075672436,126.55194581627246,304.0205917617099,Optimal,201570.30726,0.9262065058749437,0.9543933272727273
706,Georgia_only,1704.9473166359203,218.52626726999662,293.66369487789393,193.8160531562325,100.49458495453479,251.9928967330057,247.44113332443487,129.13787537086765,269.8748109489542,Optimal,206307.43558000002,0.924256963616491,0.9850032
707,Georgia_only,1964.8724942408444,255.70927604898395,373.9936547091096,237.41512108510685,160.10205475124232,236.38480128659023,230.45207038585562,146.051570952133,324.76394502182285,Infeasible,,,
708,Georgia_only,1493.3918990022776,229.69436787793109,249.12012419271207,181.18310782900278,114.00368206217136,214.66800336055417,156.80451895450435,91.14290540961456,256.7751893157872,Optimal,175059.238325,0.9389691955184908,0.8218023818181818
709,Georgia_only,2004.379995446283,237.65323785930505,339.7296396477277,279.4525353501183,142.43198910781663,298.6042857698156,263.48431470973674,130.48713074080558,312.5368622609574,Infeasible,,,
710,Georgia_only,1571.37804954705,194.75128954003085,241.48216115827572,164.8926907340637,111.12911957441993,244.15125616808797,246.77136384924444,100.84160193424367,267.35856658868386,Optimal,191619.81057,0.9358260098032313,0.9505330363636362
711,Georgia_only,1448.128589113605,174.61614562224784,208.54201073376566,196.24514786742543,98.89863281433568,227.19650608523204,167.17287043071025,81.63054780806416,293.82672775182374,Optimal,169843.48641599997,0.9436303262519173,0.8405757327272727
712,Georgia_only,1372.2210254198883,157.24098558720473,262.20113096502024,156.38494712895508,95.08489200925368,221.40852948382033,169.50838508914674,104.94776913452671,205.4443860219608,Optimal,165582.56766200002,0.9235197891041094,0.7654149672727273
713,Georgia_only,1825.0745737818806,223.59084194524476,320.8596426351494,195.5525840894788,121.06396380839045,255.39999465687424,259.0931370458967,128.14687172203577,321.36753787881054,Optimal,220714.660345,0.9156984728229147,0.9999999818181818
714,Georgia_only,1508.2735981896344,223.1705570326491,225.14172429255981,146.95237811240878,125.11017126203724,174.99907915335422,232.21005831122565,108.44574843403758,272.24388159136214,Optimal,181684.15516999998,0.9280994188854057,0.9168592909090909
715,Georgia_only,1698.3176887967688,198.20048959533554,297.23059873169495,230.6719521295198,132.8547840683876,219.02161406407566,239.61401202475807,104.58925046187991,276.1349877211174,Optimal,205107.111328,0.9071257339911957,0.9999999818181818
716,Georgia_only,1556.7259351189566,235.49055482080658,241.40288016773002,205.3234841316879,110.86263379175021,196.13669264312145,229.76461258408114,110.81636002078538,226.92871695899396,Optimal,186790.36086000002,0.9288144607737338,0.9926376727272728
717,Georgia_only,1669.2013370107484,187.4930009626095,284.94080484728397,176.26017559394282,113.69620358164606,274.96676000922474,236.48574131806654,106.03903986253817,289.3196108354365,Optimal,201897.18085,0.9364731835162283,0.9571674909090908
718,Georgia_only,1621.770502940083,236.3190614070246,288.09163180195804,162.51185743732987,100.74991809977311,245.0076291285531,222.7152250015873,107.9508141471949,258.42436591666194,Optimal,195169.94295000003,0.9334364493962737,0.8835945636363637
719,Georgia_only,1601.57457345159,221.99014704274015,221.0425669875422,186.56050390507446,130.09172982279057,206.56729760628195,235.27320202776394,105.75340905739023,294.2957170020063,Optimal,192151.71802580002,0.9327668937578546,1.0
720,Georgia_only,1477.5662649860126,160.2306238435585,256.6972015961557,165.6893311327944,121.81573557150296,227.3854667943443,160.6612297608027,108.10857550887535,276.9781007779787,Optimal,175724.59230000002,0.9268333491716285,0.8148478181818182
721,Georgia_only,1883.9009758017091,268.70673304816466,361.61580756955027,184.77535145393452,128.8463734540924,315.15844882109803,253.5078942067523,115.90228419976425,255.38808304835266,Optimal,234593.732098,0.9052429516759809,1.0
722,Georgia_only,1370.442939790452,187.29664665847443,231.36877455986942,153.0826289876757,91.95803830794466,178.82625914540108,186.55916708611772,97.17843545757029,244.17298958739872,Optimal,162922.946333,0.9290897643609218,0.7847269781818181
723,Georgia_only,1443.4389228420189,208.0906818009102,261.00911735926104,172.133510832631,78.63776173820479,211.32654909120052,150.75156420910253,100.89893383203807,260.5908039786707,Optimal,168821.602582,0.9300982263639137,0.7560292777777777
724,Georgia_only,1814.7614756243565,245.30614183301316,366.07566165859686,206.1536172825248,116.90400427667957,240.43759093416588,228.5644793588706,137.82341914700805,273.4965611334975,Optimal,215394.5541259,0.9231604111629154,1.0
725,Georgia_only,1661.123583893196,221.80309484832327,283.141508020744,180.01976958706695,117.83834962131523,254.71429687230753,218.06158363223093,133.20682449557677,252.33815681563127,Optimal,202035.11543,0.9198092031292474,0.9380358181818182
726,Georgia_only,1372.0478937506712,159.50082974430126,263.5786576624494,155.09692398617867,98.66188895012428,208.57234211660807,188.92786078379973,93.18253984892813,204.52685065828163,Optimal,165075.21911399998,0.932085064103743,0.8048848527272728
727,Georgia_only,1589.2504661528308,169.6961920347061,261.8681939357547,162.78575334908413,113.0499015903799,224.0433867127086,190.65636628569885,117.04455268872299,350.1061195557755,Optimal,187811.1034,0.9263523537380701,0.8481673090909091
728,Georgia_only,1322.9507422244078,217.2159416126946,206.15414393819097,132.28941875235083,85.99657444182958,203.76535377264247,174.12926043902044,88.98176035400697,214.41828891367197,Optimal,159821.07873399998,0.9327399234269343,0.71348228
729,Georgia_only,1474.0144322893113,201.52454378667755,287.12851654593345,164.58789350602945,98.59667489547537,203.2628894314059,150.80673918567425,104.95558265175113,263.1515922863642,Optimal,172058.02385,0.9287960925007339,0.7687955
730,Georgia_only,1563.5229305105158,187.79048110249482,294.59474926185277,181.15520027098052,114.06591211223862,230.78046101879076,200.36213902016857,125.13198198434496,229.6420057396449,Optimal,188545.93855999998,0.9199679275124809,0.9010604545454546
731,Georgia_only,1566.861812137176,162.59786251359748,261.18588899297276,221.88203402696303,99.8179081642703,203.2905038707842,202.77861912028172,123.73457615898289,291.57441928932354,Optimal,184742.15523799998,0.9210303147484308,0.9535973781818182
732,Georgia_only,1547.1277692863544,230.00568213395093,257.29675878153745,193.33222133892482,126.45715055131113,195.46908120925335,167.1440832559712,113.76617784170641,263.6566141736991,Optimal,181757.91415000003,0.9264661965580054,0.8853335454545455
733,Georgia_only,1612.905856210611,211.22835792305503,271.4471513485015,213.68176384252965,84.54452649393454,259.45244235785793,211.03496378855638,112.79794950589829,248.71870095027768,Optimal,193391.082056,0.9300653787223387,0.9259295381818182
734,Georgia_only,1793.331867943444,206.41809564586146,312.45408174484237,230.88554359264913,109.1437251122714,265.8471964899679,239.13568235589224,134.40370075058328,295.0438422513761,Optimal,217025.22298099997,0.9087906422300848,1.0
735,Georgia_only,1720.5109627040647,241.08114205441197,281.15746609918125,237.89576426869996,107.75342441321973,225.60198500586935,245.06712433424244,118.13387534374426,263.8201811846957,Optimal,208083.54501300002,0.9076726646051673,0.9999999818181818
736,Georgia_only,1556.73686550536,228.04081238027757,282.9111189714792,158.80015531882816,90.28320870808818,252.8126790486609,200.8634053845599,104.37761866602645,238.6478670274395,Optimal,187539.818214,0.9329510280008201,0.8486273444444444
737,Georgia_only,1321.8272832626992,145.96130368599194,228.87889925622747,140.9386951323576,109.09740242466347,202.90497493685325,157.0018902090333,84.34951396918127,252.69460364839094,Optimal,157038.725174,0.9361871824475455,0.7400690727272728
738,Georgia_only,1509.5006548494223,257.17864388075543,265.79919120474784,153.10600734330063,89.43888151508624,203.81695299781572,228.13829710743735,107.00898453483214,205.01369626544695,Optimal,182793.40088200002,0.9291096810686069,0.8557876218181818
739,Georgia_only,1583.6880676568117,187.01667755257313,294.3818564046686,178.6958981994846,105.36424047492302,220.49266719879466,240.47989983131296,118.90535095389833,238.35147704115624,Optimal,191521.74455,0.9249187134226874,0.9537091636363636
740,Georgia_only,1789.5801512436685,245.75365428212655,369.35713093396043,200.74657347233182,118.03947325225232,252.7146891188063,209.22425501634189,123.77182167404166,269.97255349380754,Optimal,211203.63247999997,0.930837503334146,0.9642505222222222
741,Georgia_only,1644.5681903260022,177.57171002970472,298.0139681178781,197.77601689965212,96.75597826981354,245.9518831709308,194.2254341745496,131.44076696561464,302.83243269785874,Optimal,195298.645838,0.9200758149773365,0.8886498690909092
742,Georgia_only,1705.6344108175163,242.38622542766578,274.4554183245593,164.99663324661142,128.66294112695567,223.5212646301589,232.8513848754124,109.37766392269923,329.3828792634537,Optimal,202771.46352,0.9358727344360441,0.9572926363636364
743,Georgia_only,1632.0124859607463,189.87318913602593,261.26033892303076,200.1188125108859,130.97832176272897,245.34143308683915,201.32226322787682,121.83964754131708,281.27847977204175,Optimal,195904.77925000002,0.9253439192353844,0.9680352545454546
744,Georgia_only,1445.3561053574374,168.7460274334714,260.1055343467913,159.1094013994175,106.55669522673858,176.48643087072824,211.2183926290576,102.034754266104,261.0988691851287,Optimal,171746.97452999998,0.9294051099384923,0.8670627090909091
745,Georgia_only,1935.5769064114047,278.13120756277533,339.2055522135204,191.10713523483943,131.12176591053912,272.62465359626566,244.60943899015282,134.1547801589878,344.6223727443242,Optimal,231924.27678000001,0.9219906396324242,1.000000018181818
746,Georgia_only,1741.7530104886398,247.26309357205375,316.87358794612254,181.5069651243444,117.78755189942193,242.90121891950366,228.11312638358163,115.76865863072807,291.5388080128838,Optimal,207219.20042,0.9335332565573337,0.958923
747,Georgia_only,1576.7113228343133,187.9329532838286,275.47647069753475,193.00986915125947,131.49757343668358,243.99854533861935,190.62407910340127,125.06830879208657,229.10352303089974,Optimal,190794.51126,0.9206777353450541,0.9366027636363636
748,Georgia_only,1653.8219381778465,202.0204969885655,269.58421988235835,231.50456298967327,113.80117969913736,243.2860938294839,226.635165816436,118.38613387800058,248.60408509419153,Optimal,200372.17185900002,0.915149850816191,1.0
749,Georgia_only,1679.2242164125616,204.64832264477903,279.39630839543526,187.8085889266192,123.14439753622565,245.17385301808122,181.94070153959214,120.26790127333972,336.84414307848954,Optimal,197959.91077000002,0.9283788875618422,0.8961703454545454
750,Georgia_only,1224.1673429836612,154.36612955145517,210.74424323949134,123.41692524013973,78.3479545695679,170.95042550142816,189.96631451138057,90.68862509379417,205.68672527640416,Optimal,148434.554725,0.9259181201790385,0.7122385363636363
751,Georgia_only,1612.4715294938435,211.6256539238435,282.0663878594616,179.8969339278394,145.80930729574982,229.92178162978794,210.4551013380174,106.17330370151714,246.5230598176267,Optimal,193579.18721,0.9341549245665308,0.9748388
752,Georgia_only,1419.0615052240407,160.33635471715667,256.985958385858,164.79178197793354,95.14866614664575,195.6918268366493,202.79498049610976,99.26198401880784,244.04995264487982,Optimal,169377.83335000003,0.9300509605407348,0.8413371381818182
753,Georgia_only,1517.6012014188332,221.70624530740452,260.7881168994972,146.5708474236047,96.42926779979464,242.82235786516193,199.13461946068492,113.25558204568898,236.89416461699616,Optimal,184514.20014800003,0.9253719795998131,0.8059074777777778
754,Georgia_only,1453.1573391497263,191.4448383265405,253.2306254343502,150.95806558597778,93.63493089234038,254.8636204037899,184.50713003357944,103.95524313106561,220.5628853420825,Optimal,177067.665616,0.9284625103221426,0.7801820563636364
755,Georgia_only,1348.9366100872223,184.35504823715291,225.25912695223795,170.01301552450929,93.80288616449273,195.4930073773707,174.99883713475924,89.19314944320301,215.82153925349647,Optimal,160695.104525,0.9338789284683622,0.7978449927272727
756,Georgia_only,1588.4869876435528,187.1075944237845,271.4819552089182,181.70642375011462,119.11897003098831,249.9708127090389,194.4095408362632,102.69178143246894,281.99990925197613,Optimal,189473.69264999998,0.935352452716096,0.9004271454545455
757,Georgia_only,1748.8696122960735,215.67440614654197,295.6986244921127,194.6327854309321,122.12638958643257,264.31507522614396,214.40893709992613,131.7514338884119,310.26196042557206,Optimal,209529.66219,0.9246648112759541,0.9657602181818182
758,Georgia_only,1952.8281331492458,236.4204961471085,380.1021160443266,244.75276663295517,124.92076242350714,298.78154136998904,270.13226618495236,132.82693751316114,264.89124683324593,Infeasible,,,
759,Georgia_only,1600.4006717671884,193.9613504274966,289.374927582887,164.3566340370412,130.1693749215374,204.19079060429513,208.2083453109955,115.93602007311807,294.2032288098175,Optimal,190000.96346,0.9275581272787332,0.9140624545454544
760,Georgia_only,1382.9688866326069,184.99916615223495,247.26518093871823,151.4593773023493,95.41009003617421,149.0780373675398,207.45910039320586,95.96165906093647,251.33627538144796,Optimal,163159.842289,0.9306118542794813,0.8260519454545455
761,Georgia_only,1715.952495121091,209.89168071911757,298.144848054534,174.0404944723559,128.39929854783222,271.4832390990279,212.96073736993836,114.15293010023663,306.8792667580485,Optimal,205724.80369000003,0.9334754747315804,0.9370918727272727
762,Georgia_only,1704.6279829211899,205.72739623652987,275.22377062820914,192.2470930212302,128.05583183620604,225.6645513912554,231.1467080431081,144.38997562447048,302.1726561401807,Optimal,205548.19300790003,0.9144449085769041,1.0
763,Georgia_only,1497.1820842455431,215.583560590848,259.79857951371923,161.85556296799894,104.87679054392598,197.3244401145219,224.20527246896228,107.86824986042119,225.66962818514554,Optimal,180661.22914,0.9279524812775863,0.8926138545454546
764,Georgia_only,1700.28071619966,223.64876724493084,296.4420280844771,167.65311707432278,107.1515598151395,285.8175288963417,203.0249681826762,125.40890314178553,291.13384375998635,Optimal,205327.43592999998,0.9262422404695827,0.8954537
765,Georgia_only,1391.747325344289,153.96323093597792,249.977509033245,153.75300110800436,96.36296495832632,220.01245756025733,151.6911604562034,98.52806499921795,267.45893629305687,Optimal,164792.613805,0.9292054968958428,0.7305584090909091
766,Georgia_only,1790.891905706939,216.89940462654087,311.5787098123011,210.96475645270363,113.48754942934505,213.71150815667247,243.10364484751312,124.53712190980913,356.6092104720536,Optimal,211176.72654099998,0.9206579273410425,1.0
767,Georgia_only,1516.4983188092942,212.28861988008396,278.39523112454384,179.43644230231357,107.0650043138396,194.25382065144532,186.6344632671828,101.6158722830496,256.8088649868355,Optimal,178058.09544,0.9329930751990021,0.8602470909090909
768,Georgia_only,1435.4886143916417,189.1742148324,294.11877615799773,150.2804995177151,108.13819556286956,169.75642427791075,194.06868836179834,105.26819698857166,224.68361869237862,Optimal,170010.86714000002,0.926667342857154,0.8227043454545455
769,Georgia_only,1765.436847491958,218.82359389300487,345.9648606722156,194.68274175675157,125.15224875011329,237.1283771631541,193.56718601361013,156.05877495581205,294.0590642872964,Optimal,209760.35565,0.9116033078647585,0.9334585090909092
770,Georgia_only,1567.4583713076117,213.10442416193354,243.30225002253968,163.94199614295658,99.28501132116631,267.94015586259815,222.1854493663398,113.52105408706335,244.17803034301434,Optimal,192529.390166,0.9275763539334637,0.8825681109090909
771,Georgia_only,1435.8472553749043,186.6526461407678,222.27779477601058,182.93620083193935,96.68314216091386,203.73758193835369,186.71452359751441,84.18436330980526,272.6610026195993,Optimal,169046.87937500002,0.9413695481467328,0.8478797490909091
772,Georgia_only,1534.124685857698,164.86977676784537,263.83677203506954,176.89461738003135,103.07926924639757,236.74493637156334,232.10391229196216,118.34691425576,238.2484875090688,Optimal,187371.94647000002,0.9228570487466391,0.9310505454545455
773,Georgia_only,1478.247393881541,157.1379809193717,260.5228950591431,154.05983837093848,109.3666851983101,230.54009612632552,209.09091532656805,108.62879538227838,248.90018749860567,Optimal,179525.56592999998,0.9265151595523492,0.8591226363636365
774,Georgia_only,1417.4019107081322,216.7404421251602,289.7900522487124,153.4618076912947,101.0814435943992,172.5892666719389,167.63164441234892,97.06687599662494,219.04037796765277,Optimal,165974.60876600002,0.9315177438559841,0.7675907090909091
775,Georgia_only,1885.1942780279085,252.0358630338313,306.13242779817864,208.48461613151528,139.07546616120487,231.513904877188,256.38303786953577,135.1935454313686,356.3754167250861,Infeasible,,,
776,Georgia_only,1650.1507321798504,198.92554605186788,264.7957301433057,216.8244933016684,123.14166300867893,250.43232335673054,225.34694677874236,116.91044612188071,253.7735834169759,Optimal,200355.32397300002,0.9198718277055922,0.9999999818181818
777,Georgia_only,1890.393740603994,240.63102232070992,372.08324068932177,216.13615480630182,152.25338153767484,249.97109094169875,215.0754885032744,132.54002820544173,311.7033335995708,Optimal,225109.182375,0.9121849236810557,0.9999999818181818
778,Georgia_only,1648.1706733308793,226.5968555476935,250.0991396564666,180.71194280848653,105.75886266003425,225.72549465320495,216.9186264581402,114.3133073608448,328.0464441860084,Optimal,195683.98065,0.9306423083600577,0.9152535090909091
779,Georgia_only,1722.2840218084878,196.29472987764078,324.0791513464279,208.06512487871237,121.0660193416317,228.94624551684146,259.3643050006815,128.58085197311837,255.8875938734337,Optimal,210451.72372900002,0.9029914348081514,1.0
780,Georgia_only,1589.1412810825154,191.6360847697985,303.69915979271616,167.04121646700528,108.57087521234267,217.56110342947358,218.52923278402372,104.18338164858076,277.9202269785747,Optimal,188601.18050999998,0.9344404538962413,0.8984387818181819
781,Georgia_only,1299.4383415048137,179.9497829383279,168.47133749091347,149.53689888209774,94.14559336029882,174.700500640771,184.4895727585712,102.79950709899347,245.34514833484022,Optimal,157068.918688,0.9208892756036683,0.77849466
782,Georgia_only,1792.3520658494774,237.19278721974123,294.67095047333845,209.49289786057264,142.37843040173902,253.7143352438713,180.55602488155222,107.82488926980388,366.52175049885864,Optimal,208238.56123,0.9398416818303081,0.9680497272727272
783,Georgia_only,1487.1883637478468,177.56345253557487,276.5909523425815,183.51410714888692,110.88264358216813,212.77016685988713,152.65620039716399,130.90513131593488,242.30570956564944,Optimal,176876.97295000002,0.9119781078585404,0.8128235454545455
784,Georgia_only,1840.701464996489,231.7953663638732,288.82822810684786,197.78674369239798,124.83989179246933,299.50496298092224,200.81311781158075,132.1019029460853,365.0312513023122,Optimal,219467.46568000002,0.9282328462770355,0.9517086363636363
785,Georgia_only,1482.6522769951407,195.45978875542116,230.905055938608,204.08454027955395,96.6033985389098,230.83651863056258,159.9885576613915,99.26065057804863,265.5137666126452,Optimal,174727.300635,0.9330519775032418,0.8375936345454547
786,Georgia_only,1363.5086159884652,178.71968373802167,213.7949590350421,164.42684678763385,90.50010907474159,183.21442280441792,188.2784720268447,84.19430186508468,260.3798206566786,Optimal,161057.288226,0.9382517235305997,0.8058280527272726
787,Georgia_only,1484.202256800531,221.57784709512075,238.94165989105133,153.71296088290129,106.06941780323928,231.8680998687977,148.04422285952327,98.40840547812694,285.5796429217703,Optimal,175327.32917500002,0.9336960940804199,0.7693195666666667
788,Georgia_only,1335.6068580764738,163.49370384050192,210.0410578103174,158.59354338904822,90.50003551252,214.63293413538952,158.9366043949865,97.8342750492873,241.57470394442296,Optimal,160147.54658099997,0.9267491840994484,0.7418730472727273
789,Georgia_only,1511.1923367278632,188.29562061687926,233.49998223033398,156.81271308439466,121.13491617308073,223.53787397513426,201.1550478549231,119.0528202235426,267.7033625695746,Optimal,183477.70161999998,0.9212192757768712,0.8710957818181817
790,Georgia_only,1613.622751230306,210.63292191257483,258.5970063289477,210.38334173817876,112.76225943506297,221.88317696940473,232.40469142648988,119.92433596828654,247.03501745136066,Optimal,194779.4220326,0.9222404238322508,1.0
791,Georgia_only,1642.0486643651402,189.1529867732842,279.6363367459513,194.47931013984714,121.1226295285564,234.94915263166325,195.39340546948557,124.2977843528117,303.0170587235407,Optimal,195083.46548,0.9243032334774335,0.9290824545454545
792,Georgia_only,1557.1330343824952,191.14619438689738,268.3371721406502,178.88110936085178,110.27071577399468,223.2023861450588,203.50313720172986,114.41864240191113,267.37367697140144,Optimal,186298.30699,0.926519679528943,0.8957363090909091
793,Georgia_only,1474.6396826193686,201.41673684389934,242.94219189017517,163.3097051179114,111.97861638346235,217.70402687704444,182.03923936806743,114.44587843330504,240.8032877055035,Optimal,177714.86041999998,0.9223906260164647,0.8315046727272728
794,Georgia_only,1655.6070794251996,187.87515466834577,326.5864675432686,200.29798238987183,124.88473552960353,238.88059062102593,187.92108013630983,100.89817275671787,288.2628957800561,Optimal,193551.8481,0.9390566936569094,0.932916
795,Georgia_only,1592.0844057839906,204.03803552805044,292.1010533198015,182.98586541931684,99.66628664964398,233.7858136151244,185.79222218181567,114.19354804123253,279.5215810290053,Optimal,188311.777252,0.928274186739642,0.8517170490909091
796,Georgia_only,1541.2905619998169,225.15721035055978,250.7239447383922,173.45924727769946,122.75167758260626,220.26877133567388,179.04198906494608,104.38774046925923,265.4999811806801,Optimal,183173.8776,0.9322725094323717,0.8640962181818183
797,Georgia_only,1558.78597785673,186.33568587100683,287.3687001030804,170.92510162216794,129.59150725325082,214.35619072449776,177.0226320233786,106.27684147336987,286.9093187859776,Optimal,183526.73744,0.9318207634874567,0.8682531636363635
798,Georgia_only,1527.5510946220304,216.2921585045542,258.0694025383979,178.85658260869138,99.93158560386475,215.60520505178843,193.30479553614927,119.33299271416169,246.15837206442268,Optimal,183004.81039600002,0.9218795436420032,0.8583508472727273
799,Georgia_only,1306.0067352025214,156.98191403544843,218.38607709365462,166.05695161082903,89.05312578603117,176.60014509301138,170.0393367264048,97.19438930946687,231.69479554767523,Optimal,155038.40699500003,0.9255789602130576,0.7729989381818182
800,Georgia_only,1413.3772520263979,174.6793445876349,264.3515949239334,166.63735021252512,104.0457108097846,185.6329823589772,175.24719268259798,88.3747603001024,254.40831615084235,Optimal,165385.23311,0.9374726231799101,0.8107822727272728
801,Georgia_only,1761.460111534349,217.89241569438988,286.26667213067293,182.3583016986421,122.41740908257607,292.72694980814,207.53516906196776,126.64056665315766,325.62262740480253,Optimal,211993.26124999998,0.9281047804005982,0.9314743272727273
802,Georgia_only,1579.5860084273038,178.0373381943634,279.91177740823656,210.16133258482475,114.48868489397435,224.6325809551979,201.92358410935086,91.12752522217652,279.3031850591795,Optimal,185289.935405,0.942309232962861,0.9574065272727272
803,Georgia_only,1494.3673413938632,178.25491633635875,294.57741554120275,157.8120755507522,109.55894817767988,191.7073241242528,201.9736287809184,94.25195081337753,266.2310820693209,Optimal,175896.484961,0.9369285323741416,0.8533539272727273
804,Georgia_only,1571.5710314717705,223.19726525959246,242.8183385732886,176.4212817485111,106.08791368416603,247.61163240971527,174.40612207620902,110.77232868616572,290.2561490341223,Optimal,187313.63336,0.9295149062603726,0.830755109090909
805,Georgia_only,1619.8110794126942,178.85416031894906,310.7889109227726,186.4653787381639,128.02190113449623,222.11598050014828,209.28240399889953,118.1565836703197,266.1257601289448,Optimal,192874.53247000003,0.927055327059786,0.952308509090909
806,Georgia_only,1938.3104785573014,248.82187290551033,352.64788663073296,213.12260509753543,134.36837972300032,279.95765331557175,238.02633041159726,129.1879170726007,342.1778334007527,Optimal,232569.48040499995,0.9150263952140975,1.000000018181818
807,Georgia_only,1567.172261974841,243.17861989216465,257.3618769249126,163.5808579417682,116.15913674494976,260.1977908577311,167.44707727759442,123.4708390824267,235.77606325329347,Optimal,190044.35069999998,0.921214256421785,0.8452647666666667
808,Georgia_only,1451.2054992350672,169.77355335284733,248.22942703910255,150.97349896203687,102.00920038259696,209.60932120804807,192.28602975580276,111.18882421330805,267.1356443213247,Optimal,174294.72149,0.9233817475928288,0.8095795090909091
809,Georgia_only,1560.085373708259,231.48938006779503,275.70845029969576,203.89582849835637,114.45914792305736,211.93805372654015,177.51972598732195,85.43738806375903,259.63739914173357,Optimal,181370.21995800003,0.9452354434262927,0.9015903818181819
810,Georgia_only,1412.290258010589,182.14556755976466,276.7123007070532,129.46840921848394,108.49121151928631,174.34427146206306,151.67828309682136,126.8846842024584,262.5655302446581,Optimal,167204.45983,0.9101567915724889,0.7084325454545455
811,Georgia_only,1207.5801811119338,174.08292625389151,198.4142812319695,157.10043488141724,77.08936826385184,172.5163767006284,154.02989863930728,68.74852166942988,205.5983734714381,Optimal,142029.27931999997,0.9430691856431177,0.7058539963636363
812,Georgia_only,1809.241660030925,201.68652224329347,311.88124871444273,210.68509975576245,123.56117408914552,276.2114658408764,236.6141275929466,144.9040541916616,303.6979676027962,Optimal,220215.49054100004,0.9083790442742227,1.0
813,Georgia_only,1757.775473590572,224.15266764318878,324.4461435305938,209.17019967174863,132.04071229779757,272.1131300121026,220.31071644687896,122.34605667887362,253.19584730938791,Optimal,212134.874458,0.9238425580503048,1.0
814,Georgia_only,1617.311668996785,186.47075778904045,258.82616099818637,179.35795350951727,124.37016640218259,246.75146837948478,219.5963713639823,114.39672144962933,287.54206910476205,Optimal,195214.88625,0.9292673631250401,0.9514990727272726
815,Georgia_only,1470.3544029031957,218.63509921511547,293.9507346520854,156.9206085635165,91.98071180528859,185.47688587774314,170.84877551691616,94.877306642965,257.66428062956544,Optimal,170959.231899,0.9354731752318614,0.7756252444444445
816,Georgia_only,1722.5363602202228,227.1557747521567,283.3114430667086,189.45906547730945,112.51313094880125,271.02925308502444,245.16201208337822,107.11645967175492,286.78922113508935,Optimal,207667.32602,0.9378146826424446,0.9947894727272728
817,Georgia_only,1577.4369914181905,194.52210368977555,251.700450907596,158.23266048627178,107.95804722975973,243.79516482665713,229.16541626239245,121.95082344583236,270.1123245699055,Optimal,192778.25225000002,0.9226905213446586,0.9006475090909091
818,Georgia_only,1868.3443970226458,232.61996087023707,308.7765468336214,182.4899194360784,146.66235523652955,288.2640647414544,213.16895709267908,114.86262604505671,381.49996676698913,Optimal,221221.39354999998,0.9385217108763843,0.9860386181818181
819,Georgia_only,1702.7234858349454,188.22580194568357,271.00946209703346,197.3922641807661,129.6687278050523,252.53670301370286,246.2080056028865,125.23820405884004,292.44431713098066,Optimal,208341.976498,0.9127825468607292,1.0
820,Georgia_only,1735.378412105524,220.32046235408032,291.29001937678225,178.77118463631106,138.90662687110498,239.9185483891652,237.5936543675223,130.00997092729835,298.5679451832594,Optimal,209660.4388009,0.9220449953959103,1.0
821,Georgia_only,1616.000727270154,217.31694871435647,308.649882801599,167.76618589366774,101.13578678527583,265.2138820280307,198.60119731354536,103.41510691261112,253.90173682106771,Optimal,193434.92651,0.9360055379152898,0.8790896777777778
822,Georgia_only,1709.1718990418958,221.30721073307114,300.43657497943417,174.42335169954723,114.73006090378368,277.2402708295437,232.7867232009832,137.18213105619472,251.06557563933802,Optimal,209453.93644,0.9197376582666756,0.9489820545454545
823,Georgia_only,1560.9486151792935,199.446002841795,275.69731323055373,211.64157021101022,109.59921370467887,196.50801179121643,179.1994012837251,93.94842993800835,294.90867217830566,Optimal,180005.49509,0.9398132364731927,0.9098912363636363
824,Georgia_only,1603.1851944183156,189.28161078136662,301.8045738258794,205.25715885474932,108.6106347228113,212.90149428485714,207.77938342922073,94.6668777993135,282.8834607201176,Optimal,187116.544388,0.9409507430907483,0.9484493999999999
825,Georgia_only,1820.5304700792326,223.42725685543496,313.98630934309483,195.29509130529001,123.98336184448777,279.99901032033927,221.82162349591698,143.35851887923346,318.6592980354352,Optimal,218950.27483,0.9212545340847861,0.9838183090909091
826,Georgia_only,1601.1680813088474,198.77117767427603,248.73668377959254,200.3934051717787,146.37528616899797,216.2120221666342,205.63175747008484,116.41788197669173,268.6298669007913,Optimal,191906.73449879998,0.925792724264325,1.000000018181818
827,Georgia_only,1578.640748016686,214.81211811454952,232.19842849131913,164.18962378134964,114.66001434376979,225.4692082632402,205.62507488318744,118.73759591578026,302.9486842234901,Optimal,189774.66471,0.9247849086843467,0.8808630909090909
828,Georgia_only,1471.0966657956124,172.3699627509248,273.9073409416243,165.49222953290365,104.4440897623594,231.39458843565282,153.58505302365558,118.9851621038046,250.91823924468716,Optimal,175552.02303999997,0.9191180507969802,0.7700388545454545
829,Georgia_only,1579.3249872085553,203.68718456194983,287.93829863292285,186.43382412105782,97.74203149280328,214.93487095758172,190.367169559719,87.40495343901912,310.81665444350153,Optimal,182939.483929,0.9446567572117991,0.8628054927272727
830,Georgia_only,1541.1592101214555,228.1478930951126,246.68280953089558,169.386043919691,100.50261043409093,237.1312677966789,221.93223352845882,104.98184695448033,232.39450486204743,Optimal,187210.63074,0.9318812362590481,0.8942197818181818
831,Georgia_only,1376.5707668511056,204.37764556906058,203.95966837044602,144.64804464565478,106.28821535001045,218.98131441884544,182.1075874094441,101.69418623624573,214.51410485139846,Optimal,168267.84018,0.9261249844178152,0.7873524545454545
832,Georgia_only,1522.5116572467787,194.06281436301214,270.58868861857263,185.55006520847928,90.11594924403356,256.0948417766764,159.5770278968317,115.30087578774534,251.2213943514275,Optimal,181660.339904,0.9242692969226377,0.8008292666666665
833,Georgia_only,1679.063876926082,238.9583202876137,295.84024983061886,194.79463433542065,106.34722536097262,248.99018463014107,210.1874196905936,114.31889363183012,269.62694915889136,Optimal,200026.00737,0.9319150995402454,0.9296896000000001
834,Georgia_only,1589.1271926210134,196.6661593521889,298.4115704455579,172.73299299152822,98.1870998729834,210.62188070845426,205.6748160120834,94.89513361507531,311.93753962314196,Optimal,185407.665724,0.9402847468335754,0.8665362000000001
835,Georgia_only,1520.3872858336354,197.42770191102753,270.32518144278185,190.08559380423506,118.73119938404854,206.11069255105267,186.21542988208222,135.37534306055562,216.11614379785192,Optimal,183253.58416000003,0.9109599527074389,0.9000585818181818
836,Georgia_only,1421.2569988219955,169.4031743895342,270.10657266610787,169.2306651501383,106.13699196977856,188.4978768422175,191.14050153446775,93.3861040883959,233.3551121813555,Optimal,168146.02584400002,0.9342932988900682,0.8481966545454545
837,Georgia_only,1429.0592687202657,176.57142612879804,228.9860789073231,172.32628210057558,108.62985954002653,194.32148987080535,181.25557476412794,110.05747341544122,256.9110839931678,Optimal,170511.22651,0.9229860642387331,0.8403849272727273
838,Georgia_only,1787.0378728720523,230.3744391911485,325.62668122777734,224.54659490681198,118.86470971975996,235.69689889620736,206.05662128590743,136.8571904976069,309.0147371468329,Optimal,210110.99070999998,0.9234167361813653,0.9990325818181819
839,Georgia_only,1659.9106373460538,212.72677340565403,285.9761725937648,198.95750635240273,112.11855394714334,251.60694183222117,223.32698704433457,101.60657893470984,273.5911232358233,Optimal,197989.39059000002,0.9387879172167319,0.9716419090909091
840,Georgia_only,1998.3802860302803,342.4597571333412,317.4852755456087,213.13875907441673,112.77608028978695,268.75164828268186,237.55999308785567,125.54001252976127,380.66876008682783,Optimal,238371.69133300002,0.9160762757705975,1.0000000111111111
841,Georgia_only,1548.4754881098145,189.46918419197408,250.1676036076027,200.2298346010982,109.13708489443688,211.7693885735224,176.80349072936386,114.72249160541203,296.17640990640433,Optimal,182115.61386,0.9259126095371045,0.8839461818181817
842,Georgia_only,1710.1946318928447,227.67439166010504,349.3701767517161,175.4257963177709,125.88453100468408,256.4627290840711,188.63490504349696,121.14458862848284,265.5975134025177,Optimal,203090.36463999999,0.9291632778903289,0.9261192222222222
843,Georgia_only,1603.1747421811765,192.79046227565078,298.34141672499925,218.34243061647757,113.91549587490796,218.2609156497801,185.61615656322695,121.14962936176741,254.75823511436653,Optimal,188925.35411000001,0.9244314365779317,0.9415892545454546
844,Georgia_only,1890.0769641176898,265.48397072981317,356.5090528579094,239.83702403319737,126.34479188035323,261.67919070769346,207.90286256140124,109.39725451405353,322.9228168332684,Optimal,221245.82401800004,0.9293775086137824,0.9999999818181818
845,Georgia_only,1429.4001404685491,196.20756335473217,217.32637854755313,154.70383097202716,117.43300916704172,202.54814396446307,186.99589238394796,96.07781855883162,258.1075035199523,Optimal,171283.86264900002,0.9327845102652252,0.8347867818181819
846,Georgia_only,1496.3348022598796,181.87427485635752,241.08596597925595,151.74489113511285,97.78467678325462,237.19690698628216,197.960278955886,100.79414938062231,287.8936581831081,Optimal,179765.440852,0.9326393096600757,0.8136179036363637
847,Georgia_only,1672.1514452982417,218.1631296022067,251.94418517302702,177.09588877431116,120.0571666890121,225.65894490274243,230.7723372522965,125.25941092558297,323.20038197906285,Optimal,200582.73702,0.9250908728091308,0.9598643636363636
848,Georgia_only,1695.0548736438473,198.17993299515874,283.03659887036497,237.03355350610215,130.85609634994572,231.20322019619607,226.89909340199935,115.00948559517347,272.8368927289067,Optimal,205087.48387300002,0.9057268079467362,1.0
849,Georgia_only,1887.93626449057,239.49590173607095,335.96132717943453,242.93915114025415,121.33125189989565,263.02400719045283,252.39829454266285,138.03874465025564,294.7475861515434,Infeasible,,,
850,Georgia_only,1620.389604272505,249.71538767621078,259.75914581328374,191.8193321207558,120.24412573930577,198.34424806017114,219.829134785507,100.05495412011778,280.6232759571531,Optimal,191115.19303999998,0.938252538766795,0.9670774363636364
851,Georgia_only,1717.9775634162431,220.64253693681067,265.58267705011053,205.62295940002758,128.56800650197124,260.76480886940425,237.19695528680717,132.52995192954197,267.0696674415698,Optimal,210932.37003099997,0.9104075241179671,1.0
852,Georgia_only,1738.0768153213805,183.7214074323355,293.6225581695482,219.84783886276375,117.44198142082588,219.27822695227084,211.6361460055295,120.7426528865218,371.78600359158503,Optimal,202039.98557,0.9305308923880591,0.9980472181818182
853,Georgia_only,1374.808170134469,184.08084535355295,230.65376722580146,144.5904803382416,85.39738442363688,174.1352669901897,182.6556416641806,104.89702325161143,268.39776088725444,Optimal,162979.02639400001,0.9237006162654612,0.7502609163636363
854,Georgia_only,1501.0097792051345,150.64610032722308,263.0641898174122,174.51513997194587,116.49480568039459,171.25074734427886,216.32939560287213,104.83951726158341,303.8698831994243,Optimal,176529.16637,0.9301540132132566,0.9224351818181817
855,Georgia_only,1636.166445874788,230.64190962608694,252.52720595200086,221.19923896465272,105.91717949502268,191.617438528305,205.53447169775876,124.98272868300361,303.7462729279575,Optimal,191870.56467,0.9236124624179265,0.9684561636363637
856,Georgia_only,1674.6126291088908,211.99070154115205,271.28298208822747,207.16223513298615,125.66287996550288,215.22455132829072,224.50626535375966,112.93397617033712,305.8490375286348,Optimal,198639.0582655,0.9281831768025735,1.0
857,Georgia_only,1527.6929351023878,199.1396041812515,248.5437783391453,149.9973236421872,97.08060079984017,245.33615201319563,209.9405729641738,101.28165872183568,276.3732444407584,Optimal,184536.605916,0.9337028588826983,0.830942710909091
858,Georgia_only,1707.4558131953895,222.1306409493801,262.28961133939305,182.6013100908902,101.80924524447789,256.2337874204315,216.69018620566726,115.5967414597962,350.10429048535326,Optimal,202939.17740000002,0.9322988435179135,0.9110922727272728
859,Georgia_only,1835.4488714292343,266.0269162742593,317.848926800903,194.711090986981,134.09687606869366,257.5440178324782,222.90521281631183,144.28539973366486,298.0304309159426,Optimal,220261.8437949,0.9204562035467937,1.0
860,Georgia_only,1604.7314218094516,212.93746141425777,241.28583656266957,197.16617167929311,126.18619198396365,234.8707770008493,215.73909301548412,113.15016693218588,263.3957232207482,Optimal,193387.63692999998,0.929489651494537,0.9801662727272727
861,Georgia_only,1409.7649132630977,160.84803093263017,270.9283336955494,149.88242080120315,102.28505531526916,173.6581996770566,180.1598695541187,112.9454387934427,259.05756449382784,Optimal,166797.82813,0.919883491069678,0.7860497272727273
862,Georgia_only,1598.5155440112835,210.56720756124858,231.48188542986392,199.42315071243013,109.52527353571163,229.14539578294998,214.7583383915874,87.58243652846954,316.03185606902224,Optimal,188478.989437,0.9452101517940165,0.9521941090909092
863,Georgia_only,1537.3674744803982,209.45361116670844,255.1838754998282,165.55423445392438,125.56702102658052,195.14249730096083,203.9913123783241,104.36434729005528,278.1105753640165,Optimal,182567.53340999997,0.9321149001700642,0.9002046545454545
864,Georgia_only,1800.025108191975,240.3332827529836,316.0936637135574,187.7043325693685,121.53334426475067,257.5539242005089,252.90907741808024,130.5666916944587,293.33079157826694,Optimal,217968.302054,0.9207158458276603,0.9999999818181818
865,Georgia_only,1706.9145519460035,229.38340141236998,292.48623892352765,203.58745190610247,111.71785679248494,254.69949019698026,201.98247325106428,117.39990042236226,295.6577390411116,Optimal,202406.30246,0.9312209847808963,0.9405232363636363
866,Georgia_only,1368.9896807200973,174.9308922152363,245.87881230002733,162.16577047829324,108.31684177451073,158.03720412766725,151.94289269706607,110.10506442743493,257.6122026998614,Optimal,160025.59011,0.9195720155741559,0.7680463636363636
867,Georgia_only,1984.334408032406,246.09804631821368,374.1840865799925,276.48683406805753,110.05588018452775,234.37548172986612,236.8684400677828,119.99998668442703,386.2656523995386,Optimal,232759.17380400002,0.9025309760040973,1.0
868,Georgia_only,1603.2842784961047,186.06910961668876,301.0900618239258,189.3517779677673,104.59308238252936,237.421624188287,181.99804773170126,103.39557790222784,299.3649968829774,Optimal,187796.96225999997,0.9355101401024835,0.8653507454545454
869,Georgia_only,1417.5581241443467,179.15280029512252,239.78892051181703,158.2589874404472,81.1176870041863,179.05203734164243,191.20177669650334,120.06580349461416,268.9201113600137,Optimal,168846.006342,0.9153009706626177,0.7828699218181818
870,Georgia_only,1482.378609984194,192.10337925871983,219.35671923179257,168.5706518932491,105.52901674953893,203.77603154452578,206.49876548697725,112.4135635630027,274.1304822563879,Optimal,178305.81662,0.9241667687141055,0.8738153454545454
871,Georgia_only,1903.1900211310624,269.47746039525333,279.66508916742526,197.47943290161132,141.0612582637491,259.63834745500213,249.0739059166058,163.46931885480706,343.3252081766083,Infeasible,,,
872,Georgia_only,1467.0627747133058,209.5070675213806,237.2356392823238,160.55728186003125,103.04337851173271,212.37547740043493,168.6957097518498,101.48876009483608,274.1594602907167,Optimal,173807.41256,0.9308218049952642,0.7859934
873,Georgia_only,1773.6404039764502,213.58079225763484,309.5625176186584,239.9870579360851,125.46564265263304,225.17603717307435,217.26198382622277,136.70219258727067,305.90417992487113,Optimal,211626.927154,0.9044807089438069,1.0
874,Georgia_only,1679.1650963746017,211.17197656024362,266.80313654016834,192.29046544935517,130.51893167091927,238.54581410245217,216.82969482047127,127.89209514254202,295.11298208844977,Optimal,201716.85176,0.9238359011566362,0.9811619818181818
875,Georgia_only,1728.2833678123675,187.4845698084105,307.06821004525665,212.3710914678416,125.79007124453112,234.14813643498502,226.47873186045612,118.43458095151883,316.5079759993677,Optimal,205417.54711500002,0.9230019392127745,1.0
876,Georgia_only,1717.292076902179,214.09571833330799,325.22321688739675,184.9740462110437,114.74496164863726,245.62050879908819,210.69161274673667,134.55264987775803,287.3893623982102,Optimal,204996.35463000002,0.921648362144139,0.9280193090909091
877,Georgia_only,1579.2936395663016,237.4261464416035,244.8985754365907,191.10600077116004,121.53958141187057,199.67801223495093,217.33420581080279,117.79928657691143,249.51183088241177,Optimal,189355.55237999998,0.9254101475399781,0.9635996181818182
878,Georgia_only,1721.4823918463803,237.05380775925963,249.17472519491673,198.41503700182915,125.90475995482106,257.19141883645045,216.89970394075095,116.84617406889014,319.99676508946226,Optimal,205936.77006999997,0.932124683702947,0.9840354545454546
879,Georgia_only,1444.8178496386765,204.90380995061258,260.49039421551583,169.3575497609236,97.65366963247556,209.05712386752862,187.17971220978632,104.9265912692033,211.24899873263064,Optimal,173247.96248,0.9273772817349141,0.8258016909090908
880,Georgia_only,1558.9976623077164,163.09394004433867,276.4229121579373,233.04001710309458,103.22898194167317,209.8367535381807,222.50867876039666,104.58298973980668,246.28338902228862,Optimal,185166.8526578,0.9272861819818808,1.0
881,Georgia_only,1592.4745038672017,203.22888468076147,291.08359732583784,169.80884450296023,104.69711381771596,216.6108050581389,186.48782436557295,114.57175003985921,305.98568407635514,Optimal,187268.57517000003,0.9280542554439817,0.8381704909090909
882,Georgia_only,1344.2727213392554,168.00365168995467,249.7057863381611,158.1590412099143,90.81052025715523,183.40420457327525,156.64195400103443,104.07381835825292,233.47374491150762,Optimal,158844.23439,0.9225798235081568,0.7374754727272728
883,Georgia_only,1824.266891942996,254.92991839792785,295.034749227041,195.13351258722278,129.94837290046104,237.63471596970786,243.16605419066283,151.98454043641325,316.4350282335593,Optimal,221022.99742000003,0.9066844425589043,0.9999999818181818
884,Georgia_only,1393.6710149933326,156.95202528015764,219.96107517553813,171.39552105675776,104.81300508500242,216.4679067564353,165.7752380095829,115.89343454935062,242.4128090805079,Optimal,168144.59922000003,0.9168430614208569,0.8036068545454546
885,Georgia_only,1338.5368059319376,152.56431508950487,213.1155502483502,150.37130246229955,80.16397834613895,206.71820551795759,170.1836746776842,103.07361461367248,262.3461649763299,Optimal,160412.303988,0.9229953054147257,0.7285799054545454
886,Georgia_only,1481.3828656679466,186.7159898988925,281.0336377290689,148.65440058880034,123.123693112158,219.74784659342885,190.6498387350416,98.6744691452678,232.78298986528856,Optimal,177801.433289,0.9333903017546683,0.8407780545454545
887,Georgia_only,1570.7337064059873,208.03757953805624,264.4212120800079,140.23171574005073,103.04113386697222,232.3840290509154,238.69967722883126,108.73590540967861,275.18245349147503,Optimal,190809.22465,0.9307738122875155,0.876313690909091
888,Georgia_only,1536.478728407915,196.9041155212442,243.62750935460576,166.26093731109424,99.6004272541629,238.60231004951333,223.22775273953718,111.76444964576812,256.4912265319893,Optimal,186932.011962,0.9272593630217554,0.88925294
889,Georgia_only,1826.0118123792236,282.9610376683953,253.8062465665139,213.12207415926667,127.68870137366484,260.1034060584597,242.95564263688058,146.9018421619264,298.4728617541161,Optimal,224321.359008,0.9010585467441091,0.9999999818181818
890,Georgia_only,1969.2639491399502,225.88696153454933,365.7048749000478,195.84333865932885,122.52886962767666,294.4958214515505,273.1458072939989,133.26444293652676,358.39383273627146,Optimal,239127.257236,0.9112447728420132,1.0
891,Georgia_only,1421.9201629736694,212.9781101166355,219.1431035853234,172.94819139863517,108.95193229014816,216.25390552882521,190.6079649257119,104.61142487774984,196.42553025064015,Optimal,173014.86549,0.9264294608813374,0.8591056
892,Georgia_only,1469.0187925936357,195.52996439909592,252.93662077700392,180.1827299273728,98.92719378340395,232.76744289065286,174.521825202818,108.9913832655186,225.1616323477697,Optimal,176389.960314,0.9258066750792171,0.8247850072727273
893,Georgia_only,1558.8723343133768,212.3262438481296,223.78513330068333,200.80779774830071,129.55381889482436,215.36852395902523,222.6256064893235,102.1307793555721,252.27443071751802,Optimal,187718.99527810002,0.9325679133566271,1.0
894,Georgia_only,1620.5856136974123,198.5681653591487,300.22819139641746,203.97705066871208,124.42835346138394,221.52519631100867,180.21243084706313,121.55486933441814,270.0913563192603,Optimal,191014.69084,0.9249932477062526,0.9247596909090909
895,Georgia_only,1293.110543386966,154.55902771303099,225.91971156500716,180.4801210177478,100.6200627780204,177.40297047753089,156.50505060405388,87.70362966391272,209.91996956766215,Optimal,152382.97661,0.9321762289887072,0.7956458727272727
896,Georgia_only,1822.3684344177138,232.75552505099375,363.97584732004964,220.8525770279844,110.24621138389567,254.193759040321,210.31347357631898,137.69637328060713,292.33466773754316,Optimal,214721.57607,0.9244409847003794,0.9843859272727272
897,Georgia_only,1551.7567324913541,214.7791610124539,240.24828624357548,162.80543485959723,105.0133702299035,210.98195200679012,158.37835623333862,119.90774823352825,339.64242367216696,Optimal,181940.97998,0.9227277381946062,0.7749039272727273
898,Georgia_only,1384.8334182971225,207.28397785200247,203.7156221142612,159.61789734496904,92.57258931780409,204.9894360573791,190.77690761802344,88.39181847764647,237.48516951503674,Optimal,166242.227792,0.9361715220551114,0.8053952709090909
899,Georgia_only,1763.623682950509,201.0582268214427,332.9709436045939,222.99048160709617,116.88902091640567,282.47767098849624,181.64607688274913,115.25782829733538,310.33343383238974,Optimal,206955.81126,0.9346471505997898,0.9482283272727272
900,Georgia_only,1818.4833378883566,251.51811693146118,331.28988614798556,201.0409735610576,134.07724861192767,251.06517535426602,194.52190626668227,136.9994244151937,317.97060659978257,Optimal,214566.73348,0.9246628192659484,0.9629820545454545
901,Georgia_only,1613.9322738813994,191.01794456798717,327.8273859358151,163.88322532452625,113.24293711748723,209.61525842607483,201.27146372556683,125.9552942557393,281.1187645282027,Optimal,191150.28219999996,0.9219575096676855,0.8698138727272727
902,Georgia_only,1533.2272870060726,215.57095952569443,290.84301607096666,175.4692421672278,105.75614338675457,205.36522955687596,164.45130364976902,128.92802785099383,246.84336479779046,Optimal,181559.97195,0.9159106819329897,0.8103212363636364
903,Georgia_only,1382.958815231082,167.6427169966515,217.16482279595994,181.27548264227016,100.52522306574208,183.91911173123688,168.38087057867799,91.73971076538606,272.3108766551575,Optimal,162007.561201,0.9336641740732149,0.8185119454545454
904,Georgia_only,1351.7562001338038,179.12298819588105,248.75202046101296,163.84252306805007,100.95786520626213,194.67163678385865,140.4702754498546,98.53415968047798,225.40473128840625,Optimal,159274.71211000002,0.9271065669060365,0.7368557636363636
905,Georgia_only,1441.3153393109371,207.54737572997422,271.52537273365095,153.7798474101756,103.39849935685892,199.61136512520716,148.65900179279183,95.56949916907232,261.22437799320613,Optimal,168326.240599,0.9336928660201264,0.7540934666666667
906,Georgia_only,1573.5558670822986,183.43932367698676,302.6059806386242,186.5661681052142,100.27146249412768,212.74174916568427,194.29791980782076,102.05023206974806,291.5830311240926,Optimal,183847.57846000002,0.9351467340835371,0.8747919090909091
907,Georgia_only,1506.0339660334919,196.80455317147656,309.3894239619017,161.38831443671106,96.5842384188195,215.7215013309103,185.56156611178963,104.30306275975235,236.28130584213076,Optimal,178440.28437799998,0.9307432166963673,0.8064256690909091
908,Georgia_only,1419.0439590969672,168.74928034421214,205.6456238205082,139.74768349030785,129.5390982989291,248.50001694485186,222.61639259820973,94.55829616106911,209.68756743887914,Optimal,177279.301786,0.9333647851493331,0.8943694
909,Georgia_only,1641.7633176450659,195.44692594278567,280.9671808970974,175.41900460436943,131.60303162156129,238.151539103307,223.74706314801423,113.2613658726292,283.1672064553016,Optimal,197379.33682,0.9310123655293218,0.965034709090909
910,Georgia_only,1318.1083196023872,169.24636121439798,220.92699491237641,158.42993170830985,90.61702054081098,171.97896797469642,172.30257021348783,109.911660774315,224.69481226399262,Optimal,157668.236836,0.9166140847699509,0.7660900381818182
911,Georgia_only,1698.7912605792412,190.71347478885434,299.4606272146795,211.92724574762124,119.08853768225762,206.95260546948552,246.10825541688496,123.18320171073358,301.35731254872434,Optimal,203620.285589,0.9115210714422969,1.000000018181818
912,Georgia_only,1568.245273832371,197.69776405331424,253.1603436662145,191.0772808267033,103.76853806166781,251.5262734322636,228.36473720925065,95.82020778885412,246.83012879410268,Optimal,189457.921478,0.9388997273377958,0.9512919272727273
913,Georgia_only,1765.6565878057825,197.8811233093183,282.8745595747169,202.95446739494582,138.01791225669015,280.8261843350756,221.56585521758092,131.80133082123365,309.7351548962212,Optimal,214331.80624499999,0.9182516131377755,1.0
914,Georgia_only,1852.069346063135,240.8745001291826,317.25873438135824,210.19498002265084,117.71750381584438,235.2883001994909,184.2921704266514,155.20873399690976,391.23442309104706,Optimal,215787.10913999996,0.9161971195122603,0.9312811818181819
915,Georgia_only,1411.7234916286034,187.80389899885193,239.45425845337255,150.29143652004822,101.98522851967152,189.74880256916188,224.8951459007012,104.94599764745053,212.5987230193455,Optimal,171925.24112,0.9256610857218683,0.8675851272727273
916,Georgia_only,1413.0851494722242,211.0378273464086,238.71383304302964,159.9232054200791,103.67574435633294,205.64393483675886,206.38816358209016,92.93445764567734,194.76798324184767,Optimal,171194.70078800002,0.9342329303319516,0.8545220181818183
917,Georgia_only,1414.2051430015847,179.0393643098329,242.51565952029074,145.90549893080976,98.00415625302969,186.21168476679009,213.33785778091394,96.59191667450398,252.59900476541364,Optimal,169489.656023,0.9316987867852237,0.83135912
918,Georgia_only,1860.305574480015,228.70678424461138,327.5194276556097,232.59155317923938,139.23457697130252,248.01149468358437,213.2011803423602,149.56553938028924,321.4750180230182,Optimal,223138.44792,0.9007728316184768,1.0
919,Georgia_only,1445.666980225284,184.1370820290024,253.00820881800527,141.93462126214706,111.20917598547184,235.27057613597452,178.63669705573218,97.42139021446584,244.04922872448486,Optimal,174352.58843,0.9326114647717121,0.7850554545454544
920,Georgia_only,1602.471334522256,245.80977440049577,291.6560644287838,181.81776122036234,104.9723354615063,224.95668964154729,197.24129756995114,99.35413825870674,256.66327354090265,Optimal,189150.44108800002,0.937999424774811,0.8800570909090908
921,Georgia_only,1671.757800251453,192.43478753693333,250.35297394864406,187.41780028494193,114.33656613533202,200.34979453030536,241.23127635379606,133.83614176921188,351.7984596922884,Optimal,199117.31535,0.9199428647909867,0.9872466363636363
922,Georgia_only,1603.895042162791,207.28545397243036,295.09574176055924,183.7291808830311,122.0377071437338,221.05076530533594,186.48565528054016,113.993934976814,274.21660284034635,Optimal,189517.85541000002,0.9289268130606136,0.8950046363636365
923,Georgia_only,1682.3457550526489,244.6614543410282,297.1860931142254,190.86239611988756,137.11859780678287,240.13676264343317,202.09103628327023,133.99593375274853,236.29348099127284,Optimal,202866.6369,0.92035172636171,0.9637673454545455
924,Georgia_only,1799.0692222499401,249.46614365349245,305.66485255272636,228.42180545221913,122.34402786515561,262.4728240014181,198.57105978698897,112.5685496494521,319.5599592884874,Optimal,210754.55083999998,0.9374295603205527,0.9987943636363636
925,Georgia_only,1567.7382289510956,175.41272947773655,287.74928936589396,173.40648890377884,102.2217887780144,214.99970472036273,228.61416274143087,121.71538494367601,263.61868002020225,Optimal,188579.47341,0.9223624284313524,0.9168044363636363
926,Georgia_only,1837.132406818806,206.22311209628435,348.8602576907834,221.45412706911264,117.14149411101569,247.7431966376621,239.6647203501318,133.72144076642857,322.3240580973875,Optimal,219445.628402,0.9118290134028526,1.0
927,Georgia_only,1705.1438443374634,227.1876600839375,249.52466526540468,225.82212983796603,117.8829042349119,249.90369512298975,218.8651993449456,135.45734280841359,280.5002476388944,Optimal,206418.158463,0.9131876381989463,1.0
928,Georgia_only,1471.305721334383,211.24067897859024,260.76599616143596,189.2192378135843,100.88420270074904,209.6954885725035,199.64587555593937,91.51859340226234,208.33564814931822,Optimal,175283.78219300002,0.9377977125981802,0.8904533090909091
929,Georgia_only,1554.419759006203,177.0355534803918,300.6954985917739,216.88177730356597,102.67074138236515,211.6439042459785,182.7841932961743,102.32286140510337,260.3852293008502,Optimal,181057.02245000002,0.9341729488361485,0.9133394727272727
930,Georgia_only,1616.7155951133052,204.69557184189372,279.61116951743134,177.42588081966548,109.48247081691089,226.35507688350663,227.2201830188208,123.66554088356301,268.2597013315134,Optimal,194784.18863000005,0.9235081634103751,0.9347791454545453
931,Georgia_only,1864.4215095075506,227.2085787872179,331.3600132732662,196.9679632733268,150.23391156248104,288.56976474283925,242.85693989898473,144.92772934008,282.2966086293547,Optimal,230188.97785499998,0.9007807255150091,1.0
932,Georgia_only,1786.6246898786787,215.78421927492812,327.7994715291793,203.89332677154334,111.97652690707834,238.0387892074425,233.50490383772487,142.25980981896797,313.36764253181434,Optimal,212543.4856,0.9203751013379652,0.9988631999999998
933,Georgia_only,1694.4640719751887,217.83743283482772,273.5870375208567,229.2103632942544,141.0935925059104,244.02666295155606,191.5698401305163,112.13473994619807,285.004402791069,Optimal,201152.318416,0.9268154727939226,0.9999999818181818
934,Georgia_only,1677.5278115286753,232.78799740406714,277.30817966834377,188.9700843694456,119.7711089284785,203.89768491761782,231.09073013347228,133.55223291576792,290.14979319148233,Optimal,200434.76032,0.9203874650477636,0.9815125818181818
935,Georgia_only,1888.385533600439,233.33945825160274,319.24421071923484,243.88887323841652,130.66882601753278,250.03495407930242,285.9532725772337,130.87919242984935,294.3767462872667,Infeasible,,,
936,Georgia_only,1625.4114864352116,165.2283090137022,303.0206489022949,208.22248904664676,100.42570918140862,212.68585872779659,246.50670173705277,125.2662105726872,264.0555592536226,Optimal,194882.02688,0.9197611758476949,1.0
937,Georgia_only,1645.673974211116,209.80067760541988,309.7485652957509,193.58710591188063,118.48025913828015,219.42014540088866,235.17985499341913,118.68290245417069,240.7744634113061,Optimal,197267.14593,0.927881891510128,0.9949949454545454
938,Georgia_only,1451.9279038975685,236.05045312609937,219.1630451419897,157.61649194142248,115.68147462215192,216.03235770524853,175.97691398590212,77.14537714285757,254.2617902318969,Optimal,172231.09044700002,0.946866932104219,0.8168634
939,Georgia_only,1726.6283154342732,208.65494854612297,274.16003917902793,221.4974102670431,147.40838567343155,234.6694214561085,222.7303493693397,110.07338749372283,307.4343734494765,Optimal,208034.33573500003,0.9121353831174047,1.0
940,Georgia_only,1330.866735316488,186.96185488479705,198.47528817897185,185.25945935853662,87.84241330800658,184.61961001815703,185.6377968934121,86.33105563646049,215.7392570381463,Optimal,158487.69703399998,0.935131707761891,0.8340721327272727
941,Georgia_only,1375.0462111532754,155.1546661045653,231.68294004488519,164.02598677761853,122.83915084263042,226.0237208915925,145.82186149479162,101.42668275512064,228.0712022420713,Optimal,165183.16482000003,0.9262376199937258,0.7867036363636364
942,Georgia_only,1658.8488136074493,207.26368539614145,296.1902520159794,203.47038164314836,114.6075185234492,201.99192999076297,205.77527837926675,126.81525501293417,302.7345126457669,Optimal,194855.19156,0.9235522534861583,0.9524603272727274
943,Georgia_only,1600.5492306185988,215.00576284187048,265.5879338120102,157.10026982506795,113.69723493623336,242.95417457401908,229.30371362242448,105.39006411811114,271.5100768888622,Optimal,193669.39843000003,0.9341538025807138,0.9092749272727272
944,Georgia_only,1500.2589517319143,174.84100843495554,275.45602438926085,161.99125925529347,111.93999779041803,207.9815581668037,188.59368321723733,110.48513794773237,268.970282530213,Optimal,178417.56188,0.9263559523478471,0.8409544363636364
945,Georgia_only,1672.9660976488137,206.7215314489602,279.13107264061193,198.5521398769776,114.71001031380874,239.77182813484714,203.3003067071993,119.01476364740174,311.76444487900704,Optimal,198198.58575,0.9288600242311682,0.9392044727272727
946,Georgia_only,1880.7653859913844,241.18800385135293,334.5578717882426,200.55684841180192,136.3556110410712,239.12900548273086,245.81917944453855,133.16628279895139,349.9925831726949,Optimal,225149.295939,0.9117923334685699,1.0
947,Georgia_only,1762.5005071507169,238.38306097617635,306.55198517192696,188.29078729600826,115.99703124620986,269.4124870184565,195.96427395037793,144.7045648642085,303.19631662735253,Optimal,211263.72178999998,0.9178981472268349,0.9095492545454544
948,Georgia_only,1710.1147544317532,240.12882385559263,297.95336322891836,192.13419972259666,97.6600118000797,250.91899567931637,230.55771617657047,104.55429043906572,296.2073535296133,Optimal,202937.64053200002,0.9388612418197074,0.9460944218181819
949,Georgia_only,1454.777868410124,225.0672535749171,228.03470624489972,170.54763645103432,110.48323516681839,206.70488460400102,206.64823154780208,91.7226691893237,215.5692516313276,Optimal,175231.65025900002,0.9369507397645769,0.886689290909091
950,Georgia_only,1587.1841380769522,215.90698327392252,250.88683606385104,188.5107580548112,117.05914112042002,240.583330334523,205.97936657742,95.72689680733501,272.53082584466944,Optimal,189357.83177699998,0.9396875978152506,0.9300895818181818
951,Georgia_only,1642.1036404231456,241.17983881683395,238.25792568439846,232.03031690683906,114.35027718164136,207.35257600360836,201.7763308505496,128.96208438794497,278.1942905913299,Optimal,194504.3723,0.9214653282237935,0.9966489636363636
952,Georgia_only,1598.4654253164886,203.61787200986777,279.50395996103845,169.0556459349163,125.244908177822,260.8579087939731,149.2114134986477,105.92528787630035,305.048429063923,Optimal,188604.97196000002,0.9337331395231675,0.8266441555555556
953,Georgia_only,1710.134762297597,249.88587340833132,304.12496815468484,165.71634577696543,112.34510530602086,239.13267291568468,246.21219770903093,118.93072655271891,273.7868724741601,Optimal,206041.44369000004,0.9304553507012444,0.9532248363636365
954,Georgia_only,1557.1643467380068,197.86360418815084,264.2968122408161,217.14988753209633,106.38544344648496,190.60855195442508,206.55483523938443,110.84622788517815,263.4589842514709,Optimal,183099.86266,0.9288153257745653,0.9638003090909092
955,Georgia_only,1454.9646356264263,200.00369286463814,242.35444298391172,160.70671062351684,99.9448212833477,233.8134238635464,165.31516806289306,105.06613314289831,247.76024280167425,Optimal,174381.205706,0.9277878361756947,0.7744849109090909
956,Georgia_only,1778.3599065807653,216.93926059425348,322.57153311982523,181.84542877671254,128.0984927028635,252.2289009773867,222.70930747871438,143.45874286395517,310.5082400670544,Optimal,213340.51183000003,0.919330869949384,0.9684604181818182
957,Georgia_only,1738.6835803594363,234.92901460320024,291.7285844799563,182.47567226915123,128.841100685125,292.4036193482629,199.0778814056144,124.7217021206136,284.5060054475125,Optimal,210013.91348999995,0.9282665852669683,0.9279902727272727
958,Georgia_only,1550.0746804942044,171.33588293759723,258.8602722338728,169.71245271851217,132.6761689458721,205.54770383577267,236.29468090547124,104.54382129696533,271.1036976201408,Optimal,186615.98257,0.9325556169584854,0.9794241818181819
959,Georgia_only,1614.7551800794688,186.20105732836268,224.58425258288446,201.08867020786406,122.37217039187865,246.71718022148852,216.83301432643094,119.80376647922893,297.15506854133065,Optimal,195070.40791,0.9258068519875734,0.9823524545454546
960,Georgia_only,1438.8165993892474,201.01989811951174,292.7612318453314,174.815759008907,103.61869906481364,193.23760349574027,184.9094717491572,100.67341195812587,187.7805241476602,Optimal,170985.2045,0.9300304017676878,0.842443509090909
961,Georgia_only,1804.8375242087081,250.30720896381104,305.09864285845765,194.4387677238249,111.04015477325406,233.159916485566,247.28390314306864,104.12827679074014,359.38065346998565,Optimal,211688.3419156,0.9407752206085297,1.0
962,Georgia_only,1373.502489093871,192.22744679852798,219.92451479519454,149.8906724626742,79.00112282048723,215.4649050035262,184.10818192738827,109.1012584782106,223.78438680786198,Optimal,166875.081588,0.9205671216760245,0.7509090418181819
963,Georgia_only,1828.6386846028756,238.6949883073969,307.0697970394999,198.1952534359008,147.35991364703642,270.0005165455147,244.45163910603407,112.27675103441749,310.5898254870753,Optimal,222311.912006,0.9167229940583111,0.9999999818181818
964,Georgia_only,1355.6115238908774,170.99039489793682,205.3233963369099,174.79979793580142,101.87425047301514,206.03319109868926,167.96642130651463,104.90064031443453,223.72343152757563,Optimal,163302.10882999998,0.9226174740756177,0.8084372181818181
965,Georgia_only,1553.5514584862735,216.44453218759824,281.28535277779486,191.62307788427555,105.50954679276322,185.92044327787121,208.9266437556748,101.46032615880594,262.3815356514897,Optimal,182183.63009999998,0.9346913628563465,0.9201077636363636
966,Georgia_only,1427.6339545541866,177.98964242965124,259.63080692998597,156.69654358443552,89.54642620395832,205.3785151998374,187.1366852592738,101.41921460826178,249.83612033878254,Optimal,170035.566056,0.9289599352616565,0.7879630109090908
967,Georgia_only,1858.2919259559974,273.9464241028714,332.1274531192446,199.08795581283707,133.61995870741148,224.34190889503597,232.23257132513518,155.2458738098641,307.6897801835977,Optimal,222540.614386,0.908417857507267,1.000000018181818
968,Georgia_only,1547.9913199010855,189.277526202027,305.15359480586204,176.87152248070453,117.25402571853708,219.65721282109604,181.3162408870272,111.71035927632488,246.7508377095068,Optimal,183482.90873,0.927835280169256,0.8644396181818181
969,Georgia_only,1572.5450667373395,180.88663209126,303.3415931537976,181.6301554149795,109.80599990524632,199.82353171320125,203.54018442733775,104.9700810516816,288.54688897983556,Optimal,184230.22246,0.9332482807916419,0.8999569818181818
970,Georgia_only,1514.9923369939097,238.0990339437509,261.197268312693,179.81713750742824,106.3060476758702,222.1685768790282,181.7463777382307,99.29735139525637,226.3605435416521,Optimal,180313.01239100003,0.9344568651806264,0.8506719454545454
971,Georgia_only,1479.7922233397514,171.41502590447428,258.55429740333767,157.02050872471696,103.05795419063627,238.67264757447123,199.92946169678171,89.52483799669318,261.6174898486401,Optimal,177497.82640799996,0.9395017544167774,0.8363780363636364
972,Georgia_only,1678.4741446318444,214.58367121286577,263.95460634499426,200.6155668334248,117.86842802955631,248.38551061025527,230.68975597070096,126.10619999571863,276.27040563432837,Optimal,202847.61203999995,0.9248685569359757,0.9984977454545455
973,Georgia_only,1365.5285620812301,176.0784159543591,229.66139384251937,152.47782724232468,100.08926267312799,204.40221366011644,156.58732446554308,105.4165382583692,240.81558598487015,Optimal,163252.5075,0.9228016571688822,0.743917109090909
974,Georgia_only,1630.2368972197305,209.68253090127826,345.73140896414986,193.7267999860711,114.75218435902535,197.47549393208052,202.77333500411504,121.47853944863165,244.61660462437877,Optimal,191523.55605,0.9254841137340807,0.9295496727272727
975,Georgia_only,1592.7889787967517,204.83321828707375,291.26739215300154,154.42069541247852,110.14491141500626,219.1550426735024,202.0320642029349,116.97813208340492,293.95752256934946,Optimal,189521.61271999998,0.9265576668636162,0.8483594
976,Georgia_only,1818.182981366072,296.48079079660477,311.7491230648741,212.81422784018613,125.48540588908641,252.12000622638993,208.9106342751573,124.8243876094972,285.79840566427623,Optimal,215161.45548,0.9313466341697432,0.9949277636363637
977,Georgia_only,1428.5216158917551,183.24563025329996,227.38818732188133,163.64781258828276,97.39626923658443,210.79084572816876,208.33813004102797,105.64043726777896,232.07430345473094,Optimal,173319.208674,0.9260491155915699,0.8534221981818182
978,Georgia_only,1533.5226559332618,201.75321712000033,252.67004261771532,169.60681193562107,123.06514063986536,225.85091602313074,188.4012670749358,111.82113931299752,260.35412120899576,Optimal,184052.02452,0.9270821754731687,0.8746785818181818
979,Georgia_only,1522.5735005899137,199.74152327536305,249.55037893627016,163.2046792865098,116.24464856834926,202.24933354198146,223.85713617773223,95.63840529241551,272.08739551129224,Optimal,181941.781215,0.9371863489330013,0.9151026727272727
980,Georgia_only,1671.776580241204,220.95280421575626,292.80933942046335,207.45916825110896,115.43913281785909,228.18083188727732,206.21611848010312,144.54661438046242,256.17257078817363,Optimal,200557.33225999997,0.9135371185661969,0.9620262181818182
981,Georgia_only,1781.5206998752114,210.09615760984605,321.19113169603827,226.66828695502304,112.23715410846054,232.2110195806539,249.05764112508484,143.02287681933436,287.0364319807704,Infeasible,,,
982,Georgia_only,1942.4024546677838,237.56380221934538,338.13483260280753,246.43843662695127,125.94375039687877,320.35118634256514,226.53546007435847,134.3171309110716,313.1178554938056,Optimal,236178.756997,0.9056659065543019,1.0
983,Georgia_only,2049.831730920818,259.4210599632517,376.08218386094757,258.5050321906126,137.68394545204242,314.38412591492846,250.59629728084266,120.88491239311469,332.27417386507767,Infeasible,,,
984,Georgia_only,1557.1920486801148,164.70277394590067,243.81904523013694,181.67694732910198,119.44120564733502,243.82500314324096,205.54836988716468,107.14433399197107,291.03436950526356,Optimal,187198.31349,0.9311938891731878,0.9212118727272728
985,Georgia_only,1373.6067092300723,191.91217213716885,204.71583240985706,174.14166767727667,90.76759245631794,232.15465031107257,171.3290126165796,93.37050870293436,215.2152729188652,Optimal,166005.888631,0.9320252903522815,0.7931604945454546
986,Georgia_only,1586.8365364888225,192.3891566002182,281.96413999303536,201.34633476732665,110.33164108178106,220.08245086286115,206.2485875027397,105.2710944330691,269.2031312477913,Optimal,187611.82628,0.9336597727187738,0.9416846545454546
987,Georgia_only,1521.2543185498034,175.07335530010317,272.98695090130485,183.24037659544572,115.79723729638596,227.16721185648632,161.79442053263108,103.86421955653253,281.3305465109138,Optimal,178888.33882,0.93172462534153,0.8378764363636364
988,Georgia_only,1576.844492487482,179.9016623025411,314.6306146315416,202.76252637881814,97.60215062253927,220.50147349092776,212.64330624195705,131.5947236604779,217.2080351586792,Optimal,189299.043906,0.9165455299400573,0.9327418018181819
989,Georgia_only,1831.3759392330178,210.10682633843788,295.88920226336006,188.41718514989842,143.2148477902466,294.8769723486768,212.42834327119198,110.52857646508302,375.913985606123,Optimal,217409.69465000002,0.9396472527211933,0.9892006909090909
990,Georgia_only,1677.1555237218874,192.0484507596995,319.02193298351915,186.26789555561007,114.91283482343174,264.094037832866,179.99724191571426,130.47989763476616,290.3332322162807,Optimal,199690.55116,0.9222016671224796,0.8748690363636364
991,Georgia_only,1587.7906329832442,216.37368642331717,239.6882222473249,174.67857581379155,122.4307779771532,248.28484830247493,210.86452643303136,99.90577867389717,275.564217112254,Optimal,191306.711329,0.9370787552792557,0.9235888909090909
992,Georgia_only,1466.065780213794,175.15178523526203,264.61252470532855,173.32037264292845,90.35571689342416,207.41882820714267,200.2130258191633,107.0908099479252,247.90271676261966,Optimal,174956.149562,0.9269536165026803,0.8434347581818182
993,Georgia_only,1573.0792621749147,182.22872028526143,330.2656743130491,184.69019777592933,104.44577150977901,189.44563039239065,171.7849619266166,107.01792194588054,303.2003840260079,Optimal,180676.65498999998,0.931969141830175,0.8380380545454545
994,Georgia_only,1489.355237596261,188.43821584833228,233.08325838726233,199.5669387707361,134.509772277611,163.53108607776366,186.4375921140269,112.87241838627207,270.9159557342567,Optimal,175082.34253999998,0.9242139116666142,0.9463896363636365
995,Georgia_only,1503.3354062871067,185.55996251230877,277.5122026371356,201.30048832970004,90.42911161130915,201.6752640268607,203.74009234902124,97.57962848806929,245.53865633270186,Optimal,176899.82378000004,0.935091241861917,0.9008539854545454
996,Georgia_only,1855.458788395671,240.53977892632147,295.73951271262047,218.01010565690888,113.39522862657624,264.15778740484717,244.67412170940392,146.51565033056372,332.4266030284291,Optimal,224637.406356,0.9069798265123926,1.000000018181818
997,Georgia_only,1613.1092790223631,203.71725474484813,270.13056817449217,208.69818865764088,130.60548248110715,243.58972957588907,208.48105185723634,105.91237220148412,241.97463132966524,Optimal,193405.84467000002,0.9343427129211284,0.9959722181818181
998,Georgia_only,1534.9635747037396,211.61415409660995,265.3051192903147,197.75494282170888,106.75870644057007,184.90025761055148,182.7834493328305,118.24732759189186,267.59961751926227,Optimal,180089.31879,0.922964084195573,0.8859947272727273
999,Georgia_only,1643.698314260564,206.5246712425887,262.9702839958485,196.5708813557026,109.32846366976558,239.7600458519698,207.85005054246096,98.1344409558935,322.55947664633436,Optimal,193593.04785099998,0.9402965596489579,0.9340897999999999
1000,Georgia_only,1553.9636465983126,217.23240911462054,282.4986706729404,177.14769243384794,105.99348140340116,226.50542141192753,189.40279748317465,102.0727784407673,253.11039563763305,Optimal,184278.44634999998,0.9343145659670008,0.8591708545454546
1,Texas_plus_Georgia,1543.2392013049484,198.54571984365634,266.3630549962941,192.62110969247934,110.8041542705865,193.24038548425173,208.834400275235,109.26644484617474,263.56393189627056,Optimal,160625.88423999996,0.9999999926745327,0.7312768444444444
2,Texas_plus_Georgia,1670.5295141253189,212.20165929298028,310.55009131470615,196.7999807806674,116.46273199366796,213.96995914883848,187.3242430092735,118.05549689283232,315.1653516923527,Optimal,174228.57286,0.999999997530532,0.8185796777777778
3,Texas_plus_Georgia,1623.2687782173832,203.61931555279668,289.3810043930286,158.1821020849419,110.81587974466095,240.1542075758212,224.57841156234016,111.61270052819118,284.9251567756025,Optimal,171679.07666,1.000000001098165,0.8146161444444445
4,Texas_plus_Georgia,1565.3986872897117,227.18685282114527,250.61051207933178,197.6666787185519,100.31361556137696,179.6312451731432,197.71983726454522,106.5029270342517,305.7670186373657,Optimal,161196.96121,1.0000000081195217,0.7304762333333332
5,Texas_plus_Georgia,1709.6390394164462,193.87970881570752,317.8449222694661,176.11585845630066,120.6307628802381,236.30324605081282,221.53650166377471,132.05550801753,311.2725312626162,Optimal,180167.36427,1.0000000003413316,0.8311420888888889
6,Texas_plus_Georgia,1730.8161260860716,226.49029882993696,296.85344910605687,177.19055249770355,109.74763789957184,224.99338273303036,223.1044268078348,114.99734963556745,357.4390285763698,Optimal,179815.1257,1.0000000022613198,0.8314857
7,Texas_plus_Georgia,1513.0014466666148,169.16965363650363,271.868627651616,193.48335759783737,110.34062181004931,228.08806156093405,217.76664132131557,103.91779215790446,218.36669093045438,Optimal,159957.78288,0.9999999955937816,0.7434737111111112
8,Texas_plus_Georgia,1581.3630465678941,213.74863336131497,224.264323156569,173.30988499057878,110.72484051806121,209.20454082297442,208.9038998876792,114.41159717145123,326.79532665926536,Optimal,165917.24117,0.999999995846688,0.7191305444444445
9,Texas_plus_Georgia,1638.0499089477053,205.15693527250446,274.8479081120751,178.35472855942385,133.24056597762993,228.92462530166827,216.52142270213156,130.56343062053458,270.44029240173745,Optimal,174527.69708,1.000000006747227,0.7876994222222222
10,Texas_plus_Georgia,1517.1771532233056,165.54190585411203,238.12296679516538,167.1340725610126,115.25446590605272,249.15192221918332,198.64241833501703,113.48864182885544,269.8407597239072,Optimal,163159.46803000002,1.0000000044666468,0.7253520000000001
11,Texas_plus_Georgia,1903.870205208009,249.76698531478604,313.0128702183513,183.51849243137315,138.89868342630663,263.65940379536147,258.2393994637248,126.5219208416058,370.2524497165,Optimal,200210.89305999997,0.9999999972645145,0.9182658444444445
12,Texas_plus_Georgia,1609.516718861321,231.86080210186768,266.6735174068968,166.90440488033352,98.12083281288457,216.39135991879178,227.95842409132015,119.18560024170542,282.42177740752095,Optimal,169046.03046799998,0.9999999963583349,0.7943618666666667
13,Texas_plus_Georgia,1280.34374013234,173.50873716405678,227.78423644076062,135.9593401919926,84.31893332864789,179.51540149223996,192.02376919788847,80.78851393173017,206.44480838502344,Optimal,134068.37665,1.0000000053639189,0.6453426444444443
14,Texas_plus_Georgia,1783.1163184377085,224.59127357310246,301.91761832732425,210.79621632271974,115.23593849751488,266.73411198727905,208.08268164051162,142.54110787655657,313.21737021269985,Optimal,189941.50205,1.0000000008761578,0.8813811111111111
15,Texas_plus_Georgia,2102.867262468935,264.8453289645626,393.591260707754,200.92917989092194,141.32487819690843,295.520149107151,306.62761527973873,120.92659169024773,379.1022586316508,Optimal,220111.416554,1.0000000031057905,1.0
16,Texas_plus_Georgia,1781.9465956502706,253.4607083119049,311.3055229651952,194.27569869296718,114.65212739624549,213.2354039952542,221.71581986037623,118.49820974753312,354.8031046807944,Optimal,184148.90716,0.999999996829158,0.8644462555555555
17,Texas_plus_Georgia,1485.4323614302186,199.06979561922657,219.72971897472007,164.7265813969118,109.94106325042262,232.6122321257661,222.83386173325195,106.63532415833987,229.88378417157972,Optimal,159137.17185999997,0.9999999923051235,0.7237908333333333
18,Texas_plus_Georgia,1747.6846693387429,225.92487738327966,300.4711491705123,177.8058149660087,133.4938765262525,240.48409155145927,230.09362593742523,135.3852600540034,304.0259737498019,Optimal,185373.00664000004,1.0000000003783618,0.8520890222222223
19,Texas_plus_Georgia,1775.6943027566576,261.5563949121144,288.1331710128667,181.9971335322484,118.4842967503932,271.7840395159275,213.41564404916133,123.41115403825351,316.9124689456927,Optimal,189583.80031999998,0.9999999928159606,0.9127484444444445
20,Texas_plus_Georgia,1524.3986522281161,163.82125998212197,267.4833496008826,177.08385475034166,101.78321918170464,236.01658689394273,206.8905004438245,97.91962853301898,273.40025284227914,Optimal,160599.67240200003,0.9999999978823675,0.741468
21,Texas_plus_Georgia,1565.638687079887,173.26215084434546,280.36305636158227,177.8256896833674,103.62652631407748,235.27695960840347,211.01255299934996,105.37947829625382,278.89227297250716,Optimal,164816.14659000002,1.0000000018651258,0.7654468555555556
22,Texas_plus_Georgia,1759.2121339195944,211.23233117183455,314.1895172862036,201.68716851964174,158.0702655828422,209.21355100775688,243.16827174960432,122.21895142260401,299.4320771791072,Optimal,183396.19748000003,1.000000003456323,0.8162615555555556
23,Texas_plus_Georgia,1967.932583079471,247.6509699833951,413.49860207021345,210.79368495636203,142.61407847439025,262.2120313399218,231.32158601675633,138.56497353870492,321.27665669972714,Optimal,206914.41225800003,0.9999999999596171,1.0
24,Texas_plus_Georgia,1671.7269394660093,169.43428709435472,340.6640472502703,182.81692186799128,138.30644475238375,210.10706932426507,215.34072090544785,159.44124698592023,255.6162012853761,Optimal,177268.97485,1.0000000003194247,0.8002282333333334
25,Texas_plus_Georgia,1395.154507712942,167.09088107037027,246.68685311604503,168.13038579380228,111.54619609563443,191.1097923155529,150.3496738265494,93.86890400431035,266.37182149067723,Optimal,146710.13966200003,0.9999999973386877,0.6720972444444444
26,Texas_plus_Georgia,1671.1676784307795,176.54771504653118,285.2773827821462,219.49266872214554,147.547949952546,252.34929981363555,221.45408789250834,105.3699853820599,263.12858883920666,Optimal,177123.11604999998,1.0000000069228363,0.7935271111111111
27,Texas_plus_Georgia,1518.818441359057,216.53022673412528,290.93819915517764,174.47936593259928,101.94459620711193,211.66243344747042,183.40795602195,121.99311788827498,217.86254597234753,Optimal,161444.92179000002,1.000000012273319,0.7990342888888888
28,Texas_plus_Georgia,1620.7564701213248,207.3439117173978,307.7458671170163,177.4587029754987,121.72114353129142,211.63246176045877,184.00272955761506,102.94192785098443,307.9097256110624,Optimal,169088.96501999997,0.9999999999251431,0.8074691555555557
29,Texas_plus_Georgia,1983.323882324623,237.66941614252738,421.09138071663006,200.56206194712257,133.80576157369197,259.37128774362895,221.3958639253519,158.53436402238947,350.8937462532805,Optimal,208699.63494,0.9999999963068952,1.0
30,Texas_plus_Georgia,1315.5984566901366,171.1920794212848,247.96473936879667,171.28110841979,86.49957130550729,157.99686432077073,147.25034020612142,98.28515697673163,235.12859667113392,Optimal,136454.59448200001,1.000000000995641,0.6412818666666666
31,Texas_plus_Georgia,1606.4559194527865,196.42354135867515,250.25966422665513,154.03089350384124,121.79907999614497,244.5956997570853,234.28541584092088,127.55321304854026,277.5084117209236,Optimal,172254.24537,0.9999999941157511,0.7680876666666667
32,Texas_plus_Georgia,1728.2016580392203,231.3676950268358,292.7278457767752,197.90834303536323,122.90074276020147,209.8581304744511,238.23974410740993,133.59953543516696,301.5996214230167,Optimal,180416.81973,1.000000001134578,0.8155040888888888
33,Texas_plus_Georgia,1505.184047887135,198.04910969284958,302.08359311378445,170.26858904957817,100.76434981736453,199.84667382718803,189.49431090118858,93.41682089456293,251.26060059061865,Optimal,156573.369348,0.9999999954243901,0.7777548555555556
34,Texas_plus_Georgia,1693.8761414214582,247.9692851952212,302.13274342355464,203.2540973945804,106.67165809665892,244.9832129634015,183.99319481869966,118.18443638892742,286.6875131404145,Optimal,179215.83602999998,0.999999999160825,0.8834280444444444
35,Texas_plus_Georgia,1516.6404985846812,231.83266321539347,267.8687951740121,139.49405525770888,111.45012433198744,202.49135320809398,189.84642830257678,110.4836632181835,263.17341587672496,Optimal,160629.83620000002,1.0000000009331935,0.7802142333333334
36,Texas_plus_Georgia,1313.877176724209,148.85485216318784,240.74737501905437,169.21008479926044,112.3177920855209,222.40076419186934,136.0809594233455,100.27989298759292,183.98545605437758,Optimal,142918.2293,0.9999999948821632,0.6800033222222222
37,Texas_plus_Georgia,1856.4277242827309,247.0062911142439,286.47293379537956,261.7227991550603,142.69211800677436,221.47827266815432,247.99923906292815,124.35970467772881,324.6963658024614,Optimal,192252.52227999998,0.9999999976930257,0.8388416555555556
38,Texas_plus_Georgia,1514.6993130545839,224.42660347610956,226.23013224518112,179.4966981370696,130.29895979800168,200.10932007083093,199.78947745069695,110.89821858839352,243.44990328830042,Optimal,160820.88721000002,0.9999999979833728,0.7230733888888888
39,Texas_plus_Georgia,1735.516509313563,220.79025616084627,265.28732330627537,231.81200742807334,131.48371324521338,238.9269786763859,205.1703641810604,112.31250717395496,329.7333591417533,Optimal,181960.49242,1.0000000003955232,0.8055606222222221
40,Texas_plus_Georgia,1628.0756606146972,211.45554561947648,264.35882665965875,190.9342028759458,110.90637666053703,242.21284701571068,198.2938217233142,121.90511968002059,288.0089203800336,Optimal,173121.65740999999,1.0000000057646599,0.7978080333333334
41,Texas_plus_Georgia,1618.8590334719956,185.87605658644276,245.8515470746778,167.20173803266655,101.9846573638268,245.4266123012474,201.6225896889167,131.6676896971218,339.2281427270958,Optimal,172296.74598999997,1.0000000040324724,0.7523935777777778
42,Texas_plus_Georgia,1515.9249735120768,175.97453905944215,263.6645785854362,181.24018907431133,98.34779660309674,222.6168713728278,211.41767332434176,109.00694446096223,253.6563810316586,Optimal,159698.441012,0.9999999957042222,0.7358399888888889
43,Texas_plus_Georgia,1526.2479025268528,227.12749012781754,249.27596644509757,155.41004417635986,101.67349131119664,232.2090407686765,177.394189008583,110.74620958131597,272.4114711078059,Optimal,163269.52790000002,0.999999998344402,0.7873472222222222
44,Texas_plus_Georgia,1778.6831346738359,254.06751622471356,278.73581984623684,219.88854999220263,113.3588614427926,235.8832795358126,248.9468186144173,133.23059872661926,294.571690291041,Optimal,186659.68467,1.0000000029944422,0.8540962444444444
45,Texas_plus_Georgia,1368.2700813977779,192.43210560737498,227.7440050215226,147.43772631925927,94.72493969929079,207.17986526680752,147.15319693318622,104.78043453418441,246.81780801615204,Optimal,146604.99834000002,1.0000000135954317,0.6970622111111111
46,Texas_plus_Georgia,1492.7758881284894,214.42475458863058,273.9901804145363,161.71810110237982,100.43169311716363,230.2445065515691,166.11142482743878,103.8780115843863,241.97721594238493,Optimal,159498.99222000001,0.9999999945547826,0.7985104888888889
47,Texas_plus_Georgia,1628.125633512009,210.7808976009639,276.18402635310946,205.49224863687954,117.29899411369547,222.1977680258398,182.8417548174169,123.23644861771145,290.0934953463926,Optimal,171817.49979,1.000000003984945,0.7879585555555555
48,Texas_plus_Georgia,1819.8302851285384,219.87391411748345,316.75342250672065,209.3793005564027,130.48418046548042,263.538451819968,199.60607488841075,142.95238978476644,337.2425509893061,Optimal,193442.44865000003,0.999999991686841,0.8890730888888889
49,Texas_plus_Georgia,1815.1019616566305,287.3564898865237,296.35305188894625,203.23618589700703,127.6073313474848,309.61983124711526,192.99111683380224,133.8281167122015,264.1098378435497,Optimal,198039.53019,1.0000000045966395,0.9925881888888888
50,Texas_plus_Georgia,1145.8341049353673,129.34437692488754,183.8402055026344,156.59787648426428,80.63550077892293,171.9453106271166,140.92254864044716,93.49146025697331,189.0568257201212,Optimal,122059.822376,1.0000000140200336,0.5390332222222223
51,Texas_plus_Georgia,1787.151567088401,211.70069676900474,288.7852520829,210.39255173749365,130.21259593226983,299.55964173179655,236.63638906980654,115.11296115082999,294.7514786142997,Optimal,191377.97425,1.0000000016291843,0.8889395444444446
52,Texas_plus_Georgia,1568.5000792366914,208.0845777898206,268.13799970670357,169.98637061290626,117.285889701842,203.9655838244182,190.91284673575228,109.47867423668278,300.6481366285658,Optimal,164405.98274,1.0000000004866487,0.7557646222222222
53,Texas_plus_Georgia,1502.2592064249427,195.93551193500275,243.70630783755456,193.1926075617205,106.30520750499608,233.36283933596707,167.7885383360697,125.13554454997892,236.8326493636532,Optimal,161776.12894,1.0000000023797873,0.7477829555555556
54,Texas_plus_Georgia,1442.8320050370821,210.78584604061447,221.2336882534761,167.21092136969244,106.12562141487268,190.65955274399283,216.86561089543963,122.37324042994246,207.57752388905158,Optimal,153363.45533,0.999999996508892,0.6918656555555556
55,Texas_plus_Georgia,1353.7622034230847,192.22046793703183,207.51412765565613,151.58901232471288,99.7820500035425,211.10703662077532,173.3815234350111,99.44007392383759,218.72791152251742,Optimal,145492.840792,1.0000000004261569,0.6787129333333333
56,Texas_plus_Georgia,1809.6118373133233,221.94366034149098,321.69706613291356,196.96146664011414,130.94804445003888,254.80515583552514,229.455368071105,117.07212552980698,336.72895031232866,Optimal,189926.00448,1.000000007010717,0.8871621
57,Texas_plus_Georgia,1924.0658897460248,241.8790589222478,338.6742174242252,228.18273730624193,143.90235051673895,270.377525708966,241.13302759757102,142.98462360478237,316.9323486652515,Optimal,203640.39827,1.0000000053293263,0.9454786777777777
58,Texas_plus_Georgia,1448.1509646227944,186.3658708771037,205.23742653495532,165.1664732987386,107.64917096967243,233.75780247364227,188.75590674044176,113.33570680330476,247.88260692493552,Optimal,156334.96446000002,1.0000000037131527,0.6948456666666666
59,Texas_plus_Georgia,1412.024343062124,160.65081953025538,223.8731939892717,143.44810772225316,109.50336449984415,201.33500369863424,195.86049540295073,103.53685504800856,273.816503170906,Optimal,149365.63603000002,0.9999999978313943,0.6509544555555555
60,Texas_plus_Georgia,1752.086289724459,213.62118258543308,295.5944899601929,192.03394975175553,107.6430004012576,270.86493520217385,256.62543006139293,126.50838218757755,289.19491957467557,Optimal,185774.66433,1.0000000001572644,0.8667562333333333
61,Texas_plus_Georgia,1786.5875647959376,180.78582932384268,310.20671201184,206.09859234418906,119.93344042801128,291.87547764359124,251.86238272828587,123.7058916105858,302.11923870559167,Optimal,189944.00259000002,0.9999999973155876,0.8698533555555555
62,Texas_plus_Georgia,1609.68778479345,187.29865080710763,230.62164717070092,201.16555115116165,121.38044020111613,237.24504347038283,176.70519958129933,134.85690434651946,320.414348065162,Optimal,172067.29765999998,0.9999999970221243,0.7279614888888889
63,Texas_plus_Georgia,1649.7265704803508,190.7764731274664,255.33172299968845,193.56170250179446,105.89377099993375,231.2418048776476,232.84872205652803,99.78875193415944,340.28362198313255,Optimal,171249.05203599998,0.9999999887979308,0.7526111
64,Texas_plus_Georgia,1773.9769692596285,211.80817903390874,277.46854549436085,207.11297413433448,120.11968842326326,259.4017626936896,185.1693918239154,130.15587410167348,382.74055355448263,Optimal,187571.35676,0.9999999947802994,0.8318649888888889
65,Texas_plus_Georgia,1452.8382086121167,178.3508075177949,210.56206927011152,173.66011729467866,99.55803489071113,247.273038422052,187.1187173453767,98.10660185126405,258.2088220201278,Optimal,156029.48958599998,1.0000000057734462,0.7068732444444444
66,Texas_plus_Georgia,1550.2005321591596,170.4028227282484,267.72834992741343,170.1747894145768,110.05066354911989,224.75305053192417,185.13106434986906,112.89599195609418,309.0637997019136,Optimal,163595.60070999997,0.9999999921563956,0.7365380222222221
67,Texas_plus_Georgia,1472.7071040346398,218.25877301804277,238.731762174622,151.03221222409175,129.91419999301186,207.0171249898829,210.39340614384935,110.59906105359363,206.76056443754555,Optimal,157945.28138,0.9999999904701757,0.7377862777777778
68,Texas_plus_Georgia,1536.8393980003973,196.81590061525193,241.84658191307648,154.44631818411074,116.42451377906572,244.4929734040823,215.69547428597315,111.76866372106068,255.3489720977764,Optimal,165142.81749000004,0.999999988287392,0.759061611111111
69,Texas_plus_Georgia,1376.701940856115,175.65408161696587,223.2761234497092,161.72901283311054,102.92054695858799,188.63131096597672,181.42233606492817,95.60393749091993,247.4645914759167,Optimal,144782.214596,0.9999999971990198,0.6528461222222223
70,Texas_plus_Georgia,1668.9535431675283,219.47538553965882,301.3657742870871,162.46182817605572,115.32696283171067,246.27825569082438,229.87686822366734,102.08854887281312,292.0799195457111,Optimal,175841.87463,1.000000004093866,0.8523549111111111
71,Texas_plus_Georgia,1802.426919531696,227.12483234115163,305.38311998179006,214.99687876813,131.6683171685991,274.8389002682358,232.89838545819015,130.42831953368372,285.08816601191563,Optimal,192161.76095000003,1.0000000058078937,0.8970520555555556
72,Texas_plus_Georgia,1568.6219166525327,228.37458804792126,263.2068181695151,176.0970993086498,106.56317534808477,242.19764580614358,184.9724877885802,122.60141459517533,244.6086875884627,Optimal,168687.97995,1.0000000085090404,0.8153100666666667
73,Texas_plus_Georgia,1481.6248211657644,188.20553312542216,249.04676751229377,168.83355963353492,113.90989349716605,196.57648650798302,192.72032410401414,93.51971683591435,278.812539949436,Optimal,154737.14105600002,0.999999997188381,0.7042542111111112
74,Texas_plus_Georgia,1673.5989166000072,230.35383422165827,296.6148753928267,179.40066920134998,117.38285280394979,255.06109934895898,217.90218031900145,122.79944071350808,254.08396459875385,Optimal,178925.51432000002,0.9999999960563984,0.8689220111111111
75,Texas_plus_Georgia,1566.4954509530905,194.73418061082998,249.67912870995863,182.65088830278452,96.29256422118743,248.64985597964474,227.24517052625768,115.31850588408929,251.9251567183383,Optimal,166856.477854,1.000000008328725,0.7700701888888889
76,Texas_plus_Georgia,1399.4411536231084,183.6569482741864,195.09577865326105,168.7547628878675,110.7016172286971,200.80874587635753,177.45936875386704,105.48744827892612,257.47648366994565,Optimal,149008.99526000003,1.0000000045567414,0.6439572
77,Texas_plus_Georgia,1749.0339971663145,229.0576311662011,284.5304494406932,194.07106922662996,129.35258302936813,296.81662432742644,221.43002779458587,114.3306441434174,279.4449680379924,Optimal,188531.62178,0.9999999959027014,0.9004496666666666
78,Texas_plus_Georgia,1179.4801447817488,171.75425967759162,193.37570916029108,130.57546614092277,75.76960375289404,165.11579412507967,175.90195753045774,80.97684552395746,186.01050887055442,Optimal,124149.044452,1.0000000044241961,0.5891619555555556
79,Texas_plus_Georgia,1601.5068356369634,201.62871826611155,290.454280110759,199.70036167200232,115.80509340919026,203.59435119750992,206.05953060053784,121.84922134492268,262.41527903592976,Optimal,167594.63517999998,0.9999999964802128,0.7729748333333333
80,Texas_plus_Georgia,1425.0785065729228,198.19152766339988,227.0408544020952,151.45168021424433,98.7688456664505,218.62991618034246,182.24184865027246,95.37947465662634,253.3743591394916,Optimal,151729.93759599997,1.0000000031065495,0.7154025555555555
81,Texas_plus_Georgia,2086.543830092957,291.8382960885861,362.27024159756786,201.8268514749455,205.3755905757835,250.36404692191323,244.7508984259334,131.58402990490939,398.533875103318,Optimal,219160.64439560001,1.0000000021600521,1.0
82,Texas_plus_Georgia,1601.99864933345,185.3100382019705,292.71036097103894,200.66770517970414,115.02020787230856,210.20522965113253,198.78810511698154,113.66678549192784,285.630216848386,Optimal,167117.29058,1.0000000129004791,0.7646951444444443
83,Texas_plus_Georgia,1531.3185143590663,209.4007413367198,235.90168304129165,145.44617338406107,100.38389529938041,247.39280537448843,183.71987288840768,136.5952293332269,272.4781137014903,Optimal,166446.15386999998,0.99999999715339,0.7696613666666667
84,Texas_plus_Georgia,1426.3346213670632,167.81254740023093,249.2098983006617,144.13188650989122,128.5023750754604,183.56110776643084,195.26752324687874,117.27276086051887,240.57652220699043,Optimal,151323.45166,1.0000000060525325,0.6673150666666667
85,Texas_plus_Georgia,1381.3235084480757,180.51719682433793,256.476333404671,179.99424071615886,103.64977928201027,179.19434691087505,186.30126568563372,96.35219717209468,198.83814845229432,Optimal,144525.012446,1.0000000061911087,0.6846532
86,Texas_plus_Georgia,1550.171455462454,165.6235938877648,270.24536014685026,206.35463425995093,127.8747763405702,200.53773141734908,182.40387782626607,113.75583002438015,283.37565155932253,Optimal,162236.32463,0.9999999964762261,0.7071185333333334
87,Texas_plus_Georgia,1580.8305317178883,193.7524553218849,326.7580347088057,172.83143357063224,104.01406448994987,221.00754664611767,208.265804645432,98.58253183388554,255.61866050118044,Optimal,164982.435326,0.9999999938526691,0.8239089333333334
88,Texas_plus_Georgia,1449.5444565823113,177.3732689283547,293.37664365333364,174.59550763443895,100.38790595832947,184.58905768378278,176.7863489578341,112.54682972647895,229.88889403975884,Optimal,151632.28541,1.0000000023577675,0.7281544111111111
89,Texas_plus_Georgia,1806.0856959630253,206.51999245783819,306.8743259779914,250.6993109583078,107.6828483151059,296.4749384990341,196.8856594895815,130.4468950433446,310.50172522182174,Optimal,192398.86520000003,1.0000000077720423,0.8998547333333332
90,Texas_plus_Georgia,1557.025064783398,162.340150390397,244.9488059741992,186.93547004299106,124.09544427972898,226.1473940036699,217.68769516890555,109.80918314223338,285.06092178127295,Optimal,164359.75007,0.9999999969278606,0.7038181666666666
91,Texas_plus_Georgia,1493.3977140162044,192.95255091505712,266.09841880889604,193.16643002006217,97.96533180310644,202.67495963832633,189.202282621485,101.57156122758195,249.76617898168928,Optimal,156015.51627199995,0.9999999986499214,0.7352510333333333
92,Texas_plus_Georgia,1360.9709116317224,181.9398981728771,213.2923664083606,141.60220142231114,83.08811200006144,218.7570162669415,172.85273863379382,109.25268973781827,240.18588898955844,Optimal,146365.201532,1.0000000076182947,0.6822103222222222
93,Texas_plus_Georgia,1300.4015380992173,155.0911575921919,248.60317996362323,142.31336095570597,86.10449620880776,188.63337256643106,169.8109881955191,86.78287380669234,223.06210881024603,Optimal,136625.324418,1.000000001461689,0.6581419000000001
94,Texas_plus_Georgia,1413.319613680284,150.78734940774595,273.91503062280003,160.12407662953854,123.65887956819516,193.48841077946523,166.81904931990746,122.22275682070799,222.30406053192365,Optimal,150842.78277,1.0000000044715407,0.6868786555555555
95,Texas_plus_Georgia,1594.860020798267,204.1459212075409,248.09675935781928,144.86048890520323,108.86604972300067,209.56408569035187,218.6531911927705,113.31589980121367,347.3576249203669,Optimal,166756.56583999994,0.9999999994994753,0.7353408555555555
96,Texas_plus_Georgia,1308.0546605505633,173.4625826793268,208.3347191603451,173.43821112182798,104.84955598139705,208.2821577265051,160.83776626634364,89.64232334600231,189.20734426881543,Optimal,140492.61503400002,1.0000000018725796,0.6556438444444445
97,Texas_plus_Georgia,1915.4889744474424,255.82426320282173,315.8492001144783,237.27915238139133,145.61609849215793,297.8397953909499,206.70963168165122,125.77549704832182,330.5953361356702,Optimal,204492.69776,1.0000000028987677,0.9661258444444445
98,Texas_plus_Georgia,1735.9291469709644,233.68741619827037,255.97490829743936,191.176825113897,147.0848486675507,252.85434745918255,231.67075314064306,117.74903244763688,305.7310156463445,Optimal,184935.54623,1.000000007505511,0.8250185333333333
99,Texas_plus_Georgia,1946.8395358690577,248.08761514815268,369.88704855970127,199.90071103342294,144.65346473792275,298.53881417388163,227.67460397230445,152.19209820338855,305.90518004028354,Optimal,209394.46683800005,1.0000000010945649,1.0000000111111111
100,Texas_plus_Georgia,1500.9399201001615,189.0621188836049,305.84422822828395,173.35250579777806,115.35181057029716,195.26851493546977,190.5557138733397,93.3870388824865,238.11798892890155,Optimal,156377.581382,0.9999999992670182,0.7668609555555556
101,Texas_plus_Georgia,1815.6060054940465,221.94800207578152,343.4682123143808,194.0776196566622,121.35287242764488,281.2690066895214,208.80926123179853,106.32705140317097,338.35397969508614,Optimal,191478.79711,0.9999999969739874,0.9407613555555555
102,Texas_plus_Georgia,1568.6232772766211,172.02126211167194,286.0803128181255,182.35873988575773,141.29287756853475,220.6546821279578,201.55469329234106,108.34394401402334,256.3167654582089,Optimal,166069.31068,0.9999999953611417,0.7541736111111111
103,Texas_plus_Georgia,1318.8695918910885,165.517470925144,229.80509474694588,144.6370703799603,91.3916999702178,181.64644969642484,181.37256896847862,99.13808554014683,225.36115166377016,Optimal,138953.132548,0.9999999955332288,0.6410766777777778
104,Texas_plus_Georgia,1641.7874587654944,213.94913345024042,274.5217129903217,182.4298138129128,140.0566763872613,244.6644811342968,225.44668784813172,92.21798913706613,268.5009640052635,Optimal,173811.676492,0.9999999940519131,0.8145948
105,Texas_plus_Georgia,1252.8057141367826,158.063631370589,228.2932991315095,137.05815194215364,96.51441090387372,165.4557244455799,174.72240015613224,78.45070901235694,214.24738717458771,Optimal,130735.75400799999,0.9999999966979856,0.6131251666666666
106,Texas_plus_Georgia,1656.971392125156,225.4935582215069,281.3657007109166,230.64688494761324,113.91708559956297,227.00236921073818,162.18680148287746,141.7133323177828,274.6456596341578,Optimal,176152.51786000002,0.9999999987174456,0.8154018111111111
107,Texas_plus_Georgia,1476.256862143168,207.93128996038922,274.88420286407785,163.72149294815358,87.69267933324242,211.10916396336492,171.22492530574826,90.0399444648397,269.65316330335213,Optimal,154531.10603599998,0.9999999938065196,0.7710273888888889
108,Texas_plus_Georgia,1305.517137310886,175.24340799862583,231.1523846253482,180.68905563682415,95.0297787404259,149.7514547044187,152.29927291674707,92.58615457598037,228.76562811251583,Optimal,134964.569504,0.9999999974639275,0.6179413777777778
109,Texas_plus_Georgia,1863.2317740162332,185.83010172453604,291.63047510369387,221.40718223930077,146.55645543445704,302.55506649041325,217.40858931239643,140.15854717487042,357.6853565365654,Optimal,199938.29172,1.0000000085785177,0.8666840555555555
110,Texas_plus_Georgia,1808.8424577355931,248.3637168124914,334.6173067239982,189.75889237007917,111.05372615210706,283.2050105056415,223.14439313460727,127.98661941444146,290.712792622227,Optimal,192874.82746000003,1.000000001251854,0.9624289333333333
111,Texas_plus_Georgia,1562.873729771223,201.68418806367333,237.20488091211408,176.35430615516987,112.19595398528591,217.25093819916026,182.92296872882284,118.42779257972713,316.8327011472695,Optimal,165272.66342000006,1.0000000001463822,0.7290444555555556
112,Texas_plus_Georgia,1519.4422542833597,218.33722742610954,281.238475214644,131.56306123979343,99.35391977163401,201.21439521973974,208.67367170981672,109.25194319357053,269.8095605080517,Optimal,159631.0867,1.000000003762328,0.7786556777777778
113,Texas_plus_Georgia,1654.5971999632977,199.62787502655772,270.2571078940913,171.79033455901904,119.28707169498105,239.79799347007727,222.17541171907726,112.82401919714705,318.837386402347,Optimal,174538.02582,1.0000000000221823,0.7885366444444445
114,Texas_plus_Georgia,1893.9938012461203,262.19323123620245,321.5788392702673,203.4047757732761,133.47118438555395,265.2746142063511,210.45006095736105,141.96516975922128,355.65592565788705,Optimal,200838.62267,0.9999999993420674,0.9433852
115,Texas_plus_Georgia,2039.7639704123226,250.61970789600795,343.95926273809414,231.427572939329,138.7082616013216,295.21488166074363,246.73037130305772,136.08083797530216,397.0230742984664,Optimal,214569.07603000003,0.9999999948953298,0.9886598333333334
116,Texas_plus_Georgia,1598.0851420246506,209.74475883583457,303.40675694377256,187.99974338283656,119.17177004177668,230.0264805830033,184.40763006144644,115.38870828185235,247.93929389412824,Optimal,169673.27857000002,0.9999999987330771,0.8257533333333333
117,Texas_plus_Georgia,1605.9300452018938,185.97087854901014,305.84758861245507,200.51205241549334,119.58053484725261,230.23051444192603,218.1895201905485,95.53067663418352,250.06827951102457,Optimal,168018.95877599998,0.9999999948927452,0.8022766444444445
118,Texas_plus_Georgia,1527.5129008451727,209.00776623806402,267.09060948185464,162.3251491872317,113.68180999612062,214.39839440048817,181.45102137679243,115.93260183203503,263.6255483325861,Optimal,162381.92677999998,0.9999999994467003,0.7672186333333333
119,Texas_plus_Georgia,1789.0369173013223,246.88442633036206,331.4630421459,212.03486899298005,117.92662962152878,233.7296048258076,199.38772601928568,171.13995904609106,276.470660319367,Optimal,190580.67544000002,1.0000000015084527,0.9023078555555556
120,Texas_plus_Georgia,1450.9025741491241,193.58112848858624,260.1628861710432,168.2662461637276,92.49128834144192,201.79992812063267,174.62986149145704,110.0870025913157,249.88423278091975,Optimal,153025.218028,1.0000000026541243,0.7283821666666667
121,Texas_plus_Georgia,1468.6238561623259,195.50553517512324,240.66461660868256,186.68582904429678,102.26792895376478,217.42999917578132,167.58171709742567,113.51118797881543,244.97704212843604,Optimal,156563.84576000003,1.0000000094222044,0.7262223999999999
122,Texas_plus_Georgia,1691.706547360749,220.65383551659247,279.7600743368479,193.94128867567454,114.12316878569725,271.39249450572953,234.39869424561508,124.46908387420736,252.967907420385,Optimal,181344.54118000003,0.999999995648921,0.8575626666666666
123,Texas_plus_Georgia,1404.642962887214,171.8122087511974,238.88208113467365,170.68278221421124,93.25594202491786,229.48924152141672,183.6712932564181,83.40626157096925,233.44315241340982,Optimal,149005.268198,0.9999999936729731,0.7113150333333333
124,Texas_plus_Georgia,1222.5784521473329,146.79358174299645,199.73061873385814,132.34024444807415,85.10520913978623,169.04257376837143,149.131255781649,102.17257456486047,238.26239396773707,Optimal,129537.42445399999,0.9999999892462255,0.5728519666666667
125,Texas_plus_Georgia,1368.5445828435832,207.2497768793962,207.28197240217608,149.79841270891077,118.30515400439116,162.38010424823946,193.64242609361528,89.60388254596454,240.28285396088975,Optimal,143065.850014,0.9999999928072615,0.6410131666666666
126,Texas_plus_Georgia,1568.270338092943,238.5118258475417,247.47763158707573,177.6852840379667,119.05835949859198,218.0842026074767,185.39556646912024,111.1623593330606,270.8951087121092,Optimal,166601.09602000003,1.0000000012160257,0.7823040666666667
127,Texas_plus_Georgia,1676.2749115055592,203.73479062509392,285.40047168568265,205.53895334270746,122.31759844157601,244.19249524842988,223.50281886017365,116.01897124275432,275.5688120591414,Optimal,177057.38095999998,0.9999999991018425,0.8148086222222223
128,Texas_plus_Georgia,1723.7601317191884,191.95899890378047,320.8623672419154,194.5597408485462,104.72637926186286,244.80329887787047,217.78746826528308,128.4091030283886,320.6527752915412,Optimal,180768.36667000002,1.0000000048039235,0.8418051888888889
129,Texas_plus_Georgia,1465.9638715211295,184.067145259086,247.93355819386093,159.2037778213649,101.86476091088217,225.8537444020854,197.8686571749264,104.4965980232481,244.67562973567556,Optimal,156117.20495,1.0000000057838196,0.7309493888888889
130,Texas_plus_Georgia,1612.1004860470864,201.81420944505416,254.977120700762,185.7788334613445,114.80917422046981,211.8468920757003,230.4940516568262,128.2936783885675,284.0865260983619,Optimal,169542.49763,0.9999999962489395,0.7429313555555556
131,Texas_plus_Georgia,1675.9126571804543,218.88656774543813,276.00325396659616,201.7781888276046,136.13363501897936,232.5796274540768,216.9893279883639,125.88657864233012,267.65547753706517,Optimal,177966.05589000002,1.0000000076492923,0.808299388888889
132,Texas_plus_Georgia,1449.1735258787116,200.4346829964928,208.65746381227098,194.60833005854676,110.95725305006589,207.2691052144865,184.01144098404137,121.17520475246849,222.06004501033885,Optimal,155152.58215,0.9999999959434038,0.6848458333333333
133,Texas_plus_Georgia,1363.0488303797274,171.89534885684145,237.03356872091956,146.68236807001844,102.95570937555902,205.5428355318669,168.22691161207067,119.0112525131613,211.70083569929017,Optimal,146992.76243000003,1.0000000070579074,0.6827464
134,Texas_plus_Georgia,1381.1184642240387,187.29005484393656,235.56344705733173,167.1741623375721,94.19459296418373,180.7424419552537,169.10032198693676,93.58782608162778,253.46561699719626,Optimal,144166.939166,0.9999999962175302,0.6706621555555555
135,Texas_plus_Georgia,1600.9269473526679,210.7907627250335,276.2241199212122,192.6739834065297,118.74854566977523,234.74944548199056,210.96837796259763,103.05543692508374,253.71627526044531,Optimal,169212.24876000002,1.000000007900006,0.8019603666666666
136,Texas_plus_Georgia,1273.8059811428523,175.71812275128914,212.72740573053733,157.91826522246873,99.94977628106174,165.646702957047,154.21105375299223,91.55911060127104,216.07554384618507,Optimal,134054.455824,0.9999999967476584,0.6156580333333334
137,Texas_plus_Georgia,1496.856405218935,185.65283199995594,279.16994474888276,156.45825322525525,93.32827446087956,248.74982967038667,182.89083828753223,109.46910638912343,241.13732643691912,Optimal,160688.78299399998,0.9999999991856701,0.7928584444444444
138,Texas_plus_Georgia,1419.4586739330086,171.04831462960865,227.80749437171963,174.56678523737418,103.44046713445607,192.6895560900385,192.02010254928203,110.57571292384993,247.3102409966797,Optimal,149568.72461000003,0.9999999972292195,0.6572726222222222
139,Texas_plus_Georgia,1635.2122748601398,217.8806677224325,313.1309314910184,186.85960803031662,130.49934056663767,239.87251310382715,214.2134692727765,98.03081481063896,234.72492986249202,Optimal,172979.04058999996,1.0000000000855302,0.8565379
140,Texas_plus_Georgia,1558.715679245294,172.57374897711773,256.2509239107802,197.69415180141962,106.00308930718376,238.9967760051373,178.15346738341094,107.83687602981432,301.20664583043026,Optimal,164831.36239,1.0000000068997228,0.7420238333333333
141,Texas_plus_Georgia,1722.0704395198627,215.42186958423517,330.8696504621609,211.7629209586971,106.49496230519019,265.2626359536766,196.77198556009867,116.05037786630243,279.4360368295017,Optimal,182187.65740999999,1.0000000060857772,0.9017268444444444
142,Texas_plus_Georgia,1832.9304530709846,203.79124357890194,318.2671036509652,213.7145551601258,137.46749378680116,248.22727398926662,252.23571852795132,118.04687064503347,341.1801937319391,Optimal,191027.07679,0.9999999928688047,0.8558729
143,Texas_plus_Georgia,1648.9898391476352,184.55260045130473,294.83530619377234,192.11424743527192,113.81684239746188,219.13280578340965,207.2495275469482,102.09874608433809,335.1897632551283,Optimal,170744.53324999998,1.00000000658122,0.7761341333333334
144,Texas_plus_Georgia,1498.2906912855874,171.35931381740687,273.7082861108974,172.53687153555137,109.3035402631493,236.73047874793016,177.4478280428053,91.60215113881756,265.6022216290295,Optimal,158801.248168,0.9999999998093912,0.7575534222222222
145,Texas_plus_Georgia,1672.9839585931259,214.7893284683405,260.7261707621377,223.2916225986191,130.60071560651252,214.94017761904837,239.9287499221856,106.74707132935599,281.96012228692615,Optimal,174098.58031000002,1.0000000008409369,0.7671729777777778
146,Texas_plus_Georgia,1412.5122017279407,171.84704208681623,224.69385250763347,153.12793236523518,109.40182584774114,209.60136410491498,195.05098938351372,113.50369547567755,235.28549995640844,Optimal,151144.15723,0.9999999987766897,0.6734913888888889
147,Texas_plus_Georgia,1757.9928380496224,218.00621278015817,326.70714588774626,200.9051791586081,131.77246855928615,254.16032017399843,229.62207455086198,96.01021385168723,300.809223087276,Optimal,183995.82958199998,0.999999997696451,0.8876374222222223
148,Texas_plus_Georgia,1590.8867905881677,210.48885689948824,264.7981497150476,178.3416039518864,121.248564056907,252.99491000122995,180.22980254718848,118.87053920844461,263.9143642079755,Optimal,171474.48685,0.999999993344487,0.8092021333333334
149,Texas_plus_Georgia,1405.576042585803,193.81435039498785,240.4347651310731,155.08165938142318,95.86446280464868,212.96523089637165,186.16524424091148,92.8223836688312,228.4279460675559,Optimal,149179.45682,1.0000000031404896,0.7191270555555556
150,Texas_plus_Georgia,1595.6508818384507,209.55430670389583,241.5747060656991,187.8221996782828,102.9538889544975,293.7130060946864,183.16142339655116,103.303259191672,273.5680917531659,Optimal,173070.08946000002,1.0000000051148714,0.8276022555555556
151,Texas_plus_Georgia,1546.2363452050213,203.41410343033263,298.95839115089615,160.12194488655996,105.84451056950199,197.56452613291086,187.2562140044002,120.04509615730694,273.03155887311254,Optimal,162225.89755000002,0.999999996633748,0.7777078
152,Texas_plus_Georgia,1504.1507714764987,218.52200884371572,280.39084511926256,174.7139554172666,97.37679066384266,209.39607820714423,172.90627865566427,108.99153427162138,241.85328029798137,Optimal,158870.330866,1.0000000063314807,0.7870099333333334
153,Texas_plus_Georgia,1343.010530305123,179.79959976160697,222.74997778213265,162.27425917166053,89.82092375952698,185.5695543690909,183.23238393746848,94.65281635007031,224.91101517356614,Optimal,141095.842152,0.9999999997728067,0.6534657
154,Texas_plus_Georgia,2199.5729378958144,277.89903697416156,383.2772194329046,298.8009775731948,144.87487739833833,282.99201337792584,244.92482100087514,165.6268673907012,401.17712474771304,Optimal,230343.17842,1.0000000009566337,1.0
155,Texas_plus_Georgia,1783.9533069980391,192.77265667935123,325.4261474402591,221.14334483182978,121.43143233446379,246.03768620990743,236.14053987997045,127.20440019466257,313.79709942759484,Optimal,186420.54039000004,1.0000000016827577,0.8491516666666666
156,Texas_plus_Georgia,1425.7341116612638,180.66562532952824,217.14056828718958,174.06953520821753,107.6995244659244,202.2671208043105,189.3865397555282,87.41543656069464,267.0897612498707,Optimal,149609.910996,1.0000000037445524,0.6667481333333333
157,Texas_plus_Georgia,1534.5798262665544,198.1247311412308,291.5497705370203,161.1859374797638,122.47762658593027,220.0290829587109,196.13647183810906,114.87097916180345,230.2052265639859,Optimal,163562.95944,1.0000000024328781,0.7885595333333333
158,Texas_plus_Georgia,1704.954425019317,218.82675788813467,321.642017349712,189.1737059821562,116.51394919776563,250.749326762964,216.19756269686502,107.44143180314053,284.4096733385788,Optimal,179554.90323000003,1.0000000029213,0.8791312333333333
159,Texas_plus_Georgia,1734.6609087630895,230.48168985970563,284.32497769620807,222.13658937239813,107.37751078078377,209.1006229958685,232.5410493142376,131.60271553399187,317.0957532098959,Optimal,179721.80963,1.000000000713056,0.8043414333333333
160,Texas_plus_Georgia,1382.9688309020555,184.63677968730772,217.29356022550013,170.308874885986,88.5991225254572,205.17776416091073,192.40421303429474,87.35596033157783,237.1925560510212,Optimal,145461.323668,0.9999999942861653,0.6745645555555556
161,Texas_plus_Georgia,1706.0794987504858,258.8969759383985,254.37751968248585,203.92295034116145,108.86970666543544,215.37229458948005,260.11941161244073,131.7050531415317,272.8155867795521,Optimal,178757.95215000003,1.000000000732389,0.8096075444444445
162,Texas_plus_Georgia,1622.35946183799,223.36700785140826,284.4145617410114,233.12304373134074,123.6447839833202,172.54945892188664,203.4868907505915,108.11303211204759,273.66068274638366,Optimal,166371.7472,0.9999999927032261,0.7559233666666667
163,Texas_plus_Georgia,1633.2956087417372,192.27970144182376,245.4898727233028,209.0603353803018,121.02690997864386,213.22585659513325,219.64889688025144,121.9726421169888,310.5913936252914,Optimal,170874.25079999998,1.0000000007703826,0.7233282555555555
164,Texas_plus_Georgia,1389.9022630075397,199.3726374210883,231.38678370017516,183.99505497047528,100.49981435023955,163.2642498728566,185.0679135486539,85.7112889675215,240.60452017652935,Optimal,143283.98658199998,0.9999999899219247,0.6600263000000001
165,Texas_plus_Georgia,1529.153121119647,195.73645335372785,234.1330899551336,161.99147394311444,104.02735624915866,220.84239113255794,231.77095202543882,121.51303103909449,259.13837342142125,Optimal,162400.57808,0.9999999927282319,0.7230132555555555
166,Texas_plus_Georgia,1814.532208945765,203.01915112214206,332.38394712372036,203.32385611220158,132.41651587315934,275.69999473080816,217.4891712958445,140.11110461880727,310.0884680690818,Optimal,193511.66958,1.0000000005809955,0.9012256555555557
167,Texas_plus_Georgia,2085.4207502014324,253.0210216883471,394.8469571536538,247.35503430234056,128.85649933581192,332.0619085454726,234.5942915223105,115.92141464082148,378.7636230126744,Optimal,220940.963082,0.9999999936696552,1.0
168,Texas_plus_Georgia,1781.1781520349298,229.25082157933937,296.24720951712317,237.5075176143746,136.04888562464268,237.31492465489598,245.3700378710927,111.88799249886456,287.55076267459674,Optimal,185878.51121,0.9999999988575373,0.8475699444444444
169,Texas_plus_Georgia,1359.95208024738,148.05799454480382,218.6688768458191,185.3147155177373,91.83899019588692,194.02036013436884,164.26950820265134,111.76292053448192,246.01871427163087,Optimal,143708.30044999998,0.9999999998180965,0.6230524777777777
170,Texas_plus_Georgia,1650.1001351367354,212.98561848263097,255.28299097546542,173.57608046731093,130.02584673739648,237.79600130097143,232.57982315312572,87.16013602138138,320.69363799845314,Optimal,172904.673098,1.0000000005231588,0.7845162333333333
171,Texas_plus_Georgia,1588.0637021046175,242.40449529521305,247.13349061233092,173.88009036926107,115.76626162835672,198.56233359039186,212.8517400884546,101.59698083818368,295.8683096824257,Optimal,165629.42698,0.9999999986747276,0.7645559111111111
172,Texas_plus_Georgia,1635.4399333711146,233.13159594634783,275.14605713220743,193.09827697428852,127.00721741366777,201.15296942768686,209.94896750245817,135.37654316259767,260.57830581186033,Optimal,172629.84203,1.0000000101678361,0.7882562555555555
173,Texas_plus_Georgia,1891.9696859693986,218.71841040172004,320.73794877686856,184.57708911450155,135.81148515103314,271.03553635973924,260.9304821118348,148.15173268817207,352.0070013655291,Optimal,200548.14811,1.0000000021303732,0.9005465555555555
174,Texas_plus_Georgia,1662.483955035547,185.11815183806672,318.51490534003517,163.27145478595483,111.26926156330735,250.30547406262735,218.75807980929545,136.33710950932482,278.9095181269354,Optimal,177218.13099000003,0.9999999969710703,0.8377094777777778
175,Texas_plus_Georgia,1306.4819428729324,168.3737238504375,234.81548073216462,148.54203134509106,110.73839149408192,187.59983376643606,149.92380014100786,100.74616923425931,205.74251230945413,Optimal,139817.52792999998,0.9999999901468731,0.6564322555555556
176,Texas_plus_Georgia,1900.642973935611,249.56451220178104,281.48007392225645,240.5346548698345,171.0312036164987,220.88957976530338,265.87210320347486,141.6450273346766,329.62581902178545,Optimal,198783.76889,0.9999999926679491,0.8354824000000001
177,Texas_plus_Georgia,1727.7726903666103,222.79235668950724,263.86384308015295,217.10206388164565,102.95711623233291,286.65187143201825,247.10673206062188,104.65314130766879,282.6455656826627,Optimal,183325.52487000002,0.9999999997878134,0.8592311888888888
178,Texas_plus_Georgia,1813.8445243986919,224.8886180234694,309.8678480443596,201.68032947408946,147.47597894069295,246.9774241689944,235.97411870989478,138.50959029876006,308.4706167384312,Optimal,192160.26422999997,1.000000003088086,0.8685932111111111
179,Texas_plus_Georgia,1339.4766519180068,164.3372601408058,215.27839894060818,148.45949795720102,87.90300761196555,194.17279870047003,193.65865930419116,104.97251066356056,230.69451859920463,Optimal,141852.58094800002,1.0000000045405744,0.6375427333333333
180,Texas_plus_Georgia,1413.725023536416,167.5996402280904,214.8218688862455,145.4083664398389,110.4503821947794,178.71927214220938,185.424628217561,96.67210079082888,314.6287646368625,Optimal,147250.34414799997,0.9999999982058632,0.6234897555555555
181,Texas_plus_Georgia,1318.2391125751883,174.57528398110085,220.81671267247532,140.9112018443432,98.17588554258515,193.24232423454762,153.87421355083424,99.2723477948725,237.37114295442933,Optimal,140622.08033,0.9999999859090901,0.6540381222222222
182,Texas_plus_Georgia,1856.7375256949863,219.78914265184923,360.82471336164434,203.60889943389716,106.51415270671725,273.50936465209816,231.71467019659767,118.8240711003612,341.9525115918213,Optimal,194141.55196,0.9999999915470087,0.9490257888888889
183,Texas_plus_Georgia,1562.890642772058,216.42509923245024,258.51867227953284,187.31751211623606,116.24698121089811,227.74652362963704,176.3290094693539,119.0734581037635,261.2333867301863,Optimal,166865.26986,0.9999999982263263,0.7807669888888888
184,Texas_plus_Georgia,1919.8058993863349,262.64724522554536,359.868816519593,206.16411769076527,133.5590960813488,280.8939471226074,222.71596642109287,123.73355067019244,330.22315965518976,Optimal,202988.91187540002,1.0000000101643947,1.0000000111111111
185,Texas_plus_Georgia,1563.8220056153543,207.5016231511399,303.1792331655969,173.66269815359138,120.9325049190213,222.70068616695707,199.44339902572426,115.91437983348587,220.4874811998377,Optimal,166363.49529,0.9999999964092114,0.8148683777777779
186,Texas_plus_Georgia,1465.1319220021455,193.54861713632286,250.64878548732779,151.8468280127783,109.648380575032,189.9899903086433,225.05994651008922,111.9035212762395,232.4858526957125,Optimal,154144.74372,1.000000005458795,0.7046526666666667
187,Texas_plus_Georgia,1434.8366096868879,206.6159344961106,240.70209091547102,165.5811636684546,102.58188107922761,210.16631868396,161.6429032804261,105.95703408251788,241.58928348072007,Optimal,153054.12813,0.999999986279352,0.7305381555555556
188,Texas_plus_Georgia,2130.8393032167173,269.56131588890617,350.80002540109814,270.1997187752422,150.61197655881293,313.8111759076782,252.3167198135964,178.72223875027746,344.8161321211059,Optimal,228431.74070199998,1.000000006468476,1.0000000111111111
189,Texas_plus_Georgia,1650.3889694667753,238.29027529716316,275.19650374511974,189.13402313748438,125.35108663154377,253.1247698260925,190.80348480574258,120.3754344942301,258.113391529399,Optimal,177332.72883000004,0.9999999942639128,0.8517906111111112
190,Texas_plus_Georgia,1578.9880912007413,178.27773709208626,286.42067740282295,198.35462626071174,137.1315065364191,210.16380416148766,174.8696928844364,95.91351793934227,297.856528923435,Optimal,164979.818594,1.0000000043060862,0.7498469111111111
191,Texas_plus_Georgia,1425.7338184098612,170.2357289615042,221.39683863875706,186.06525864225944,88.21348994607673,217.98098249747176,200.38014366217644,96.00663520454773,245.4547408570678,Optimal,150200.72879,0.9999999976083468,0.6773483888888889
192,Texas_plus_Georgia,1278.6673774505232,174.169084773594,229.298976675068,120.67561284187921,101.7580963404925,202.29449211162063,148.34041814079532,84.7607949585677,217.36990160850578,Optimal,137407.71852999998,0.9999999980835335,0.6730695
193,Texas_plus_Georgia,1466.6583254172206,188.51244490889576,235.49042733546634,156.2147817334747,111.3485391878555,205.95059847212227,192.3122887671679,105.53534950999777,271.29389550224033,Optimal,155170.22454999998,1.00000000312464,0.6999483000000001
194,Texas_plus_Georgia,1608.0558923651538,219.95989889369048,271.85619464404164,196.05822849299895,127.00327362046173,193.7568989510331,221.29370856399308,133.9929055650567,244.13478363387804,Optimal,169250.46871000002,0.9999999985291842,0.7617477666666667
195,Texas_plus_Georgia,1639.2244603883917,197.11973048934271,284.6604846430486,191.28182692533505,106.14599920120914,258.82389553340545,187.51589991212907,111.9344197935328,301.7422038903889,Optimal,174124.43772,0.9999999997630635,0.8228934555555556
196,Texas_plus_Georgia,1863.2425644560703,236.7008383205344,359.2340464754984,226.3955560263469,118.15904448558382,251.6160393518964,220.87247653275543,131.62332068442282,318.64124257903205,Optimal,194761.78202999997,1.0000000029754201,0.9417232555555556
197,Texas_plus_Georgia,1726.862879986232,233.52358204508855,285.84318696935213,238.18243236630948,111.42862078529232,247.10157339952778,214.2095715473609,132.73885170824587,263.8350611650549,Optimal,182766.47679000002,0.999999994217125,0.851631488888889
198,Texas_plus_Georgia,1747.216630457995,262.4739538358245,276.6755073072558,196.7579663317738,130.30639260903413,237.2530157096601,204.32669751329908,148.819061041985,290.6040361091626,Optimal,186834.85737,1.0000000054612603,0.8626694222222222
199,Texas_plus_Georgia,1834.8650606208316,231.6634265767192,318.334043633538,234.64153847561715,132.6533749620903,247.54733190296477,226.81551642415545,139.15781841564706,304.0520102300996,Optimal,193209.70149,0.9999999996616473,0.8861608888888889
200,Texas_plus_Georgia,1548.1147243225118,164.97550090537126,260.7065417125305,180.49649463621117,109.12289598267358,207.99778330625574,189.27010288611743,115.6757470317205,319.8696578616317,Optimal,161907.35026,0.9999999972078868,0.704088688888889
201,Texas_plus_Georgia,1353.8053053981148,173.33916008511804,261.9786971669947,163.78243136578658,98.07316248786734,189.2682677094164,178.4310670676104,98.00152920014507,190.93099031517633,Optimal,142914.62068400002,1.000000004137881,0.6939845888888889
202,Texas_plus_Georgia,1591.2341000330673,156.98991665795012,289.4342615146935,184.12636443601755,97.95717526166189,229.7493109840529,243.7163915002308,99.5884465261403,289.6722331523202,Optimal,165099.921856,0.9999999949516748,0.7513038777777777
203,Texas_plus_Georgia,1575.7464200127963,207.53487191085011,253.6766240905757,178.67951176804254,113.4873512986399,187.30761353198454,224.0827698953061,114.32091192654174,296.65676559085574,Optimal,163520.88447,0.9999999936456804,0.7205767777777777
204,Texas_plus_Georgia,1588.1118634936322,265.2368883495683,222.0160506545114,159.1277103404645,117.15876140122627,276.442643100581,177.959180445851,131.09613319200633,239.07449600942346,Optimal,175501.61619,0.9999999978001347,0.8485506444444445
205,Texas_plus_Georgia,2047.0850767559239,235.0022199159432,388.6726342699248,247.76259184992267,121.44926136913467,347.57698075486155,208.43757991510705,125.57544979329387,372.60835888773596,Optimal,218942.92025999998,0.9999999991422321,1.0
206,Texas_plus_Georgia,1521.3295417835889,178.59226298809102,257.2338503938459,177.09850694695422,109.96609035992918,196.37601458543594,194.20801643366806,112.75263615726878,295.10216391839583,Optimal,158910.83595000004,0.9999999988276117,0.7024468
207,Texas_plus_Georgia,1630.5880553415557,186.83705965250059,283.1731829214351,176.91907934171417,134.242956711058,199.0096086200105,223.96911344829553,105.76382549783773,320.673229148704,Optimal,168973.09089000002,1.0000000028569107,0.7433553888888889
208,Texas_plus_Georgia,1695.4825589985546,226.27885714341483,310.44630301618906,190.254749719565,131.58145243102538,244.74891616619306,238.1630221781168,123.7057755521587,230.30348279189187,Optimal,180454.22722,1.000000000590655,0.8683045333333332
209,Texas_plus_Georgia,1574.8940710677311,226.58094858068017,300.1520317754439,174.86686295302763,106.80054207769288,209.17866152875456,207.35019254269884,114.60255883019083,235.36227277924243,Optimal,165684.99394000001,0.9999999929723965,0.8176796000000001
210,Texas_plus_Georgia,1697.0451059486886,247.68888652575626,265.3578780287571,191.02735518543847,127.41552892984141,261.5223164772095,209.9417891392778,115.37981021024459,278.7115414521635,Optimal,181738.54970000003,1.0000000082798692,0.8606323222222222
211,Texas_plus_Georgia,1612.732031489647,222.3280439662415,283.4348733808145,165.1801380256485,106.10792209040955,252.21577577207015,188.5066404045282,121.03637183271034,273.9222660172241,Optimal,172908.10958,0.9999999990763208,0.8421985444444443
212,Texas_plus_Georgia,1559.9794201436569,193.4783826755645,304.238892752302,176.54831268959418,104.07821721693362,185.03024515086992,203.10432910238444,120.10659175357625,273.39444880243207,Optimal,161768.8138,0.9999999999079111,0.7586083555555556
213,Texas_plus_Georgia,1789.4824845236842,241.5252498262328,269.5270605555196,203.77902424294496,134.8299476569611,275.001312998184,219.20482352335162,127.12756161355193,318.4875041069382,Optimal,191461.38971999998,0.9999999918838633,0.8733929111111112
214,Texas_plus_Georgia,1848.7771398878087,257.33325967613706,331.01443988446715,215.22571519668512,116.69145251315166,231.6233657600748,230.59493184851206,143.4834601604099,322.81051484837093,Optimal,193210.55120999998,1.000000000060684,0.9110789666666665
215,Texas_plus_Georgia,1731.5824453309651,186.5450557302901,249.72119701187302,215.5156941974008,120.01033679799284,211.2030756701928,236.75956426639718,123.57463901768352,388.25288263913484,Optimal,178496.96428000004,1.0000000026963978,0.7194103777777777
216,Texas_plus_Georgia,1730.3299047710207,240.4202828748451,304.9933443030078,211.2760037118699,127.69785376118023,223.4526829343915,254.79799378215083,132.61072075803634,235.0810226455389,Optimal,182112.0709,0.9999999856842209,0.8542958888888887
217,Texas_plus_Georgia,1468.0585424208014,177.02523390386497,282.8558945653082,170.20062973198247,123.98002839546768,182.24920833525334,172.70550471893117,118.87698970558425,240.1650530644092,Optimal,154717.12542000003,0.9999999915393011,0.7134781444444444
218,Texas_plus_Georgia,1394.4490092178667,174.89545822300298,227.81985325331644,172.95047869044976,114.53559526013797,174.77931948641069,179.07019945459635,102.56464443251602,247.8334604174365,Optimal,146128.96005,1.0000000005608904,0.6416607000000001
219,Texas_plus_Georgia,1669.2122041252342,225.43436693253625,280.2679435897235,177.16330998668053,103.10900794876443,238.4819613333216,223.06993624196832,135.69777543350762,285.987902658732,Optimal,177166.08164,1.000000003519484,0.8268714111111111
220,Texas_plus_Georgia,1958.5367354833652,256.58019378565155,328.4671776824411,238.7377600457905,130.35306586092995,293.3424038326662,210.33038055156547,153.68606201480904,347.0396917095115,Optimal,208925.42895,0.9999999972002747,0.9759886333333333
221,Texas_plus_Georgia,1617.7896702247226,212.56689680565702,245.6928889393013,170.056493488057,135.9968464944819,244.34866133449773,197.16669599469594,121.27943485840633,290.68175230962544,Optimal,173906.54908,0.9999999998610928,0.7806760555555555
222,Texas_plus_Georgia,1931.6353719208923,278.43992534667467,346.18253074160435,211.76256693132842,165.4633245302504,274.06707893229816,228.40401292935985,122.53000344866078,304.7859290607157,Optimal,205307.81182,0.9999999990055617,0.9985439333333332
223,Texas_plus_Georgia,1726.4233138079062,213.3321662911257,288.67771235639844,197.08482337229054,111.477332408192,238.60752266284837,247.70581852574256,120.24755137571302,309.29038681559547,Optimal,180598.2393,0.999999997794338,0.8229082222222222
224,Texas_plus_Georgia,1307.5983738600312,163.60828146538444,217.94124650952494,119.84131326461925,98.61625445653247,225.0359918288132,167.02161752027973,99.82438541861721,215.70928339626,Optimal,142357.005284,0.9999999962832387,0.6739839111111111
225,Texas_plus_Georgia,1532.2435901867073,200.75334456380773,230.82284788639754,195.03251655611385,89.46821697019743,223.88442373839615,185.7492881908013,125.79754618361557,280.7354060973777,Optimal,162546.414592,1.0000000044466122,0.7282895666666667
226,Texas_plus_Georgia,1191.9918142085796,130.59007498514384,200.70763772842278,140.65318868125988,90.70527554151391,185.43194392630798,177.97845096063614,80.63373762789969,185.29150475739542,Optimal,126571.64877999999,0.9999999914356965,0.5741440555555556
227,Texas_plus_Georgia,1621.8178067336316,202.728336397132,277.3581631641372,175.21239422004936,114.76165337416232,270.9613377534556,178.68739992967153,103.298745294644,298.8097766003797,Optimal,173823.03103999997,1.0000000020140167,0.8344976
228,Texas_plus_Georgia,1855.974548012707,234.83770985076603,281.70771354316014,174.43715608837044,136.69158035508397,235.0703106025558,297.97734570429174,168.31433260353114,326.93839926494763,Optimal,196401.21157000004,1.0000000010707544,0.8351285888888889
229,Texas_plus_Georgia,1739.9577924107753,212.61301646610147,321.54149492862155,191.17225495042257,120.27899153618068,273.8733587809649,229.03692048888507,147.9059245782314,243.53583068136766,Optimal,187508.32529999997,0.9999999928671977,0.8978087444444445
230,Texas_plus_Georgia,1560.4125813988126,177.10981252529157,281.1871722031739,164.02493853981926,114.38924763618184,191.64070134389883,192.04437057759492,135.51379327557555,304.5025452972768,Optimal,163740.21185999998,0.9999999991035623,0.7221529777777778
231,Texas_plus_Georgia,1346.1326385081773,176.1479463690879,245.96345412200017,143.70201620550205,84.50755211440686,201.62809688982065,171.56258769870607,99.71668567892904,222.9042994297246,Optimal,142919.21305000002,1.0000000070511794,0.6930438888888889
232,Texas_plus_Georgia,1975.753086763047,236.14622330047646,328.29661384035086,242.14599309933308,154.6590200459265,250.46632092849487,294.58470442998964,124.24268650654508,345.21152461193043,Optimal,204837.55884999997,0.9999999915156166,0.905454611111111
233,Texas_plus_Georgia,1558.2604125510366,185.16617203206948,296.7895333333598,139.70426788086078,102.63214462177879,201.76431540102507,216.9150648911516,128.93025469949717,286.3586596912938,Optimal,163588.78431000002,0.9999999919454817,0.759688911111111
234,Texas_plus_Georgia,1730.5979100189456,188.63083928353237,319.3505427771616,182.3924930391753,126.08598461861547,268.2917414702734,237.86653893648227,150.21025464347164,257.76951525023367,Optimal,186126.90112,0.999999994210703,0.8625256888888889
235,Texas_plus_Georgia,1458.3908121955808,162.56568731988116,213.35301495522305,185.2933150811136,106.65511103297351,244.73280960362706,212.2289791352815,105.44331480374063,228.11858026374034,Optimal,156659.40211,0.9999999984945181,0.6896127888888889
236,Texas_plus_Georgia,1744.8904558133854,211.18566300229065,267.6386268952431,179.30242869625596,127.26824431178824,285.37710265887205,227.50196012166862,142.103286214092,304.5131439131748,Optimal,188763.91272999998,0.9999999966683379,0.8491126555555555
237,Texas_plus_Georgia,1621.2894592319149,257.8018561612274,314.14681553220305,178.0352525826408,100.39051983275954,185.774112559488,204.42674163254546,106.35005713763384,274.36410379341675,Optimal,167282.71444,1.0000000004737495,0.8419142111111112
238,Texas_plus_Georgia,1692.036459141731,221.1078371721319,316.3748514295485,194.15598206220673,109.38697749223053,217.7458539261679,224.37877909698946,105.64173965169944,303.24443831075655,Optimal,175108.28522999998,1.0000000005072402,0.8391428222222221
239,Texas_plus_Georgia,1576.9007051406302,219.14854453255464,271.4228343106061,163.81229434101908,109.28454367068794,207.8684963841674,220.70020531912382,116.99400752127835,267.6697790611929,Optimal,165811.39883000002,0.9999999967400421,0.7760442999999999
240,Texas_plus_Georgia,1704.8800533341469,226.5378703366906,299.59156758350065,210.1891800874346,137.8047626554228,211.67613833494866,240.00201640925835,103.67893862494286,275.39957930194845,Optimal,177018.40289,1.0000000039098664,0.8197839777777778
241,Texas_plus_Georgia,1849.6480399190264,242.998580332292,323.1412432267685,205.27669607769897,145.10307353441365,215.98604266974985,219.95386499442535,126.58089518108747,370.6076439025905,Optimal,191860.67312,0.999999994637344,0.8690287333333333
242,Texas_plus_Georgia,1819.88626076318,251.9464462764791,280.5975130966041,252.78944363583267,132.25977154324121,228.1816122024545,287.12271810677004,109.38746436665258,277.6012915351457,Optimal,188198.14190000002,0.9999999940857953,0.8452506333333334
243,Texas_plus_Georgia,1570.4871352664882,181.5038221048742,281.38444832137424,182.94982202003303,112.49208374624534,268.8248048978397,170.0209677165088,127.50691489711845,245.80427156249428,Optimal,170640.87082,0.9999999902791383,0.8130145222222223
244,Texas_plus_Georgia,1968.4979870393427,286.992643458577,398.1276011840764,206.8720982786886,117.31030127880582,272.3500831213649,235.94490555442587,110.48321181312146,340.4171423502825,Optimal,205939.39550800002,1.0000000004880156,1.0
245,Texas_plus_Georgia,1505.5989498269444,215.86471213541517,274.4171594708006,161.50469629479025,104.19673216219728,202.66508481073117,178.52196844261795,141.52769143477073,226.90090507562118,Optimal,161247.92127000002,1.0000000001149414,0.7699410555555556
246,Texas_plus_Georgia,1599.7597026642168,227.5567616810534,264.4099443078699,172.02077212200447,100.23884442838298,257.96311279795043,221.28530717517742,119.99610076185319,236.28885938992488,Optimal,171925.05398000003,0.9999999920836756,0.8332553444444444
247,Texas_plus_Georgia,1620.639559095393,221.7626171943567,277.8142630835355,166.9375786291316,119.05935513467404,219.5002531138934,217.25690660544714,120.49694724749423,277.81163808686046,Optimal,171251.6175,1.0000000067285824,0.798974588888889
248,Texas_plus_Georgia,1763.5675280232585,222.36409010251316,314.6660468282885,207.46825439722258,137.5450898234272,225.85104423656202,216.24037906349417,136.36483789057755,303.06778568117335,Optimal,185510.18318,1.0000000011208765,0.8476457555555555
249,Texas_plus_Georgia,1969.5683739813805,247.1075329928164,292.51424994977435,222.6425068739827,124.18396810237596,280.42891874177536,276.07588167335217,142.12004735207472,384.4952682952288,Optimal,207021.20863999997,1.0000000030558063,0.9111674444444444
250,Texas_plus_Georgia,1380.4023400492786,166.1221092311679,227.83193123942385,149.8670413403085,101.19190249748867,187.93765042063458,196.01111018296407,107.58163807914656,243.8589570581445,Optimal,145616.09816999998,0.9999999999643013,0.6465463222222222
251,Texas_plus_Georgia,1508.7979849027165,195.63190199168278,264.174148353125,170.56270013951672,103.20440216598696,236.72318612478162,175.32815447810614,99.19038184828977,263.9831098012275,Optimal,160553.067136,0.9999999980761397,0.7739213777777777
252,Texas_plus_Georgia,1624.1002597709985,235.34621272082157,280.0810198086176,168.4340502034052,106.08631385518174,229.95673147907195,233.93433110326077,129.96142510831976,240.3001754923199,Optimal,172770.67020000002,1.000000000141002,0.8282044
253,Texas_plus_Georgia,1767.2770872764222,214.3018881904957,259.71369620959797,239.22459481686514,123.31197103975899,260.91910289185955,279.46048748772694,113.31933030302612,277.0260163370918,Optimal,185628.22676,1.0000000015411152,0.8165941000000001
254,Texas_plus_Georgia,1869.1843154619155,208.69070212689527,319.48138246004123,212.39735411368127,145.5983492375602,275.2060154033127,217.08790689560075,145.62842260598185,345.0941826188422,Optimal,199128.51162000003,0.999999997077915,0.8926423333333333
255,Texas_plus_Georgia,1372.5936873298806,172.23125235385217,233.39206139873772,146.18915131936646,114.01139494082206,198.46139948362483,179.43900860520716,92.39345526178971,236.47596396648046,Optimal,145678.91705,0.9999999910170934,0.6712052333333333
256,Texas_plus_Georgia,1733.0134750685786,256.22162226670395,269.6584903654203,191.4181289214012,140.7502992137275,251.3288551944982,224.95266455672032,121.19224373587097,277.4911708142363,Optimal,185138.12296,0.9999999970752802,0.8635655222222222
257,Texas_plus_Georgia,1618.035349154702,199.18231074022313,309.19359137606625,182.69057977377702,104.370174717121,246.40802406288657,236.7163199964837,106.79246527950819,232.68188320863615,Optimal,170834.44751,0.9999999943420876,0.8386488
258,Texas_plus_Georgia,1542.426512860696,170.68695514649414,306.94422029455217,151.14878710559708,105.03210210391948,251.5231087884423,213.13876687266836,103.09690688971818,240.85566565930438,Optimal,164361.56316999998,1.0000000111119094,0.8101714333333333
259,Texas_plus_Georgia,1651.1641658548806,196.47861897215196,311.65321030032527,176.14712181468767,97.68866052957489,246.78239357786123,223.23441898936844,109.3007075489363,289.8790341219749,Optimal,173381.18629599997,0.9999999970597226,0.8387935777777777
260,Texas_plus_Georgia,1504.3558147747285,182.5754690575952,272.4399051718263,163.30059088987485,107.40870997701916,208.36975932944353,212.96502216170705,116.59485583500374,240.70150235225864,Optimal,158885.29331,1.000000003473428,0.7370945999999999
261,Texas_plus_Georgia,1542.865649470222,186.8795116014801,261.0866007363639,167.36455062012104,83.28489280053135,236.22489633209938,223.1768396157759,121.67163440056771,263.1767233632826,Optimal,163534.63470800003,0.9999999958063608,0.7602122333333333
262,Texas_plus_Georgia,1676.9441903485,205.30530173391475,297.81048302363735,174.00280871301956,123.2613319713532,211.09507103799396,232.39477891136178,117.52782568842215,315.5465892687972,Optimal,174598.43221,0.9999999997921816,0.7935676111111111
263,Texas_plus_Georgia,1625.617394661272,199.341659522136,302.77526754012337,164.9846869922353,112.92278476261829,219.77015692337588,224.83648649503297,115.08120133273111,285.90515109301924,Optimal,170355.36106000002,1.0000000032841234,0.8020967666666666
264,Texas_plus_Georgia,1669.0330794940216,170.82751242296445,262.5170816938694,194.23637713884514,132.7844080528543,254.1399723975483,246.24882603241932,117.3682988091299,290.9106029463908,Optimal,177069.80706,1.0000000003031566,0.7638717333333334
265,Texas_plus_Georgia,1456.250710794099,186.63814111756028,239.2184809475156,164.12491230515192,106.26175173436728,202.9468258295741,195.46794132539168,90.29560761281569,271.29704992172236,Optimal,152520.47799400002,0.9999999980813064,0.6986705
266,Texas_plus_Georgia,1642.5076101458494,218.12915814239597,265.54832959479364,176.2422503186962,127.85718595137392,228.23473074559763,254.45383273435735,100.69196886942187,271.35015378921275,Optimal,172460.9763,0.9999999999112033,0.7910135777777778
267,Texas_plus_Georgia,1358.463180285394,169.23816406162913,225.57762774425234,155.10854660083672,109.99984779347014,181.44499442653384,194.60709141608112,88.06771396889913,234.4191942736916,Optimal,142313.658512,0.9999999953731582,0.6402897555555555
268,Texas_plus_Georgia,1896.8263031795084,244.9132359998716,320.4126947997697,221.3903177281287,137.62196838437137,276.6797804229945,269.09541887996767,117.10460895730377,309.60827800710115,Optimal,199639.58029,1.0000000035957386,0.9355619000000001
269,Texas_plus_Georgia,1737.1897842280175,235.42912415921685,307.9488027018533,221.2550930218485,115.41790421277454,212.05256176895404,248.06340342720745,121.3378388422801,275.68505609388274,Optimal,179973.96046,0.9999999918097506,0.8393672
270,Texas_plus_Georgia,1608.6611174649106,196.97309232949644,303.26215309374635,199.84226359569118,117.88167568264119,241.2279236027149,206.34623610102685,126.61601262820945,216.51176043138423,Optimal,171827.85183,0.9999999953595505,0.8238479555555556
271,Texas_plus_Georgia,1387.2420579763914,181.61811765543342,233.27863903238682,147.38742890994814,107.7818710390339,183.72157431846063,186.35163656952577,102.56959945578133,244.53319099582143,Optimal,146250.49995,1.0000000014587278,0.6651314777777778
272,Texas_plus_Georgia,1476.5861335126378,185.0236685841229,284.34152828639645,177.03892299405135,115.38767200617943,207.9198421142433,159.10621584459946,100.01966644097821,247.74861724206673,Optimal,155942.14875000002,1.0000000043934871,0.7525389333333333
273,Texas_plus_Georgia,1829.1899567052685,261.50803164940453,324.7436810186841,190.45840203705052,131.35816364682458,252.66309875450696,227.81155721540358,114.63242839195713,326.01459399143715,Optimal,192271.94905000002,0.9999999963342964,0.9321275666666666
274,Texas_plus_Georgia,1566.313829587014,221.44465618586182,235.39241035186154,162.26865197503156,163.46110761998455,207.90682444222819,210.2911071384861,118.59607170647341,246.9530001670867,Optimal,168089.14607000002,1.0000000002636675,0.7386043222222222
275,Texas_plus_Georgia,1901.3331017603864,241.99510349205934,329.6757449916519,259.70207322486124,125.03463097328482,257.77211562286857,235.3157487705624,117.96974545957495,333.8679392255232,Optimal,197583.49252,0.9999999990741305,0.9216032888888889
276,Texas_plus_Georgia,1773.0665336070338,218.84335084675797,305.9094957425581,208.26401071077842,123.4835317317349,233.04710301749455,242.7581910904599,111.338057162111,329.422793305139,Optimal,184009.10623,0.9999999979656524,0.8419999444444444
277,Texas_plus_Georgia,1703.1015395285558,217.00131918664104,321.7453603017648,142.47411832038432,109.55321941382103,214.51696701173,238.45051593433644,107.22766139670969,352.1323779631686,Optimal,175970.96306000004,1.0000000061484557,0.8369596111111111
278,Texas_plus_Georgia,1298.733510558548,182.1588407272831,225.64893090093665,164.4578819409055,92.35385678003207,186.82751831266745,146.59089784614966,98.78632706473307,201.90925698584041,Optimal,138244.94262800002,1.0000000026498523,0.6607058777777777
279,Texas_plus_Georgia,1394.6340520413296,181.3518207940583,236.81969112898034,177.09350250564114,87.23906931590022,208.3488038280236,185.67575736582714,96.90470908480233,221.2006980180964,Optimal,147279.15861599997,0.9999999971022293,0.6961336777777778
280,Texas_plus_Georgia,1603.9738978626217,222.1178602014995,261.155509150749,196.7150073584794,109.90782615574881,268.4459592647714,203.8715018113198,110.99316795061192,230.76706596944177,Optimal,172792.39366,1.0000000075670674,0.8352437
281,Texas_plus_Georgia,1365.6873612448537,184.58916771012795,231.5835471209298,162.4464224488952,92.18088237230575,194.478246110289,166.9399445345047,101.67046120443568,231.79868974336554,Optimal,144572.88077199997,1.0000000005529424,0.6785010777777778
282,Texas_plus_Georgia,1936.7504911774067,230.52890072294392,368.2444564630163,197.54207931571133,130.95635115544334,252.2422869244482,280.10027840589515,143.32234162871472,333.81379656123363,Optimal,202193.04713999998,1.0000000045553588,0.9455729444444445
283,Texas_plus_Georgia,1686.576224185334,188.24182779567076,321.86675714759787,214.29083663435614,116.15757181159732,233.42267658284794,223.87275771659046,114.53176348815933,274.19203300851416,Optimal,176111.25011000002,1.0000000034476153,0.8261458555555555
284,Texas_plus_Georgia,1516.1217195843474,188.4531195619988,248.02124450668785,186.53905128381925,104.88054156434762,207.67251875567501,183.23254900195806,93.28898216878859,304.0337127410721,Optimal,157926.93304600002,0.9999999949975341,0.7157187555555555
285,Texas_plus_Georgia,1735.4977554542158,235.15114396976023,272.6723032149132,221.74219411470665,121.54833625314852,277.0512651382233,215.34492603021965,119.26229879332163,272.7252879399227,Optimal,185686.81448999996,1.000000002619297,0.8720830111111112
286,Texas_plus_Georgia,1669.3019455386702,211.23386723141755,319.7115570599049,214.14551090985915,115.77810887897822,259.23418543391676,157.38615156062954,109.47011380934238,282.3424506546216,Optimal,177363.67860999997,1.0000000026725722,0.8779773555555556
287,Texas_plus_Georgia,1827.7404177055087,233.63055634500316,296.93335292194104,190.09009756481825,114.85468520395595,300.9630546166388,250.5487557082364,141.80062290849978,298.9192924364154,Optimal,196666.21010000003,1.0000000012553705,0.9239188444444445
288,Texas_plus_Georgia,1453.4527201867813,205.35522350883286,258.3956110717231,170.4907530302875,107.6623096030012,202.62100186263817,178.06173566406528,105.3454276971797,225.52065774905347,Optimal,154065.46566999998,0.9999999998714911,0.7404131444444445
289,Texas_plus_Georgia,1602.9014817817826,236.6065997798293,268.613070348519,161.09878377005225,125.7272725874183,247.58340904373668,218.02167264533352,105.77501050831863,239.475663098575,Optimal,171900.49679,0.9999999926497152,0.8364478666666666
290,Texas_plus_Georgia,1813.7314895433215,237.99125602627905,341.0389580352535,214.65170026361062,140.81431045092106,237.79492620949637,232.59617304180244,117.98432254965587,290.8598429663025,Optimal,189766.78422,1.0000000002517895,0.9075835
291,Texas_plus_Georgia,1463.5411129118058,159.35937152226518,243.0771638739433,158.05528459243763,94.19891320295568,209.32611706109446,190.69641835850035,97.54685071189982,311.28099358870946,Optimal,152876.741256,0.9999999939107924,0.6797362777777778
292,Texas_plus_Georgia,1748.7175403799733,246.33815159776856,284.11619021863777,214.03005333004606,132.0671339288468,220.9749503390793,205.6793785389622,163.73922999306393,281.77245243356884,Optimal,186274.72748,0.9999999940642367,0.8349214333333334
293,Texas_plus_Georgia,1671.7397175964172,210.59666235092635,311.7578310490413,173.15087883829085,108.10348996916127,267.78903561448874,219.47935123999434,93.30336379597433,287.55910473854,Optimal,176624.04732200003,0.9999999978486979,0.8779372555555556
294,Texas_plus_Georgia,1550.0330345251332,216.06706508411253,277.08089567669896,185.11155781909042,112.7848257875842,230.1956072024747,179.3357357954617,103.05320266213296,246.40414449757768,Optimal,164642.36484,1.0000000099835722,0.8037150888888889
295,Texas_plus_Georgia,1446.598429116643,193.9166112938056,266.1455406459854,169.39264184327197,93.75574878621408,188.71737859048835,171.5055075564631,111.2862821512847,251.87871824912992,Optimal,151725.05438399996,0.9999999999193673,0.7208661444444445
296,Texas_plus_Georgia,1758.0933616235918,221.32939195808672,317.8972724425401,191.09272736164374,117.57765112313716,266.785336187661,235.81302405790413,128.70737998098588,278.8905785116331,Optimal,186941.91111,0.9999999990765043,0.8955688888888889
297,Texas_plus_Georgia,1658.375480082884,203.1630397636945,305.3822882350053,196.3037076721533,101.84325720179422,241.61014973756122,196.8631759776585,135.3494128688464,277.86044862617047,Optimal,175895.84018000003,1.0000000059800185,0.8335060888888889
298,Texas_plus_Georgia,1465.4138952628036,187.11311623510946,223.6225986981735,196.7689277754697,133.82276444204192,182.13501938485862,190.03117805193673,107.07615587194309,244.84413480327055,Optimal,154094.75001,1.000000003232668,0.6587452666666668
299,Texas_plus_Georgia,1910.8577458260752,262.22852652759923,301.15351957884627,253.10834443615516,129.01941115574834,251.04759771255476,238.04335327042133,119.3526429325483,356.9043502122018,Optimal,198609.64456999997,0.999999996951068,0.9049218333333334
300,Texas_plus_Georgia,1650.3608811645004,210.37419368258463,285.2918296541498,176.94203065018252,124.31848347853966,212.8056139421391,218.0445528176142,114.99345478231736,307.5907221569731,Optimal,172597.17276999998,0.9999999871758348,0.7871907
301,Texas_plus_Georgia,1742.4949057090514,246.08313628912273,299.5857349419522,188.3364908631633,122.63626082972185,252.31362430486075,238.83370003624412,119.3871392972074,275.31881914677905,Optimal,184616.40861,0.9999999967236337,0.8866472111111111
302,Texas_plus_Georgia,1735.5362724607585,238.8753054854969,335.28334938502303,200.6572850297838,104.92527243567666,266.74183576537615,191.61639681652053,107.25590359180987,290.18092395107146,Optimal,183356.63733,1.0000000043440416,0.9343338888888888
303,Texas_plus_Georgia,1447.6970353251058,193.41812264344756,236.7501619104464,165.1436195544735,91.3370660085242,215.87283706329623,187.9166713594802,95.63766814643914,261.6208886389986,Optimal,152738.35735,0.9999999990846803,0.7178234666666666
304,Texas_plus_Georgia,1211.981905261109,162.86495116228392,207.18632134582222,128.94774728866625,88.82112040547409,183.4662595302376,145.9105769494846,86.22419910483225,208.56072947430798,Optimal,129385.779972,1.0000000030849396,0.6150194777777778
305,Texas_plus_Georgia,1680.673890397482,240.97312514601467,271.3189412516372,216.1379158708,103.93847023558355,244.0678296490742,179.47700266998973,119.27109225825825,305.48951331612443,Optimal,177698.76786999998,0.9999999997634985,0.8403998888888888
306,Texas_plus_Georgia,1942.9162682251356,252.13165421536354,310.401402721651,247.1220341223481,139.95833587056498,281.52183756319766,274.9852607517189,155.4779728532706,281.3177701270209,Optimal,206905.92095,0.999999995766603,0.9378387666666667
307,Texas_plus_Georgia,1510.0028968892318,205.66203628764123,246.80507778328732,155.66414756322558,113.68170798169902,218.51640477316383,191.59887289434843,112.88282084450456,265.1918287613619,Optimal,160959.00076999998,1.0000000020601076,0.7455372444444445
308,Texas_plus_Georgia,1665.2899172642824,240.36472035382928,272.91148405736305,220.24318611194388,129.1664054531202,251.2873609275148,190.8767447084618,110.75805715397401,249.68195849807532,Optimal,177744.83123999997,1.0000000016427877,0.8495150666666668
309,Texas_plus_Georgia,1668.8489572163799,212.21505424658685,297.7214063607953,195.7377389280365,120.69953992725391,229.05815107998095,193.83496945514733,113.56224472646569,306.0198524921133,Optimal,175252.64674,0.999999995675834,0.8211051222222222
310,Texas_plus_Georgia,1576.3064722676168,200.40254367229878,293.18204144702145,188.16234788947142,96.64680005907057,222.21597430391418,184.7864965665936,111.39980363651738,279.5104646927293,Optimal,165409.03265999997,0.9999999922174925,0.7953339444444444
311,Texas_plus_Georgia,1735.1460761707992,254.68786504973517,273.4887974447715,186.11837296973837,126.88439692537754,263.8074281588966,194.51666877347526,128.32233323766602,307.3202136111388,Optimal,186266.94853,1.0000000022068463,0.8799823333333333
312,Texas_plus_Georgia,1541.4574114276552,196.28603158403774,289.63745472795296,187.28229878151953,116.74204558223833,208.4844243516027,169.94125236979824,111.10727125011162,261.97663278039414,Optimal,162405.02894000002,0.9999999925864608,0.7715643333333334
313,Texas_plus_Georgia,1686.7740169701813,198.75686948228193,304.8090107345344,198.68317804728105,110.69005799780214,262.0137605754742,207.31553668802698,111.1743879922365,293.3312154525441,Optimal,178432.96586999999,1.000000007724697,0.8506440444444444
314,Texas_plus_Georgia,1559.6615345423984,186.93148861178494,290.3083152247332,181.73489609837475,105.38702477472508,190.79726946622378,213.553898986791,114.81971843636168,276.12892294340395,Optimal,161647.78244,1.0000000034992218,0.7422634222222222
315,Texas_plus_Georgia,1831.6697146206,183.339524251496,356.026100736981,239.60652561283348,118.46374759336709,289.23202746807226,216.84986112248518,117.72648321620838,310.4254446191566,Optimal,192922.51533999998,0.9999999974773838,0.9206640555555555
316,Texas_plus_Georgia,2003.4637071456416,255.09873409131836,329.6894445373452,238.95343831379796,128.43815264240527,317.53749100373085,287.88064886524285,142.68198804737514,303.183809644426,Optimal,213487.43023559998,0.999999996233702,0.999999988888889
317,Texas_plus_Georgia,1859.8590462617826,234.95395155925343,324.39724892709006,227.19166626809582,132.3933151878545,231.6035568133832,264.79407971743825,130.32886205410398,314.1963657345633,Optimal,193177.25895999998,1.000000007386698,0.8788386222222222
318,Texas_plus_Georgia,1729.2605566774816,224.84282341732796,313.15716896654584,197.58939768522063,118.94755544107063,229.19438899985724,207.07804741183853,117.63949977142423,320.8116749841966,Optimal,180698.26392000003,1.0000000019213522,0.8524382
319,Texas_plus_Georgia,1588.761823412224,195.96220000208857,261.544737986356,185.7930131412309,117.46506038702124,268.2272525589048,172.38376085320223,107.60292851053765,279.7828699728826,Optimal,171139.43463,0.9999999978522748,0.8063713222222222
320,Texas_plus_Georgia,1331.4434256916363,206.09570399011406,228.2126406567345,142.17003445613358,106.00596818022876,154.4339274765431,176.87275443804953,87.11856806236594,230.53382843146693,Optimal,138600.66763399998,0.9999999942230843,0.6541580777777778
321,Texas_plus_Georgia,1759.9530706262335,230.29884397558317,295.57996966935457,232.98648788453033,118.93006443551101,228.44427983102997,240.50392582872058,117.42590488117551,295.7835941203285,Optimal,182936.5822,0.9999999939622064,0.8381367666666666
322,Texas_plus_Georgia,1110.0933670832192,144.64980016422655,182.94702488537277,117.65048281778009,71.92112645653606,168.11814676122006,112.71071668157757,105.22712353744735,206.86894577905866,Optimal,119947.04594600001,0.999999999024209,0.5507944111111112
323,Texas_plus_Georgia,1711.1409263716805,257.1697715831319,291.44364748117073,172.8491345741329,130.92445073989617,200.62867865396498,225.8126303140664,133.1827805284853,299.12983249683225,Optimal,179497.81604,0.9999999962763556,0.8324912222222223
324,Texas_plus_Georgia,1403.810872446308,180.9299774688155,233.4508543980902,146.29046496543535,78.14872449357237,174.93402047914643,168.5992993470758,110.20772099703908,311.2498102971332,Optimal,145826.874944,0.9999999939833006,0.6547942777777778
325,Texas_plus_Georgia,1843.5761232620687,206.34960765278902,285.424078361075,221.1482767807816,131.892888377178,257.9717225552049,228.65332243887357,139.84578559174605,372.2904415044205,Optimal,194146.02722000002,1.000000003654816,0.8330504555555556
326,Texas_plus_Georgia,1600.3704653802945,208.42036192141535,287.6668487654516,174.10878013435376,91.52659326935897,239.4662805762719,190.62747394966974,130.00236983587595,278.55175692789715,Optimal,170267.976078,0.9999999985126603,0.8172816555555555
327,Texas_plus_Georgia,1886.0172466182319,218.48237053760917,355.40655839620933,179.7406677241767,145.24778323282305,258.293656413215,261.439886589211,127.59525562408663,339.8110681009009,Optimal,197979.22349,1.0000000070952524,0.9246473222222222
328,Texas_plus_Georgia,1845.7708068299894,223.92198709509225,300.345112222379,226.6127855631165,113.18976009368743,275.5265374318167,208.0067181941706,135.08314685804996,363.084759371677,Optimal,194994.58459,1.0000000071352362,0.8886596
329,Texas_plus_Georgia,1452.0904857033684,152.51810769542544,256.45193472379015,156.9511514567645,99.7285378814292,203.42975717260344,179.3802329204176,121.2919340616635,282.3388297912744,Optimal,153450.262428,0.9999999946949807,0.6804442222222222
330,Texas_plus_Georgia,1755.773132063055,289.98887435691387,284.07377437522405,159.36033066429178,156.5221097662123,262.18145950377954,228.84861235405967,106.75653935165737,268.0414316909164,Optimal,188770.87892,0.9999999931294912,0.9291601111111112
331,Texas_plus_Georgia,1753.9852028564603,216.50092839245352,236.11149444905604,177.69667360566842,135.5086658421067,277.3102067620625,224.37635707828164,161.98797848972475,324.4928982371068,Optimal,190880.97725,1.000000004072748,0.8110251444444445
332,Texas_plus_Georgia,1925.6194167231126,280.64055002742055,355.8649153308544,190.95582090871778,116.27088535435973,253.4004021138138,252.03828919897657,136.4648041056308,339.983749683339,Optimal,201501.82709,1.0000000017017314,0.9887843000000001
333,Texas_plus_Georgia,1560.1118945475469,214.53977317298146,301.0137531921746,181.94982041450564,110.40261686662365,174.85379079117865,223.17153270811465,105.17216257258276,249.00844482938547,Optimal,160567.08003,0.9999999906753185,0.7671192333333334
334,Texas_plus_Georgia,1820.6824660518546,245.01801715699492,318.9920506574139,218.54790553411178,111.3072929179445,242.72480136529225,211.5553343062223,147.62650250254623,324.91056161132866,Optimal,191607.54340999998,0.9999999966760516,0.8963720777777778
335,Texas_plus_Georgia,1600.0119469866083,217.55902261608358,276.85036688886936,175.70349753958556,116.4225323758663,241.9530411323154,197.178509642975,98.05112703920722,276.29384975170586,Optimal,169561.799366,1.0000000000083697,0.8181804777777778
336,Texas_plus_Georgia,1511.0576583640643,177.99895390998915,246.45331180060163,173.05058326542752,111.19024046143976,234.59066499936952,195.4031905940213,115.99149097131983,256.37922236189553,Optimal,161699.27999,0.9999999878468805,0.7322699111111111
337,Texas_plus_Georgia,1709.318998100955,225.33585381869125,305.4798818820488,222.1196788746366,116.88780561627155,205.06341417054028,214.7549291553154,130.37843397429364,289.29900060915753,Optimal,177703.48804,0.999999995260712,0.8176434888888889
338,Texas_plus_Georgia,1561.505362025351,178.08563330543473,259.51073725798466,198.46623815940856,127.04256436019635,218.0769896308055,219.4734805785761,109.46917366803767,251.3805450649073,Optimal,164547.68103,0.9999999987029499,0.7285259555555555
339,Texas_plus_Georgia,1645.0715616526759,210.92927838523855,286.3287494076237,197.3623006020163,135.60476010098233,252.15781832240367,199.08558254444844,125.96472159617113,237.63835069379175,Optimal,177029.75175999998,0.9999999989953774,0.8326842777777778
340,Texas_plus_Georgia,1724.7830187904308,230.01301182890978,295.4165229477007,199.90236705427833,139.2130242879056,213.59342218670218,224.13885605421143,113.939500235391,308.56631419533187,Optimal,179849.36483,0.9999999949034569,0.8211366111111111
341,Texas_plus_Georgia,1714.7238431262083,224.2337148410938,322.737649725446,196.3284955019895,112.81084646907429,222.08796802473262,193.46122605312058,127.80497876369687,315.2589637470546,Optimal,179397.62472999998,1.0000000040086874,0.8545103666666667
342,Texas_plus_Georgia,1443.9843721666107,166.89262692611575,250.2894633153558,185.6574355814979,101.07092794968231,182.69140661441247,191.3003606544934,90.60250770298894,275.479643422064,Optimal,148896.673204,1.0000000040397872,0.666526111111111
343,Texas_plus_Georgia,1517.284516710914,198.07347849091053,298.85517249466955,159.8178506006264,88.23770529694261,218.13968624920162,206.3363572476502,94.8095685080265,253.01469782288655,Optimal,158559.206032,1.0000000048040336,0.7945203777777778
344,Texas_plus_Georgia,1583.5483062575613,198.49840227305427,248.17437068880835,229.65136068587202,107.12193247851292,224.0819860605051,188.58029752434382,84.42822594270613,303.0117306037586,Optimal,164297.033308,0.9999999998373519,0.7452830666666667
345,Texas_plus_Georgia,1171.0842598546956,171.18086278643872,174.61406009616087,115.97372099338862,82.13483469210553,206.84911978965036,154.31548388379812,81.4611570250648,184.55502058808867,Optimal,127571.91916599999,0.9999999932928008,0.6140489333333333
346,Texas_plus_Georgia,1650.5665238192337,210.77307859646538,313.20363280008627,159.75803331011576,128.10479435622406,250.87399021158728,190.90362565356875,109.58943411102136,287.35993478016485,Optimal,175951.85338,0.9999999916275816,0.8609452222222221
347,Texas_plus_Georgia,1465.3681208211485,200.95288708791398,225.49141425061137,158.82904140950754,133.97882918485774,199.37564444174032,187.06518770745632,106.54565737079464,253.12945936826654,Optimal,156134.71995,0.9999999994396299,0.6953554888888889
348,Texas_plus_Georgia,1813.4388752683178,218.37014573073515,335.82283237906245,188.68528417795437,138.78554769580722,251.47949467325455,227.2231436960473,127.32720266234908,325.7452242531077,Optimal,191147.20683,0.9999999915804618,0.8951916333333333
349,Texas_plus_Georgia,1453.3372251310116,165.06304035225955,297.31054313482554,170.0748548074536,97.46542527777764,215.49590832733045,180.79409680438297,80.67634031922555,246.45701610775635,Optimal,151699.70256,0.9999999999098548,0.7531883222222223
350,Texas_plus_Georgia,1553.3055877429122,209.65111675534823,249.820005707226,176.0385807060765,126.08511752348005,221.58525354443242,193.95671495455167,116.65840237072482,259.51039618107257,Optimal,165711.20517,1.0000000014530868,0.7567293111111111
351,Texas_plus_Georgia,1808.8120634045615,224.09145919068646,315.29981112764057,188.9172490609325,111.82536007061859,272.27051774493174,234.08964688831566,135.02527152811794,327.29274779331814,Optimal,191782.86734,1.000000003646282,0.9018464333333334
352,Texas_plus_Georgia,1350.7244893911259,179.0690007399597,193.03912751794266,165.6613547343079,88.18554997622027,206.00157996482528,190.25934594313702,93.13587210825945,235.37265840647368,Optimal,143174.345166,1.0000000019314628,0.6423441222222221
353,Texas_plus_Georgia,1822.5712056657321,196.28361724364694,329.30877228518887,208.30535109356077,141.45452404046102,218.13667367890716,231.66771019418047,143.6792504596057,353.7353066701813,Optimal,189671.20374,0.9999999968913522,0.8263656222222222
354,Texas_plus_Georgia,1522.4167715210692,184.53511151079803,304.17910302291034,146.35409682686415,104.94452841809738,214.62587247333704,193.11508870571265,96.02245604438849,278.6405145189611,Optimal,159433.577398,0.9999999963734836,0.7814889777777777
355,Texas_plus_Georgia,1794.2906248233394,268.5899888145189,275.87763303502567,189.73335349064124,138.85702583009248,298.409141984915,223.76014753898312,106.8026598501342,292.2606742790287,Optimal,193343.81466,0.9999999973118406,0.9365297333333333
356,Texas_plus_Georgia,1827.4616389569503,241.53160980489557,336.3549060424202,243.20380578808653,120.0936307337092,229.0881461642977,200.12044645238,123.85670751521413,333.21238645594684,Optimal,189474.86272000003,1.0000000115149066,0.8966385222222223
357,Texas_plus_Georgia,1890.8358786987676,248.96543921902384,325.2493987210973,213.65560225820786,152.9772271741351,250.78520623825776,241.03547041044826,134.27784987314075,323.8896848044568,Optimal,199310.34292000002,1.0000000006881784,0.9166667222222222
358,Texas_plus_Georgia,1993.1460165711135,224.60501897430626,418.5305585282639,204.4303156312167,125.67573370408691,255.3956984143771,262.01806583681974,136.23015537618673,366.26047010585614,Optimal,206159.33265,1.0000000067375328,0.9983680888888888
359,Texas_plus_Georgia,1400.2687220448386,159.65745816670898,242.48526099580903,172.5257727481662,90.52175188517823,207.4855294659933,199.12055149436566,96.72770417438312,231.7446931142341,Optimal,147235.46811400002,0.9999999956830868,0.6773647222222222
360,Texas_plus_Georgia,1491.9017932880245,181.06498502774303,256.34290965358,214.90022415883578,114.65594677365173,179.8982165841454,157.51513846430544,100.9259131680536,286.5984594577095,Optimal,154426.95729000002,1.0000000044989392,0.6858956888888889
361,Texas_plus_Georgia,1717.5963375774006,207.61809215244693,322.55659816323805,223.27064982434842,140.72673068324863,218.57990100827533,228.64589764637395,106.96784564770462,269.23062245176476,Optimal,178566.76012000002,1.000000001410459,0.8319495444444445
362,Texas_plus_Georgia,1396.0285589591417,175.67982681756976,208.29169033946,173.2209355389786,100.06694042625797,183.78612929762002,189.31309367559672,116.76301854519427,248.90692431846432,Optimal,147288.03573,1.0000000007455851,0.6308418333333333
363,Texas_plus_Georgia,1430.8166429271296,187.91079013234022,255.09164573931324,160.19892046093133,90.50392359233565,206.82302155519852,218.90215658973116,98.87358188679823,212.51260297048114,Optimal,150606.80625,1.000000002147634,0.7220282888888889
364,Texas_plus_Georgia,1560.4117320799971,226.8119643871508,227.9849966736251,184.0230948508586,117.58935431584041,238.14667311270586,214.76622849134276,119.92514520169064,231.1642750467829,Optimal,167829.24000000002,0.9999999986670202,0.7699373666666667
365,Texas_plus_Georgia,1748.2515191984342,250.15381911904544,284.24636166644734,201.0761301438941,109.40935370531655,275.88473634207884,204.8927299577099,142.80589939245075,279.78248887149135,Optimal,188326.50107000003,1.0000000004584957,0.9003165777777778
366,Texas_plus_Georgia,1706.9908458674554,207.920020223734,352.8181215986797,160.05201250253705,126.42389582157608,197.92954841291288,194.4194031751079,147.21704765564303,320.2107964772647,Optimal,178711.11557999998,1.000000002420953,0.8429641
367,Texas_plus_Georgia,1319.5548341151339,167.51311485781028,210.05720034520837,157.72630811199537,112.04703743078981,198.82292683998205,175.0602066363142,97.97204188079594,200.35599801223776,Optimal,141517.12773600002,1.0000000059753986,0.6404369333333333
368,Texas_plus_Georgia,1683.7989542928856,241.03493141393784,275.6904641546739,183.24075206938886,141.18112768704327,249.41174156859182,196.1933165578727,117.0542035408482,279.9924173005289,Optimal,180419.21219999998,0.9999999974504761,0.8512634777777778
369,Texas_plus_Georgia,1657.9043128997082,202.147182881923,264.81245527579273,213.9790306102621,122.94152537234909,262.41492677044045,171.88096586334424,114.38783958254771,305.3403865430489,Optimal,177092.05819,1.0000000103144022,0.8104161888888888
370,Texas_plus_Georgia,1717.2107574702143,205.88653381126002,272.4201855395263,215.6116431856341,119.84771610108707,261.2429155175273,223.83774731032287,120.99018567659098,297.3738303282655,Optimal,182084.28088000003,1.0000000072965916,0.8217218222222221
371,Texas_plus_Georgia,1528.0545225267292,223.6040557926342,265.67098356091316,192.8493488331745,99.390071325242,198.55487703354638,182.6979419884507,96.14070684779176,269.1465371449766,Optimal,158972.290682,1.0000000035818557,0.7642554666666667
372,Texas_plus_Georgia,1693.8848048613693,209.06727035012736,284.2019576086251,203.13009828895346,113.40027981730017,234.72090335509995,257.24224189424984,113.46848897970882,278.6535645673046,Optimal,177025.31921999998,0.9999999971300475,0.8088779222222222
373,Texas_plus_Georgia,2045.121149362562,212.8429579172344,311.8232189816754,280.0978506683297,140.39366182243012,307.5185211809306,325.4332985734057,136.1424074166356,330.86923280192036,Optimal,214607.15847,1.0000000003116871,0.9246496666666667
374,Texas_plus_Georgia,1649.0752067195583,211.92133318744263,270.1525393660272,187.29445879474923,103.87601217287359,248.571448438844,232.11823155205516,116.73024097937844,278.41094222818816,Optimal,174531.57038,0.9999999959252566,0.8118281333333333
375,Texas_plus_Georgia,1665.1033855304854,205.1565742217516,279.90944401863896,191.13514109751856,139.35318661780045,239.37601495836037,214.05315228272863,118.32033923930244,277.79953309438446,Optimal,176975.38859,0.9999999906729603,0.8049355777777777
376,Texas_plus_Georgia,1444.8670607702543,169.7481025588028,270.4112936859838,156.26189003144097,104.34214944977083,197.14913972860455,162.94871454463672,98.68816656231344,285.3176042087011,Optimal,151377.87879599998,0.9999999904695356,0.708120588888889
377,Texas_plus_Georgia,1495.7702365319587,183.7586641517648,251.1762667286273,169.0194869934209,111.75677979295672,209.65351425070824,194.7079768468053,103.99910247841898,271.6984452892564,Optimal,157586.41337999998,1.0000000023185653,0.7162093777777778
378,Texas_plus_Georgia,1732.5836879907397,215.9427026812965,300.3172766478818,186.0725592276577,132.60207044852308,246.12128312429513,245.3358827622249,116.52279008781025,289.66912301105026,Optimal,182781.91514,0.9999999953879634,0.8470902888888889
379,Texas_plus_Georgia,1537.7564372501854,191.72526445255266,276.99114709200455,164.04945317143745,123.46177604276147,213.24217751076347,224.26274581290212,95.75891322523205,248.26495994253168,Optimal,161511.704564,1.0000000037390933,0.7577317666666666
380,Texas_plus_Georgia,1570.6015792758878,215.75552687648923,277.26539570197394,172.0281842174089,103.5149797303076,216.1039561272024,209.67137274186902,117.78609157932549,258.47607230131126,Optimal,165673.40042999998,1.0000000004610412,0.7879165444444445
381,Texas_plus_Georgia,1615.6342146797426,197.9902386407359,264.7061198213466,178.65951755652836,104.05034370886818,259.15302827618643,184.03605430308406,126.65558034005058,300.38333203294263,Optimal,173317.67595,0.9999999971034641,0.8020548777777777
382,Texas_plus_Georgia,1749.6915061157317,271.7374833696018,317.56924773653435,194.02334419758688,118.78751283442134,234.08468529914,244.97707717848542,107.94082889728219,260.5713266026797,Optimal,183202.13982,1.0000000022199733,0.9148793555555556
383,Texas_plus_Georgia,1923.2867995605184,264.3448702960097,331.98228513607546,232.87885347828794,143.39586440693222,260.509676090613,206.252830009851,150.88059703698804,333.04182310576095,Optimal,203973.27479,1.0000000002285057,0.9520409333333333
384,Texas_plus_Georgia,1388.9897360987288,181.1502370446677,227.21734267351349,156.92657169987987,96.01585763648364,209.67914372413972,174.90720816006035,88.39497041717325,254.6984047428108,Optimal,146873.67470799998,0.9999999941693386,0.6867185777777778
385,Texas_plus_Georgia,1657.5357237522642,186.5540213954,298.8356989523146,208.988338332117,117.7145157480753,243.57557169301305,199.31089072947069,100.33403720651775,302.22264969535576,Optimal,173643.24397000004,1.0000000037692918,0.8099614333333333
386,Texas_plus_Georgia,1555.7159058025736,212.06449857735595,264.5775417858858,175.93445702531383,114.70608270787022,224.29420411921814,221.53002141917244,108.17546674960548,234.43363341815189,Optimal,164875.56310999996,0.9999999962701583,0.7788180444444445
387,Texas_plus_Georgia,1491.5089623440279,182.51087598033948,215.1670504323554,165.61553932020877,110.55184302329032,213.34191928925895,178.29922719696063,112.94250613233724,313.0800009692771,Optimal,158145.05055,1.000000005133038,0.6789109444444443
388,Texas_plus_Georgia,1739.6262023598233,222.8467139801188,325.5300027448119,189.39564535681535,113.2586570488779,264.771466401986,199.7971819014454,127.90336686911091,296.123168056657,Optimal,185144.17807000002,1.0000000043918496,0.9034979777777778
389,Texas_plus_Georgia,1525.7758699879155,188.79052864478,295.25754856830764,149.86345762517624,112.79332175064913,213.35291270550474,183.5160152613641,110.22808884818666,271.97399658394687,Optimal,161228.73903,1.000000006561963,0.7748899888888888
390,Texas_plus_Georgia,1596.8891601451392,208.7689473412776,312.9021367248677,170.51983633152747,118.00566719104971,190.22833305489294,213.24031297693082,93.90124449949973,289.32268202509306,Optimal,164388.840432,1.0000000024139812,0.7909993555555556
391,Texas_plus_Georgia,1542.79389450093,198.66388489798544,225.2779436656802,174.13321183059003,117.89754121605579,231.02977349572018,195.09298818291467,108.50186812439136,292.1966830875923,Optimal,164263.43858000002,0.9999999906008638,0.7277462111111112
392,Texas_plus_Georgia,1607.6698379372099,207.2325562657004,277.55438951746845,183.19445126346025,122.11536889183232,218.24351581507025,177.7682335517249,119.90508083784246,301.6562417941109,Optimal,169858.59075,1.0000000012830932,0.7811449666666667
393,Texas_plus_Georgia,1588.5965378355718,232.72566237639282,244.64129396121658,176.3133284611964,100.41705462145723,237.77023433719745,206.62447743051254,110.55269073689918,279.5517959106995,Optimal,168669.25913,0.9999999950676136,0.7945968666666666
394,Texas_plus_Georgia,1498.903550629705,172.40168786657026,298.1995499947529,184.06363521775066,104.14946290864057,181.86165386077036,186.905029380948,112.355560069987,258.9669713302852,Optimal,155382.96096,0.9999999995798897,0.7249587666666667
395,Texas_plus_Georgia,1734.2533563028303,256.29290058828127,299.7234900693562,192.29711607916468,119.869915740319,241.6876529949873,248.16356615863387,120.71490353989043,255.50381113219748,Optimal,183202.61958,1.000000002131851,0.8863378222222221
396,Texas_plus_Georgia,1602.0029607679396,212.5808114611912,273.19302402634077,156.81732702415445,134.07964735563905,255.75270825794115,191.62248363433244,121.09872414191146,256.85823486642914,Optimal,173638.82072999998,0.999999993278452,0.8239183777777779
397,Texas_plus_Georgia,1387.5222132004421,145.00787391003155,257.82317567489537,173.6196659037078,96.34040725282509,197.55854060836637,213.18321751799573,92.14212860922973,211.8472037233904,Optimal,144893.769634,1.000000002017667,0.6670995444444444
398,Texas_plus_Georgia,1567.1700629058878,219.29616096910806,268.665417095439,159.9852525440845,106.80078874645741,246.98665275335688,222.95021323650488,97.57463485027864,244.91094271065853,Optimal,166805.45363000003,0.9999999949553094,0.8166091444444444
399,Texas_plus_Georgia,1521.6988509062123,185.24125435369007,308.761037628476,160.42692355602534,103.8167758024466,190.53763368086072,240.5036405720953,97.14695327190186,235.26463204071635,Optimal,157120.008684,0.9999999948043516,0.760599911111111
400,Texas_plus_Georgia,1495.1203218719313,182.34567453882292,300.936460683724,184.88325971882006,106.30176937034274,217.91832266969143,172.2483009974749,109.39864239452666,221.08789149852865,Optimal,158417.97638999997,0.999999992059548,0.7791116111111112
401,Texas_plus_Georgia,1569.4453755977538,186.44103673044637,246.2768859349669,164.28524955136032,100.0517800638135,246.27187899103924,226.23981584858834,107.0107954175222,292.86793306001704,Optimal,166319.72580000001,1.000000009176647,0.7544331222222223
402,Texas_plus_Georgia,1486.719130874674,192.83320927576955,243.927968908075,189.43246444017063,117.45890970651195,194.101690985247,201.95939966104353,104.85513905659123,242.15034884126504,Optimal,155986.49449999997,0.9999999994116752,0.7009587444444444
403,Texas_plus_Georgia,1565.1276620219994,168.7241513317358,260.97827967101927,219.4924087975848,118.62055084553613,202.74558653186168,216.04488055740572,114.5743517080919,263.9474525787641,Optimal,163092.47391000003,0.9999999987080932,0.7027200222222223
404,Texas_plus_Georgia,1528.5349849235708,193.29372564698,242.88410444936466,168.85480756746298,115.61961152043355,233.00828392344997,169.77868086027786,102.46450047611695,302.6312704794848,Optimal,162682.98761000004,0.9999999967788955,0.7435401222222222
405,Texas_plus_Georgia,1937.5222621215914,254.512507891576,384.1421598567266,246.01900776941645,134.47626119823818,223.20803843358806,243.77754579273576,119.86521141047484,331.52152976883553,Optimal,198662.91321000003,1.0000000040662285,0.9576252333333333
406,Texas_plus_Georgia,1835.5071761117426,250.18707109774425,300.8175374900104,192.98684246130654,111.4143863704236,224.10093854133908,287.15297640897,147.69473676862464,321.1526869733241,Optimal,191203.44343,1.0000000075664413,0.8612283888888889
407,Texas_plus_Georgia,1551.5447018549853,200.7830597358809,268.79015265229935,206.2008386412997,116.5881557877424,183.92694783282266,224.41307547190908,92.4486880639781,258.3937836690532,Optimal,159462.143254,1.0000000039605785,0.726111288888889
408,Texas_plus_Georgia,1385.058264029618,179.1365729969766,209.7844895064673,138.1791021683404,89.27065868602662,215.04650706922905,175.13202153165093,105.95822124297332,272.5506908279536,Optimal,148007.39934399998,0.9999999963686598,0.6710750777777778
409,Texas_plus_Georgia,1648.8814100486059,222.19679759589926,253.98790337220336,184.99227103844063,103.94709780646203,246.4836600550005,229.7921513689976,128.425638944056,279.0558898675465,Optimal,175502.28901,0.9999999999705219,0.8029648444444445
410,Texas_plus_Georgia,1780.9043671964655,220.90463089423258,282.5339270676252,209.4922455619115,133.89734758997335,310.44009565713407,241.09169902869283,111.5400729881204,271.0043484087757,Optimal,191973.23963999999,1.0000000071893442,0.9043096222222222
411,Texas_plus_Georgia,1392.1893466930894,181.32397686724602,214.9190812693032,183.2768387411138,97.08729943276651,213.16871639826454,182.67660477037032,103.4556887255836,216.28114048844142,Optimal,148480.077104,1.0000000016570378,0.6771242000000001
412,Texas_plus_Georgia,1647.146559836082,195.70983998213427,269.59572207975185,183.83815671978144,121.47768891112548,216.62651180542682,221.78988025217254,117.27324495055056,320.83551513513896,Optimal,172215.48684,1.0000000000995164,0.7577022999999999
413,Texas_plus_Georgia,1106.3160491270648,137.99138524077173,222.51598753359596,101.65161811669577,94.83477381705217,164.85073405329135,119.9693452246822,87.90279750770686,176.5994076332688,Optimal,119240.67590799999,1.0000000116358567,0.5837312333333333
414,Texas_plus_Georgia,1484.0194942365333,216.56752774419886,239.94987529434076,151.06637536717307,127.03304368188923,228.08213470719346,180.90660515185536,96.03405777662154,244.37987451326111,Optimal,159459.335654,1.0000000025359954,0.7606661555555556
415,Texas_plus_Georgia,1772.5255731215057,217.49968044402465,281.6717159402503,242.28627443907612,129.59952653667312,269.3075883949844,252.88525898087497,128.20800120410777,251.06752718151435,Optimal,188470.07012999998,1.000000003880618,0.8538655444444445
416,Texas_plus_Georgia,1649.7707663317442,227.14907594740012,332.4298227627395,176.25502166616485,111.14639775651487,255.54767639531678,212.95313257947564,114.80750957564852,219.48212964848386,Optimal,176095.06110999998,1.0000000022234943,0.9056962
417,Texas_plus_Georgia,1459.5947539637043,200.85013416407563,225.2839468810937,168.4595915379709,129.56057760821017,212.88013800045238,170.31466345278497,90.43098381518728,261.8147185039294,Optimal,155357.044402,1.000000000024867,0.7100158
418,Texas_plus_Georgia,1471.5580368263393,177.34460545485857,263.8496632064813,176.91049627008286,109.35700614268312,222.5954476263894,171.06557512496673,100.79710135292945,249.63814164794792,Optimal,156256.273,1.0000000089521854,0.7375441333333334
419,Texas_plus_Georgia,1534.0955104380948,225.04352357771646,252.69906286369752,167.6362378640841,131.4055353538792,230.10644328383114,177.2448965378858,109.7771737225075,240.1826372344932,Optimal,165172.80063999997,0.999999999714428,0.7864989111111111
420,Texas_plus_Georgia,1488.9669817852364,160.06758655672314,225.22656199217886,199.7788586679933,112.42471438541376,233.3524485622259,203.9313650255134,100.25807693865636,253.9273696565316,Optimal,157972.81019,1.0000000055170892,0.6873851111111111
421,Texas_plus_Georgia,1601.3263095232487,186.08310058474711,245.78070459387894,201.39190139085642,101.83712147432064,234.73424341791164,221.01067709404134,124.0255715922811,286.46298937521146,Optimal,169126.13322999998,0.9999999940528993,0.7406644888888888
422,Texas_plus_Georgia,1400.7626720382739,191.8446221119612,239.00911052829926,146.51208253249212,82.7632409007349,211.26797338070335,155.6175960745283,85.12549360020793,288.6225529093468,Optimal,147407.14030799997,0.9999999949753989,0.7134685555555554
423,Texas_plus_Georgia,1397.2680203488899,174.26616731614973,244.0670728118139,162.68575978156997,91.18260805294268,188.12555538389466,196.98881862835543,98.19119151357958,241.76084686058388,Optimal,145910.324844,1.0000000069071289,0.6738431111111111
424,Texas_plus_Georgia,1284.033497416798,155.8803660165591,239.81836641209082,136.4223004020608,83.38920389422567,190.4347075019455,175.2694217724891,94.826213976013,207.99291744141388,Optimal,135943.04558600002,1.0000000082421543,0.6512593888888889
425,Texas_plus_Georgia,1752.1199522312088,259.97312629134467,331.0799698730193,167.93298494932756,164.48907710142382,214.9663724677567,195.40801751354758,126.51161732195078,291.7587867128384,Optimal,185667.63058000003,1.000000004433938,0.8955771888888889
426,Texas_plus_Georgia,1781.6461733922083,242.26157701222925,310.93601364756495,172.72884255009856,118.89894045628378,261.21273816482676,236.07393018519628,132.09383647937554,307.4402948966331,Optimal,189340.58422000002,0.9999999980960258,0.9049003666666667
427,Texas_plus_Georgia,1663.8361441571187,208.96305237524183,257.0763966933651,203.96847142219744,116.78323166696018,276.8071159214871,201.59344408031026,117.63698121099175,281.007450786565,Optimal,178865.60437000002,0.9999999975014854,0.8253850777777777
428,Texas_plus_Georgia,1832.2044592926472,243.364595235314,301.68406823586616,206.6104246799269,147.393493070368,210.29481727188616,243.2816613872421,139.71814099337567,339.85725841866827,Optimal,190980.46459000002,1.0000000003860665,0.8392705444444444
429,Texas_plus_Georgia,1662.2462439010835,205.5270165874794,280.5485845628797,210.90413672015956,116.30922683456737,241.89292761727134,191.0325676946775,109.50143430848956,306.53034957555917,Optimal,174997.95721,1.0000000036690815,0.8088539222222222
430,Texas_plus_Georgia,1513.3455041762543,182.04313770896155,256.98559286373086,179.91322605298646,106.29380912338641,222.01322709958353,198.1385652803435,106.39745996290875,261.5604860843533,Optimal,159870.0562,1.0000000104561355,0.7344910666666666
431,Texas_plus_Georgia,1395.4811868913962,178.36511213690434,208.08922933829214,148.34878060068456,92.52698250478258,200.2295082450036,209.9825429215144,104.09481386564347,253.84421727857102,Optimal,147418.572538,0.9999999972114306,0.6518709444444445
432,Texas_plus_Georgia,1483.6076958608421,191.94052445306892,294.6340565619344,164.3448978811995,95.4129522098386,184.42584219407476,191.47643519077943,94.30714457191603,267.0658427980305,Optimal,153102.142402,1.0000000007678296,0.7455560222222222
433,Texas_plus_Georgia,1461.7308345833633,156.94184946848293,259.0871350323904,144.65241805851875,109.32377415875537,228.28398445174145,174.54905108905413,105.05992498211037,283.8326973423099,Optimal,155872.01966000002,0.9999999968644273,0.7159032999999999
434,Texas_plus_Georgia,1580.9023904693404,229.54088781478666,252.41185926987194,158.33005405050503,109.7498333656119,222.31804512312834,219.13153916394685,118.7583284986607,270.66184318282893,Optimal,167828.77888,0.9999999997031187,0.7825231111111112
435,Texas_plus_Georgia,1770.982833112451,222.83355082880868,315.8381261043997,184.69086656123474,109.11735593228317,248.279069083611,286.3608824929083,131.8043375297323,272.0586445794733,Optimal,186065.92323000001,1.0000000038891108,0.8743897222222222
436,Texas_plus_Georgia,1734.8033963258235,195.51969806539054,306.3113834728328,217.90715942401914,122.36391653469103,246.67008432976533,231.62275672293967,123.9741488291622,290.4342489470228,Optimal,182362.64809000003,1.000000002117921,0.8316679555555556
437,Texas_plus_Georgia,1347.4203085602317,157.32142053796085,222.59135319250368,161.79960465042876,112.97280592781921,191.1995346716743,162.89850458914873,119.94756422084438,218.68952076985175,Optimal,144620.03681,0.9999999862253586,0.6345692222222222
438,Texas_plus_Georgia,1649.2005150774958,188.39487017695345,256.71532446618266,191.14866779293803,120.36238883611841,261.03114224530896,221.19710390813515,116.72194514589677,293.62907250596226,Optimal,175883.22957,0.9999999969212381,0.7846014777777778
439,Texas_plus_Georgia,1446.692449431728,208.66842595019233,259.9900110120036,172.5851490431049,109.04478429798931,177.16542401004494,165.05874239764702,104.07754481012446,250.10236791062144,Optimal,151402.83831999998,0.9999999934804886,0.7175820666666667
440,Texas_plus_Georgia,1787.3600359686916,219.39645664109133,284.1361414917537,218.81314282089193,124.88496540450173,259.887592759582,244.62915239085905,136.84269694466107,298.7698875153507,Optimal,189455.96837,1.000000002255454,0.8482446555555556
441,Texas_plus_Georgia,1801.2029471333917,226.30802317987937,327.08857763650303,246.0601439338122,110.27976994468908,227.09846205430136,258.1820713440417,124.72645287703851,281.4594461631265,Optimal,186083.97494999997,0.9999999960396514,0.8672167333333333
442,Texas_plus_Georgia,1572.1516379021346,209.98774183584672,269.62293214409823,207.7421965161639,105.25646996414235,232.48473898688917,225.58458462267245,92.03122354947965,229.4417502828422,Optimal,164939.414932,0.9999999975179655,0.7912171222222223
443,Texas_plus_Georgia,1563.4424413003578,198.86068290351676,269.18393083735253,175.21010871435053,115.27057802040213,213.7525718288935,185.28343672693563,121.58239581142897,284.29873645747784,Optimal,165412.74409,1.0000000055644147,0.7575524222222223
444,Texas_plus_Georgia,1814.3160877703194,238.126192338404,314.40540442884503,216.61290502550295,114.5868950301321,238.9181547152445,232.31453643598255,137.86940188998494,321.4825979062234,Optimal,189941.9154,1.0000000012289374,0.8793886000000001
445,Texas_plus_Georgia,1631.1565613126622,196.9386391553723,274.2909219349276,158.872112825839,121.33926952180198,240.8346698080428,220.17555490779674,123.10994273263327,295.5954504262486,Optimal,173640.45999,0.9999999930646374,0.7911824777777777
446,Texas_plus_Georgia,1354.873719903633,173.61506474792867,196.1753266356851,137.17538961824908,93.06012238484517,212.29532655912146,175.4630485705825,96.51224637907563,270.5771950081453,Optimal,144631.90651,1.0000000059757357,0.6467619111111111
447,Texas_plus_Georgia,1523.4486745812835,190.91891550797973,243.49963949959294,171.01391853676802,117.94567805603337,199.95989207638294,219.34484961152737,120.29220060848776,260.47358068451143,Optimal,160674.07128000003,1.000000003556875,0.7048649444444445
448,Texas_plus_Georgia,1627.9414578736016,218.06217583479247,259.20518785643475,198.07170824558585,107.09041891404195,244.0184960118783,239.58198425250544,118.81291889653899,243.09856786182394,Optimal,172828.42126,1.0000000074489155,0.8014287444444445
449,Texas_plus_Georgia,1612.9400847480183,208.44927472503588,252.9396427806271,162.04233416798607,110.56910295595775,250.5819620054245,224.3884272786052,129.5144150246743,274.45492580970756,Optimal,173153.32047,0.9999999970562958,0.7910787444444445
450,Texas_plus_Georgia,1896.2913195756148,229.19315374085147,347.5622490499792,216.42347431916076,160.85994192607336,278.04029672988867,224.97108484705615,141.9646348544739,297.27648410813134,Optimal,202693.98357,0.9999999896768949,0.949773
451,Texas_plus_Georgia,1470.3690965365452,206.05234735074362,249.92100733990193,181.8659971020867,95.61622036240723,237.58682201751094,184.55764590761999,85.79583955858268,228.97321689769205,Optimal,156235.37555,1.0000000091565138,0.7706224222222222
452,Texas_plus_Georgia,1357.1336634878892,153.9444360452121,250.06098608970657,164.31019245101473,105.03227246721154,183.9392111417512,187.94401779478244,85.48827123833398,226.41427625987666,Optimal,141561.14918799998,1.000000005535277,0.6532718222222221
453,Texas_plus_Georgia,1605.3840281357152,190.53031113564157,271.66534807651107,178.89263245675545,117.46823601615624,231.03181161932366,221.93200192006853,106.80790816574513,287.0557787455136,Optimal,168948.22608999998,1.0000000011612702,0.7702527444444445
454,Texas_plus_Georgia,1561.3905063534835,215.89140577552985,284.7240664567867,150.963131277887,141.80151115214434,213.6406642130179,194.5758129789154,113.34656534438741,246.44734915481484,Optimal,166646.1108,1.000000002335429,0.7936179333333333
455,Texas_plus_Georgia,1933.938539462108,229.3701642414746,303.87235819443896,199.64810754639393,141.63091061996403,311.7656519170272,250.78154598944468,125.47437228628829,371.3954286670764,Optimal,206274.01367000001,1.0000000002781329,0.9388979666666667
456,Texas_plus_Georgia,1745.0216670124858,196.1409248984904,279.0959519850305,189.8864074131849,119.9405441701045,234.29884836781082,211.33972325153476,141.11416380773883,373.205103118591,Optimal,183463.81915,0.9999999902508456,0.7883730222222222
457,Texas_plus_Georgia,1569.4655463843326,190.24239286882226,250.30477265234464,201.04932839481236,98.47741283419575,227.51137020596298,216.91697803696033,117.96651596250311,266.9967754287312,Optimal,165401.035218,1.000000004215236,0.7422872555555555
458,Texas_plus_Georgia,1911.9298981767124,266.69915782489136,313.27883793724465,236.75803739793054,134.3319956559831,259.8827289212108,236.4501983473631,154.001333148788,310.52760894330095,Optimal,202656.77683,1.0000000061839545,0.9331785888888888
459,Texas_plus_Georgia,1700.661500463687,225.336028596108,279.6898678513907,185.27589322868508,105.77039542461414,285.4406260183758,220.835450605604,89.20584855148292,309.1073901874263,Optimal,180327.706162,1.0000000050194073,0.8782961444444444
460,Texas_plus_Georgia,1362.6741262335754,157.1040527070436,224.07940154059293,181.65595602092793,97.42504881332647,204.49316201706253,152.49184648702877,111.48332843397064,233.94133021362254,Optimal,145434.316274,1.0000000020301438,0.6507517888888888
461,Texas_plus_Georgia,1477.6681117633793,186.09769696008632,252.2596999805903,161.50063692713286,113.88002094225614,212.19662801240452,209.35091236718077,99.5365010898984,242.84601548382997,Optimal,156173.53765800002,1.0000000062508085,0.7228378111111111
462,Texas_plus_Georgia,1753.022696453672,250.88673210635574,288.1578521359635,239.83169837558813,125.57276966858562,248.38523624706224,233.53237399058577,113.95214317111116,252.70389075841987,Optimal,184735.67270000002,0.9999999963185462,0.8749220222222223
463,Texas_plus_Georgia,2022.2462040562925,279.9808391505152,305.99911578853647,226.83478451141656,148.83840822491032,266.3628969783901,290.5011566924954,133.09422432598345,370.63477838404503,Optimal,211575.68634000001,1.0000000029391611,0.9470476222222222
464,Texas_plus_Georgia,1557.6752037571098,202.42978728932448,299.5687515326252,179.34935568464695,101.80721638843548,218.59112917018567,206.88465436281152,102.42019096617518,246.62411836290536,Optimal,163222.21313000002,1.0000000040078254,0.800655188888889
465,Texas_plus_Georgia,1795.0113422981392,281.07329312691996,304.9889344849898,190.4339442454595,119.43720852646307,242.93686916279552,237.58464942692393,134.76886600864535,283.78757731594214,Optimal,190011.70881,0.9999999987197077,0.9211101
466,Texas_plus_Georgia,1532.235770295235,155.68857203736798,281.41873245601846,217.27807885160072,102.39941527045879,173.39483504525995,211.62874480302662,124.02205075676959,266.40534107473275,Optimal,157423.26663,0.9999999998073176,0.678335711111111
467,Texas_plus_Georgia,1686.3258773240648,238.578706043686,331.0306769464882,197.87008624673808,102.9460862809455,236.96068697011358,189.7226790406851,116.30891182323285,272.90804397217556,Optimal,177370.96618000002,1.0000000075168953,0.8961889777777777
468,Texas_plus_Georgia,1509.5395596902918,225.59448654661006,252.27971261407413,148.37529960613728,111.69713930257288,230.34879325733215,194.55759597890096,99.51919500726908,247.1673373773953,Optimal,161389.43156,1.0000000035174357,0.7869144333333333
469,Texas_plus_Georgia,1469.1747608793437,183.71205653597613,240.16856540499208,167.99769708275545,93.73489255048409,220.05450131278272,178.6808629910145,117.18572029404243,267.64046470729625,Optimal,156391.148538,1.0000000014434336,0.7154834777777778
470,Texas_plus_Georgia,1941.028212828371,207.86059851844323,365.8043349256534,209.31828064232465,140.80836028948727,289.3484887653363,262.280503112848,133.17557013761657,332.4320764366614,Optimal,204905.99429,0.9999999985428492,0.9589038
471,Texas_plus_Georgia,1703.217332891724,218.3969167851992,247.65949734461157,187.95869237836925,131.5916068302328,275.7669131957829,225.96028677222506,130.5686484242166,285.3147711610866,Optimal,184018.01182999997,1.0000000041734403,0.8242481444444444
472,Texas_plus_Georgia,1744.3756265257714,276.6087423006081,301.9787844332097,172.6976926589017,124.37264082669668,257.767661236158,209.70613411183848,112.22746420917807,289.01650674918056,Optimal,185782.00715,0.9999999905262541,0.9292835333333334
473,Texas_plus_Georgia,1442.94512547848,198.5387411320803,286.5370211975534,172.3406345845346,87.57296701712082,205.569862326587,166.31601179066973,103.53453242077086,222.5353550091633,Optimal,152124.77313200003,0.999999994124184,0.7673840222222222
474,Texas_plus_Georgia,1830.150200508462,242.55685085835492,291.9626202017292,211.38209711073202,126.4107999475477,298.60066588206035,186.95099915113818,130.90951076038718,341.3766565965124,Optimal,196768.24826,1.000000005186207,0.9256890444444444
475,Texas_plus_Georgia,1449.5308016411664,187.94149926534968,268.1246247151646,160.17760074241855,104.02119012491471,198.1414994792239,194.08320049037275,89.03731166045964,248.00387516326248,Optimal,151454.876076,1.0000000002475513,0.7268973555555556
476,Texas_plus_Georgia,1672.384696774355,208.66088970359684,277.28806199359514,210.75116036814484,140.9714427932862,223.67680479716887,244.46180489395246,101.06145956511713,265.5130726594936,Optimal,174859.48124999995,0.9999999899697988,0.7884730555555555
477,Texas_plus_Georgia,1657.887526999796,221.86427955757148,291.74827388372177,209.5580882363558,117.7118487557346,259.2801915484483,205.90199419537365,112.81652075995933,239.0063300626311,Optimal,176915.62512,0.9999999957778826,0.8587697111111111
478,Texas_plus_Georgia,1700.6791378002326,201.05388148846157,323.36765134632077,215.62488628473383,119.14593039725227,245.78087624260306,223.66208919439796,119.35040984442038,252.69341300204283,Optimal,179207.03396,1.000000001293464,0.8557804555555555
479,Texas_plus_Georgia,1906.5075904946614,223.7459424655723,332.9266849358002,216.72865074667223,135.43239830828355,268.9558854904829,259.4337951401014,120.5944867749562,348.6897466327926,Optimal,199405.88484999997,1.0000000049857334,0.9173650111111111
480,Texas_plus_Georgia,1574.754158624683,209.1868526112074,266.5275191289279,184.37678144000046,122.66220244312413,205.91644758488778,175.43123265782552,112.62246372016611,298.0306590385438,Optimal,165621.09011999998,0.9999999945231559,0.7573675777777777
481,Texas_plus_Georgia,1604.5993702618036,228.13389665827438,301.900954283576,203.4219734429749,127.77319307913835,226.9046671545458,210.50490998635652,103.21541224628407,202.74436341065356,Optimal,169803.15909000003,0.9999999936047567,0.8410439111111111
482,Texas_plus_Georgia,1555.6753888373744,197.56828378587517,278.89154255364974,147.9588313164105,129.70013548340913,232.39617020986614,201.17658247371654,105.63386760263154,262.3499754118156,Optimal,166044.29182,1.0000000007473446,0.7876177666666667
483,Texas_plus_Georgia,1369.632359665622,170.87374862780118,217.98091471573403,163.90142421850092,101.13216883039226,227.99582915625206,158.04480052828185,100.04902482490579,229.6544487637539,Optimal,147797.81302,0.9999999929429078,0.6853894333333334
484,Texas_plus_Georgia,1707.980274107844,210.9396178510752,307.7828749032536,226.5227113519529,117.81671814514067,248.43227383102356,196.732973884053,116.31947539070872,283.4336287506363,Optimal,179984.65194,0.9999999975949113,0.8523941777777778
485,Texas_plus_Georgia,1921.0601228742623,226.47823231078877,333.91332237166307,226.05242764155068,130.7628302901441,292.13317809043474,254.1748078695823,142.70380976933018,314.84151453076856,Optimal,204091.55767,0.9999999985038145,0.9472497
486,Texas_plus_Georgia,1748.6435785691713,200.96533800278957,283.33930032459847,213.39188013171747,140.91820671490547,227.35555771606715,234.73616555786273,121.49311344638579,326.44401667484465,Optimal,182747.1104,1.0000000065369687,0.7907335555555556
487,Texas_plus_Georgia,1595.1252416306602,245.5671066388793,322.08264160892116,167.1276301548812,111.4303322588001,213.61499351323116,205.56933911196575,96.00039990911179,233.73279843486972,Optimal,167132.47860000003,0.9999999989777227,0.8680719333333334
488,Texas_plus_Georgia,1801.9954465464828,234.8091312474197,326.2713482648346,184.27843569150596,113.49997127879642,247.3249329691819,260.59904464313786,127.0337855856458,308.1787968659605,Optimal,188792.20042999997,1.000000001916496,0.8982282333333332
489,Texas_plus_Georgia,1868.350490242137,239.4785622072266,313.05389909995864,213.8880921037249,125.66770108401008,299.82399893853136,228.16300920419914,119.18269622283437,329.092531381652,Optimal,198847.96853,0.9999999998704006,0.9470627333333334
490,Texas_plus_Georgia,1765.15225162533,214.9081643931453,322.9399913860372,223.01897270810537,89.5168617224589,210.66709789050827,234.49560130169516,114.03936864965331,355.56619357372654,Optimal,179639.64685200003,0.9999999945470255,0.8316836111111111
491,Texas_plus_Georgia,1647.0010012142557,209.55042639371104,284.00263744414207,181.1552152448824,110.29400308850954,238.0947652867236,234.02243771166042,100.74888292227969,289.1326331223469,Optimal,172563.18403,1.0000000053343894,0.8129420444444444
492,Texas_plus_Georgia,1487.1163745994982,197.6239782593102,242.32032796560316,176.68324201187983,97.78329230871991,217.25872211187007,190.89569077224604,92.15252044933683,272.39860072053204,Optimal,156196.144722,0.9999999982519875,0.7302255888888889
493,Texas_plus_Georgia,1203.9334993746988,149.00271262338046,177.71060627698,141.09746188049866,83.108039844831,186.52955306773117,151.61166133695824,84.137253966284,230.7362103780354,Optimal,128014.36673200002,0.999999995535718,0.5702698555555556
494,Texas_plus_Georgia,1634.3724496607695,195.05228750952233,300.82984091272255,185.7950739609056,132.52066945296352,227.5803870197678,185.54037452276745,121.00781728604346,286.04599899607666,Optimal,173172.37642,1.00000000020756,0.8038472444444444
495,Texas_plus_Georgia,1575.2079081371446,210.4855955234116,263.7091455654291,186.31355630285555,111.15005646761622,218.71647993664592,236.10678912993643,115.95966088715204,232.7666243240978,Optimal,166232.96373,1.0000000075309774,0.7699013666666668
496,Texas_plus_Georgia,1589.1584288975346,203.08894310711133,287.88012889426193,190.52245669350975,120.59027211700878,196.1893714748199,178.88969047429043,133.73132462922544,278.2662415073071,Optimal,167289.96397,0.9999999944011027,0.7635093777777778
497,Texas_plus_Georgia,1851.5940459168173,246.97557580638704,296.16037082459155,175.89608335193543,136.9939792976829,274.1346135481124,279.1214190114786,127.54770355943974,314.7643005171897,Optimal,196728.48685,0.9999999968044737,0.9080784000000001
498,Texas_plus_Georgia,1364.0641831294322,160.97115535512785,233.73512007911714,146.79679453046927,87.07151336048595,218.9947568777264,200.77401898831957,85.39695065403691,230.32387328414907,Optimal,144383.627016,1.0000000006382161,0.6818900444444445
499,Texas_plus_Georgia,1643.5917472724639,227.7734051488451,268.08307356410324,185.27006361720734,99.34307323576994,249.13121958966653,190.5613446771809,131.41694272269788,292.01262471699295,Optimal,175576.33379799998,0.9999999913162964,0.8277641111111111
500,Texas_plus_Georgia,1489.8954649060222,202.4139315883838,262.34149478013387,166.95259333119085,114.98750773235227,212.81774858611564,192.56542096386474,100.15130047195403,237.665467452027,Optimal,157810.03954,0.9999999967071365,0.7528590777777778
501,Texas_plus_Georgia,1609.6567878457142,210.23952313243015,306.63228471812494,160.3148479366115,116.02916335307766,269.1122149428672,192.97799793542666,103.36307585478552,250.98767997239062,Optimal,173044.74576000002,0.9999999951258467,0.8733155666666667
502,Texas_plus_Georgia,1658.178841787271,195.43914660552025,296.337020463371,184.41033252931214,116.3416623267234,239.03174691123732,213.6650351003822,118.78587583953755,294.1680220111872,Optimal,174960.03748,1.0000000049528608,0.8120088
503,Texas_plus_Georgia,1568.0917432642875,201.1926109821854,294.22842867737734,178.37180708386958,111.76715223620869,234.90005524556102,177.3261597491598,107.74100448898005,262.56452480094566,Optimal,166491.80621,0.9999999979183058,0.8114678888888889
504,Texas_plus_Georgia,1513.3839102038278,180.78008981526736,229.24616073233506,150.134896345582,113.77834767151252,253.1658817481827,204.34950758412887,105.89652136855565,276.0325049382637,Optimal,162997.20128,0.9999999998653167,0.7368801444444445
505,Texas_plus_Georgia,1569.9113900679345,206.03955099363245,285.1372121322277,181.7745956374068,94.2422583623991,216.0177093404959,194.65648037754468,123.3110335580812,268.7325496661466,Optimal,165275.136528,0.9999999986827698,0.7857716333333332
506,Texas_plus_Georgia,1425.8358195903947,170.69620315294756,234.8845745424052,164.33230953734372,98.63113036853888,241.57095856042864,156.96199479385882,108.49173293622155,250.26691569865037,Optimal,154073.96851,0.9999999932738436,0.7190574777777778
507,Texas_plus_Georgia,1478.8406624802583,189.87616124928746,237.995070040442,168.84936989930765,102.2160236372204,204.3949769853819,192.22313267580918,96.33330240982204,286.95262558298765,Optimal,154789.732456,0.9999999996752468,0.7025180111111111
508,Texas_plus_Georgia,1739.752526632182,208.72188708101012,325.2132646248875,179.03963873246536,103.99492075092178,256.5645556209673,236.31951288914087,115.44672344710236,314.45202348568677,Optimal,182531.9497,0.999999996187859,0.8783330111111111
509,Texas_plus_Georgia,2086.0500124424298,336.97372251767933,304.6474103402829,228.98335926912242,122.50155938286053,367.70327770597925,238.6943100279847,150.95468468282854,335.59168851569206,Optimal,229135.75723999998,0.9999999988291605,1.0
510,Texas_plus_Georgia,1424.3422888065927,180.60801892541392,214.71930279463672,153.73574411698996,99.72479872947397,209.53015044879382,146.91286493565374,101.76488942940004,317.34651942623054,Optimal,151018.045984,0.9999999931150028,0.6720638555555556
511,Texas_plus_Georgia,1391.6293162426327,192.50665142235746,238.15271248354875,124.90340596374772,93.71114286637375,193.36077969902848,202.80485480350842,103.15686511521339,243.03290388885486,Optimal,147082.607438,0.9999999976699019,0.6933557111111112
512,Texas_plus_Georgia,1679.4763664256384,222.06164591705667,287.50195763753953,208.32097637780743,106.12636204779005,238.59740386521733,248.48286483775203,98.3213916116323,270.0637641308431,Optimal,174986.87109600002,0.9999999973648702,0.8312900111111111
513,Texas_plus_Georgia,1688.488116317761,212.9937854826221,268.37888101774496,193.16781823533663,105.83789972589787,255.10005376741253,212.26168799650756,138.6679377379419,302.0800523542976,Optimal,180144.72387,1.0000000021807904,0.8183030222222222
514,Texas_plus_Georgia,1692.2008151647265,249.5072142171701,266.4633646854353,186.93709708338116,100.99512574563431,262.5094728781728,255.51844033883305,114.61085571880483,255.6592444972949,Optimal,179854.73844000002,0.9999999969479234,0.8649778222222223
515,Texas_plus_Georgia,1794.14078102616,213.03828154712278,290.743691186491,237.78574362637022,122.92100625700243,250.11438652345592,269.4513028693291,135.16603145937498,274.92033755701374,Optimal,188590.03331,0.9999999994280493,0.8376626222222222
516,Texas_plus_Georgia,1836.4510764209335,200.15921570046427,351.3136740865982,222.4013939347926,125.60252607142604,244.86801059466976,213.1526022533401,157.33259325006853,321.6210605295741,Optimal,193434.26364999998,0.9999999965036186,0.8848232222222222
517,Texas_plus_Georgia,1577.06134621603,203.78147642941633,289.3971007351807,176.57723712290112,114.6138104082081,235.19577884598493,193.54919331117276,110.33586119231117,253.61088817085488,Optimal,167620.98337,1.0000000023993805,0.8093048444444445
518,Texas_plus_Georgia,1445.7109144339324,163.49498432801357,258.8446419149211,153.6781790556181,102.8829195281047,201.15439927121005,204.4886292200675,106.02698487247532,255.14017624352203,Optimal,151975.85152,0.9999999969330438,0.6927711333333334
519,Texas_plus_Georgia,1508.640912182115,196.42224896823225,256.6617384843659,181.49795873862112,93.11832968646833,220.84314446969788,206.60791851254305,115.07760480749543,238.41196851469107,Optimal,159685.16090999998,0.9999999985535889,0.7488079222222223
520,Texas_plus_Georgia,1463.5719142487715,189.14815926335737,248.21443127142408,154.64598243964826,97.92268376621625,218.52011745241725,204.2115424414025,110.78825407136867,240.12074354293716,Optimal,155694.58219400002,0.9999999929974254,0.7287585666666666
521,Texas_plus_Georgia,1601.2228895481903,208.79186699291898,270.2497117336198,172.58771404246176,112.44845195771146,254.23912453088806,209.10151837614768,116.8763501984904,256.9281517159523,Optimal,171689.63722000003,0.9999999940369386,0.8147563333333334
522,Texas_plus_Georgia,2088.619530875799,215.9973204752706,294.9045097426737,228.49033387648296,153.53302315337274,359.4139322447662,285.18523402559714,155.0979006488562,395.9972767087794,Optimal,225257.77675000005,0.9999999947928292,0.967017511111111
523,Texas_plus_Georgia,1654.2869996209934,170.1562384175237,282.9846935314056,187.949551770557,142.7943859386476,213.89623373652046,234.61929924559357,100.32569762565858,321.5608993550869,Optimal,171701.57156999997,1.0000000002291058,0.7411523999999999
524,Texas_plus_Georgia,1638.1081369824399,225.80607978305866,297.09180231740993,197.54683357112,116.50634333573873,216.09979154947277,204.38565798799598,106.87373403053435,273.79789440710954,Optimal,171214.62198999999,0.9999999896328944,0.8211085222222222
525,Texas_plus_Georgia,1424.6065809323738,177.51521004501788,256.5293492182441,174.90453924810055,110.54554452854805,196.84973974742482,171.81483813804022,94.49262745841169,241.95473254858663,Optimal,149790.999246,0.9999999972396775,0.7009936666666667
526,Texas_plus_Georgia,1804.2369282971376,227.74887952555684,256.6132034928436,224.6293553101816,128.3025268907622,270.1179228390251,221.32273310370255,119.16909619127459,356.3332109437912,Optimal,190751.44139,1.000000000943813,0.8383111111111111
527,Texas_plus_Georgia,1451.4347468850096,155.54290204661956,299.76452636774025,167.66901206920588,98.01415410592526,192.98113690468534,150.67534180021372,123.30684645375783,263.4808271368617,Optimal,152749.796464,1.0000000049020394,0.7203206333333333
528,Texas_plus_Georgia,1671.5718263489741,234.2022692030573,262.41663097617106,200.6925761701005,133.55355603402862,192.20951870583698,228.9066497843901,129.10665195639402,290.4839735189955,Optimal,174564.31602,1.0000000021841873,0.7653649111111112
529,Texas_plus_Georgia,1478.1761352406813,184.4919683642396,238.89534603095706,172.8913413658948,98.80677427643732,224.96945661273347,178.09700869627358,98.9278766225389,281.09636327160655,Optimal,156416.7557,1.0000000038962331,0.7203964222222223
530,Texas_plus_Georgia,1543.3546880952097,212.68385421162534,236.17812363248365,208.710881112056,96.89629684686841,226.26324303407108,197.19449867978668,103.80901391476272,261.6187766635559,Optimal,162598.903112,0.9999999928109787,0.7501391222222222
531,Texas_plus_Georgia,1827.8577716248674,275.924036545809,301.9461980889033,198.8799577014086,106.76720511085311,305.85258607656203,208.43425034898945,117.61926257059766,312.4342751817442,Optimal,196028.67482000001,1.000000010052824,0.9819142555555554
532,Texas_plus_Georgia,1852.9659839084115,256.83927389429556,365.5004231916525,211.3942667971532,116.78350612328589,229.47742212390577,216.64809366924356,132.79179838215305,323.53119972672215,Optimal,192661.58708000003,0.9999999978907266,0.9464634555555556
533,Texas_plus_Georgia,1775.856925937317,180.36210324475365,274.6443512590197,224.14592458476008,114.81431066678293,240.26401667777026,286.3146440554012,120.20895170172803,335.10262374710135,Optimal,183757.64753,0.9999999910255625,0.7725227444444444
534,Texas_plus_Georgia,1881.1090511362302,265.71051480282136,314.4362017675503,174.30457227182768,125.57580016820192,291.8622362807408,261.3305274545859,153.85803315945674,294.0311652310456,Optimal,202663.12696999998,0.9999999993959786,0.9688988333333333
535,Texas_plus_Georgia,1590.2204634638383,170.31550400925804,255.2043887558886,195.94046357941434,93.37768842098431,252.06692864482724,251.0690227744875,100.61165763127946,271.6348096476988,Optimal,166996.568588,0.9999999965641001,0.7528742444444444
536,Texas_plus_Georgia,1958.7060334069838,255.85980136709455,337.6405007288201,218.6634518702522,117.87195971277342,266.731616650049,276.7826861347418,136.3843414676478,348.77167547560487,Optimal,204505.22243999998,1.000000003366006,0.9558132444444444
537,Texas_plus_Georgia,1482.4195609954843,181.1635553615934,252.42256080629156,158.13639059810995,95.82529732370963,219.18471671534593,193.18854285538322,99.95480275854888,282.5436945765017,Optimal,156137.979836,0.9999999993284736,0.7253009333333333
538,Texas_plus_Georgia,1533.7978880094838,194.82834436081552,261.66895418396336,196.0506360298537,107.33756451254546,224.50088923654837,188.11078745034962,90.11212972912367,271.18858250628415,Optimal,160850.52302999998,0.9999999947780056,0.7566646444444445
539,Texas_plus_Georgia,1961.193136977958,239.42244450756942,398.503917027163,236.33746792448417,164.50960974973378,264.51530949484675,221.89194019672993,135.43186451187893,300.5805835655519,Optimal,206803.758066,0.999999996951877,1.0
540,Texas_plus_Georgia,1593.7154321916942,204.05727757197238,283.35418038595327,184.15481704395054,105.3567610784994,220.29868339437985,237.3360059551988,115.40265881749669,243.75504794424322,Optimal,167381.03521,1.0000000048994353,0.7863446
541,Texas_plus_Georgia,1333.1088128968554,162.19446491141883,229.66013945926542,132.32138132222107,77.829416526366,196.85763707416677,230.54587283799208,101.53987519228461,202.16002557314067,Optimal,140692.94374200003,1.0000000030778768,0.6541247111111111
542,Texas_plus_Georgia,1545.8844023459887,200.1502800162841,237.80659011951946,156.45295907337345,110.928942315026,243.55189811571796,207.73038112451184,105.09205964757177,284.17129193398415,Optimal,165073.04682,0.9999999984824294,0.7572319666666667
543,Texas_plus_Georgia,1668.3799171095052,195.69880714660056,254.86755994578482,204.70691735688587,134.38110832716362,249.82142046875242,242.9286373432883,138.90045779980966,247.07500872121994,Optimal,179000.81681,1.0000000077263547,0.7782086555555555
544,Texas_plus_Georgia,1792.0630090370842,245.22531160796623,321.05771460276145,220.41676303738117,112.6219442335955,255.72807112608544,232.34172878436715,112.50272100479404,292.1687546401331,Optimal,187726.45022,0.9999999893770007,0.9133456555555555
545,Texas_plus_Georgia,1456.3859632000492,164.78853618755304,247.14770585914675,177.13384768523485,99.65170235103793,232.36701306789965,208.19591550472123,90.33069840192586,236.77054414252996,Optimal,154052.82978600002,1.000000004669058,0.7158925111111112
546,Texas_plus_Georgia,1518.5760006272787,211.6003001916663,279.1840564353647,160.0074102626544,118.7470847917471,189.74253857494887,219.2381958080348,84.83176184452778,255.22465271833485,Optimal,157389.21678599998,1.000000000903953,0.756141
547,Texas_plus_Georgia,1506.809894048236,204.28573205054548,261.08965656864484,136.31803295840456,92.72142972093644,200.05101169515729,214.92830468620326,124.86915275138196,272.546573616962,Optimal,158882.16032999996,0.9999999906768358,0.7393626666666666
548,Texas_plus_Georgia,1828.0384762257845,219.13829465113557,328.440744361707,212.70981828405948,117.8303796188628,253.4927168263561,227.99619780273176,137.39167510898383,331.03864957194793,Optimal,192010.89139000003,1.000000002064626,0.8900797222222223
549,Texas_plus_Georgia,1443.2026983298229,183.95428920789666,213.89697354462774,181.385272793009,106.67077348400764,214.93516992682504,204.8863584162048,102.57055898177364,234.90330197547843,Optimal,153236.57749,0.9999999942282378,0.6808738111111111
550,Texas_plus_Georgia,1417.2475776492965,186.44718789199862,262.9489933011778,161.442200901248,102.58085528664947,187.713304628133,185.2591359036262,90.01909839540679,240.83680134105666,Optimal,147898.51245399998,1.0000000002474538,0.7078994222222221
551,Texas_plus_Georgia,1671.6281808496628,220.0500620215304,283.9442730793988,188.00639197222102,131.49338564783685,213.6272314590438,226.0914356566869,111.86378946084095,296.5516115521042,Optimal,174724.03376000002,0.9999999994917155,0.7973572888888889
552,Texas_plus_Georgia,1495.139629840072,191.17461771801428,277.66718463398394,168.1918085354488,99.32820444837186,213.69899468271555,178.04561267216948,113.77694855558818,253.2562585937799,Optimal,158263.951264,0.9999999960939621,0.7583786555555556
553,Texas_plus_Georgia,1406.6242174613642,187.3089576194443,250.68427046935983,157.60544808144124,97.44778609819902,219.8666466833798,175.77669430452548,102.96108195493372,214.9733322500809,Optimal,150595.94457599998,0.999999998961084,0.7309554222222222
554,Texas_plus_Georgia,1611.505057270358,213.61674204754473,304.29060810758943,187.4256227835171,111.65272990462017,213.49999417591266,212.26740818266782,114.9791597212618,253.77279234724426,Optimal,168903.00652,0.9999999954884671,0.8126748222222222
555,Texas_plus_Georgia,1767.9006556094641,257.33309049463605,252.6557681169159,166.68859679713253,110.83707688493027,262.12528160568456,303.62074033233375,114.64475097177555,299.9953504060555,Optimal,186637.53772000002,1.0000000024834743,0.8579046
556,Texas_plus_Georgia,1891.3315548155394,222.84529328497172,349.072653296713,228.52383735841383,129.71014154068646,284.17125094395607,257.1351397795674,113.06185167270147,306.8113869385295,Optimal,198561.51796000003,0.9999999974538892,0.9512102111111111
557,Texas_plus_Georgia,1522.6400789710403,193.01570241752648,227.26514106834537,154.83769080365403,107.51144543200242,213.67066928928378,221.04465289209935,109.18699258373394,296.10778448439487,Optimal,160472.35372,0.9999999941082331,0.7043905666666667
558,Texas_plus_Georgia,1709.5314163061282,261.7891474602216,218.75538715052807,192.2261301212575,135.95358235904555,227.4195976504109,221.62042307573412,138.77111236218818,312.9960361267423,Optimal,182300.19851,1.000000002160751,0.7866268222222222
559,Texas_plus_Georgia,1566.5658385312367,235.35103688984023,252.9779084423954,196.60199159878977,109.40718830632451,222.0955211787291,190.9436016626761,101.0872792600732,258.1013111924085,Optimal,165319.85244000002,1.0000000009375687,0.7893605222222223
560,Texas_plus_Georgia,1327.859951265121,190.04564441983567,241.08271822607725,152.07271912330555,107.53395047573257,178.98259737198563,146.84668124111622,103.59689312993257,207.69874727713548,Optimal,141431.96400999997,0.9999999990472481,0.6779010666666666
561,Texas_plus_Georgia,1421.029042666931,181.17885912661453,261.77910824629276,146.57664621758244,90.5752971357513,230.2521941284112,154.769859575246,107.79112728650023,248.1059509505325,Optimal,152635.046292,1.0000000030492475,0.7480112888888889
562,Texas_plus_Georgia,1395.8614370520934,188.01171250543874,233.1845956750427,158.49931857710033,104.2799320616202,197.31740321899068,161.64248426156476,113.70343822443827,239.22255252789773,Optimal,148987.21198999998,0.9999999949478555,0.6872374555555555
563,Texas_plus_Georgia,1713.7785346148207,218.54295631777015,392.03073213710115,208.59717388987139,107.76553319831463,214.9755548845,202.905741718136,118.12401727753301,250.8368251915945,Optimal,177574.60578,0.9999999973072244,0.9172769333333334
564,Texas_plus_Georgia,1410.9848617490027,183.39278822450788,208.82451791881394,161.1505135577587,104.12899295055506,184.01001750042792,194.51579491944736,102.59993630475374,272.362300372738,Optimal,147905.88968,0.9999999987604382,0.6402525888888888
565,Texas_plus_Georgia,1720.0446239738183,214.41794593438408,287.47021703420097,203.891564470009,126.36557498512428,205.46392657027832,240.28932777360635,115.04302883286351,327.1030383733517,Optimal,177631.2959,1.0000000035035033,0.7859467777777778
566,Texas_plus_Georgia,1651.7704615035598,195.52214952818107,278.18667742878796,214.19722524821708,107.54278995985031,195.39721899470945,203.37754125377393,131.47073590076158,326.0761231892784,Optimal,170985.41928,1.0000000051438382,0.7434511666666668
567,Texas_plus_Georgia,1737.9153495185517,183.82187187675828,295.8823147317846,192.55894573710944,124.03460463183325,226.2993394667995,221.07223415544686,112.14534608514903,382.10069283367073,Optimal,179845.22374,0.9999999945230061,0.7844483555555556
568,Texas_plus_Georgia,1597.3782050761326,195.77380465419213,242.84946559467593,201.68696745257998,121.4221624753029,257.3069555155253,213.4439381734673,109.29776049558157,255.5971507148074,Optimal,170990.31172,1.000000003082468,0.7732558111111111
569,Texas_plus_Georgia,1510.8622660713213,182.3219328113161,271.1017872448216,159.70649767491636,108.51862595369924,227.45134542298766,181.43085456648632,116.31991796955225,264.01130442754186,Optimal,161215.34045,1.000000002600289,0.7565278555555556
570,Texas_plus_Georgia,1673.3788439443988,212.39322461978256,288.8935837369296,173.67921371014984,108.7879005249368,242.60151544233318,232.8680854729019,115.6073530099982,298.5479674273667,Optimal,176280.52251,0.9999999976428537,0.8265425777777778
571,Texas_plus_Georgia,1485.353126864057,185.1838702865467,267.3510860508142,184.98491151720097,103.85214033399822,209.68205259304537,190.58799506932854,113.31233093386994,230.3987400792531,Optimal,157030.83711,1.000000002111244,0.7357966777777779
572,Texas_plus_Georgia,1577.7120692854567,216.22277751424986,286.68052936761154,176.9998821154203,120.34457345671791,209.596038830379,195.20086190664406,126.75646232246218,245.91094377197192,Optimal,167349.50525000002,0.9999999941146064,0.7916659444444444
573,Texas_plus_Georgia,1468.6534396250906,181.36120994462235,273.392405412883,147.89081891821772,100.64321154143872,191.53872771476716,226.75656620908958,103.83903341203121,243.23146647204086,Optimal,153179.5945,1.0000000070642325,0.7181026111111111
574,Texas_plus_Georgia,1517.415380491861,225.99000960391638,224.63463892408728,165.374718305788,117.69998585466463,216.25724416138758,179.44124185246403,107.27635150880748,280.74119028074574,Optimal,161644.60629,0.9999999996758562,0.7409798777777777
575,Texas_plus_Georgia,1623.832016956728,257.57068462006504,239.6190724048445,162.2918977515607,104.24245196903883,259.2880578147215,193.58047280830607,101.04970134046178,306.18967824772966,Optimal,173644.06127,0.9999999957158574,0.8405309
576,Texas_plus_Georgia,1543.8661557655455,212.77616155032317,259.2673717883498,158.3396270986818,115.61972595786254,229.44403657501522,221.16427466387654,101.4494734712024,245.80548466023413,Optimal,163993.78407,0.9999999962655146,0.7794306333333333
577,Texas_plus_Georgia,1756.7838939801482,265.3587153277118,324.8380997800085,193.86139358238225,118.79696605502392,228.6485465236091,215.04589547099624,129.21326435410202,281.02101288631434,Optimal,184875.09111000004,1.000000003426632,0.909828188888889
578,Texas_plus_Georgia,1596.557589426918,170.1923530176501,271.0610558060496,182.90814943071408,130.04379628742876,257.85915731261804,194.74887563754615,125.195015027854,264.5491869070572,Optimal,172185.86705,1.0000000128859003,0.7767917444444444
579,Texas_plus_Georgia,1651.9515788730037,186.77107132920486,284.9612291827347,217.22530611302355,143.75292327550798,261.35890654580857,190.3197102528555,111.2940633045721,256.2683688692964,Optimal,176978.01204000003,1.0000000006822212,0.814545788888889
580,Texas_plus_Georgia,1483.440217975587,161.89038809233398,241.37441014382344,191.6549770431616,133.93458621350743,223.75004944322623,196.76792578535685,114.57318645106443,219.4946948031132,Optimal,159118.66172,1.0000000081057618,0.6966831666666667
581,Texas_plus_Georgia,1471.3805034212364,204.1104052304986,245.309401408283,161.34630239155382,113.95208796766663,172.92002015597916,211.63585880004223,96.46186251734945,265.6445649498635,Optimal,152480.75167400003,0.9999999997137136,0.6914887
582,Texas_plus_Georgia,1702.3227851102995,220.44113238039355,301.7804667507985,164.64742374985366,123.807933139146,239.5566857069783,236.35333474569728,108.00582521375136,307.7299834236809,Optimal,178878.63662999996,0.9999999969980432,0.8464203222222222
583,Texas_plus_Georgia,1772.5767953998125,210.8980130462634,324.855385089286,188.77759644780795,134.17130595270265,242.47773922226511,222.82713536640657,123.2964360841624,325.27318419091824,Optimal,186279.12055000002,1.0000000082367024,0.8647012666666667
584,Texas_plus_Georgia,1634.1891609782465,215.31822166475936,287.63568040075234,165.72665772046585,123.7990904371745,261.56960857082174,213.81818420827972,117.5468072936598,248.77491068233329,Optimal,175904.70781,0.9999999994013873,0.8494705666666666
585,Texas_plus_Georgia,1776.6341899914378,199.9892481942541,315.3696369601487,241.97923415250824,120.89989732956978,273.4076854315987,216.80940226741197,138.33956581763164,269.8395198383148,Optimal,189165.60529999997,1.00000000563344,0.876407311111111
586,Texas_plus_Georgia,1524.97684728961,184.5122410694174,264.8939764958108,147.4647470155883,127.03463118237958,225.39636206478357,187.28088086127448,126.7996143285764,261.5943942717796,Optimal,164095.53403,0.9999999952198553,0.7497806444444445
587,Texas_plus_Georgia,1674.2029225856436,216.41483816161406,328.6957021791576,189.86951475361505,104.98423887685057,235.72627252329306,219.28046716691765,116.51242684947253,262.7194620747232,Optimal,175757.61544,0.9999999984555972,0.8675964555555555
588,Texas_plus_Georgia,1446.6444518444378,159.525584417978,264.46121286135804,154.57295267424539,98.48062000123265,221.0107295915527,210.5704496774114,94.68482681543732,243.33807580522233,Optimal,152544.836476,0.9999999966512589,0.7166639111111112
589,Texas_plus_Georgia,1452.6785131925715,207.24660555852324,236.75037938055704,161.63105449533222,114.15322534413113,206.09974431551663,177.76564811678477,109.33541822174234,239.69643775998418,Optimal,155022.59952,1.0000000046861217,0.7223297
590,Texas_plus_Georgia,1586.06802495759,226.7270666489349,261.22479560159513,174.8408711264281,105.69179736155384,190.30056904139184,202.9780763280416,122.64230805825079,301.6625407913939,Optimal,165445.10960000003,1.0000000094840888,0.7536138222222222
591,Texas_plus_Georgia,2188.967908296961,264.6784398088276,370.8947806870853,217.08224929806738,182.26701620494913,334.47967361354506,300.1062175375883,160.76410538959402,358.69542575730435,Optimal,235972.985674,1.0000000071737183,1.0
592,Texas_plus_Georgia,1269.6008554175137,180.1766825660197,226.64555660828412,145.02605752249474,81.32884943030584,192.6825290562835,163.82526227323572,90.12526656016648,189.79065140072362,Optimal,135115.23710000003,1.0000000004587948,0.6661164111111111
593,Texas_plus_Georgia,1455.2786525431482,181.5577808061681,241.67370476952829,146.75025942225759,121.04860318206812,194.80877366984848,181.99502535782977,104.45364463457413,282.9908607008737,Optimal,153632.20718,0.9999999913809303,0.6867113888888889
594,Texas_plus_Georgia,1491.622726507561,186.1651172343999,222.61311243480415,187.22464842653142,109.95055168627366,214.09395091799095,195.1257292873961,126.34490211670064,250.1047144034643,Optimal,159173.63554000002,0.9999999956372609,0.6920802
595,Texas_plus_Georgia,1543.1585883935757,182.44371055333102,285.74780504846206,182.2468008380524,112.68108808348968,201.31027026077481,204.17549312258555,114.04944625195714,260.5039742349231,Optimal,161462.82219999997,1.0000000010409975,0.7438908777777778
596,Texas_plus_Georgia,1603.0408427194398,212.0644947218361,280.669234176124,171.36036718424117,108.91260812640309,189.3094230982276,214.70993187011473,111.13899228367329,314.87579125881985,Optimal,165650.2706,0.9999999920654301,0.7578257111111111
597,Texas_plus_Georgia,1295.2020875510752,174.38135101986066,242.56415793571384,142.11578735829949,99.96272539041739,195.97068099207644,180.7720252991274,93.05266195148357,166.38269760409645,Optimal,138564.35359599997,1.0000000072953286,0.6810179888888888
598,Texas_plus_Georgia,1643.231376402988,208.55787280431966,256.0497466671682,160.8537119584451,120.94250085516583,238.84434193545997,241.95075657240787,105.88683285210477,310.1456127579165,Optimal,173299.36312,0.9999999961034167,0.7816132888888889
599,Texas_plus_Georgia,1608.146323144407,195.3517446786635,287.73303211047823,199.19746704303253,108.21517185905792,266.88843905002506,205.67774778501152,100.81996425337975,244.26275636475853,Optimal,171431.05990999998,0.999999998044701,0.8333035666666666
600,Texas_plus_Georgia,1705.0408667184668,215.85840709142548,306.8936886643947,204.94218353847648,125.32186592067114,279.5588019247335,217.3969688521792,113.42705313429748,241.64189759228876,Optimal,182821.57441000003,1.000000001924607,0.8914565555555555
601,Texas_plus_Georgia,1615.964921209601,197.24861737957875,305.63111405680354,167.78403678408333,124.6370624733052,218.618422020767,240.55281106368056,102.07556232317881,259.41729510820375,Optimal,169004.21381000002,0.9999999992514682,0.801664611111111
602,Texas_plus_Georgia,1699.1637203339315,247.00910123480406,318.19292357003184,170.59403211412234,135.86000880183792,243.47447613396034,186.376557975078,115.2281029123474,282.42851759174965,Optimal,181052.93704000002,0.9999999998034731,0.8985294444444445
603,Texas_plus_Georgia,1522.8125022142294,215.59231381089134,266.1786386786536,188.47259181435288,96.25398134149555,177.88745688796618,197.94992429371234,105.46883288008769,275.0087625070699,Optimal,157056.226596,0.9999999926358437,0.7329537888888888
604,Texas_plus_Georgia,1763.063806364496,222.36538431810533,316.25027102477094,196.09870502258235,124.14667845449131,296.4684302937926,249.06220388551196,109.48130125778704,249.19083210745458,Optimal,188767.73436,0.9999999963900933,0.9278712
605,Texas_plus_Georgia,1681.161147131796,224.7092189710153,308.88375608542935,198.7107524862467,134.74323744192185,250.2393323036219,208.3903275635673,109.08877154032379,246.39575073966998,Optimal,178821.78006999998,1.000000001706085,0.8709247888888889
606,Texas_plus_Georgia,1465.5633688901837,208.46470240305462,223.90272038075875,163.55758596594706,114.62452400825462,233.70210225019332,174.442891790577,110.01808016193833,236.85076192946005,Optimal,158553.69134,0.9999999939339481,0.7400772444444444
607,Texas_plus_Georgia,1318.5541044374975,185.79060129763116,227.59583395401472,137.46747862576353,95.745135598618,193.95020231078385,171.66194880079306,85.13774567992151,221.2051581699717,Optimal,139767.353194,0.9999999981513861,0.6748184777777778
608,Texas_plus_Georgia,1695.6945733409368,227.84287398320708,275.7146501196905,168.53927635289065,122.47701666605504,265.6902981671018,199.08247917898092,123.47940929518728,312.8685695778236,Optimal,181973.7107,1.0000000039270416,0.8547198
609,Texas_plus_Georgia,1832.3723468318851,260.6079128347123,312.4895407797008,233.1171994177128,144.8932351537763,233.03119121566613,234.99316887127463,129.5782772905099,283.6618212685323,Optimal,192433.35678,1.0000000017289687,0.8956984888888889
610,Texas_plus_Georgia,1617.3609588667096,162.2275969381084,283.87027241379207,191.8866031134737,123.60615570625487,252.15069683747134,186.66285018253924,108.42007225592859,308.5367114191413,Optimal,171518.49704000002,1.0000000007007035,0.7758317444444444
611,Texas_plus_Georgia,1694.295809578396,212.0731881717438,240.40559023937186,198.34673691837975,113.98297737985455,255.2670833821636,251.58309785076742,109.74787637166105,312.88925926445415,Optimal,178626.15235000002,1.0000000061509942,0.7863842888888889
612,Texas_plus_Georgia,1427.3319674132263,232.61446846762368,243.22414942860468,169.16528932261036,90.82649093835656,162.91473445061342,164.88648589562032,91.62300901248607,272.0773398973113,Optimal,147264.452848,1.000000001812314,0.7097259444444444
613,Texas_plus_Georgia,1440.3027529196156,198.4748612121767,254.1164612544683,160.6173965600821,79.16471520949365,192.16549797811103,201.34841699996878,107.11535233729649,247.30005136801861,Optimal,150444.78481,1.0000000014444077,0.7163964666666668
614,Texas_plus_Georgia,1318.102589921856,179.7616643195566,242.76182048215145,150.29996308974378,102.98209363663457,183.71025102366076,145.22036869459757,92.47321623677033,220.89321243874082,Optimal,139685.480538,0.9999999894379574,0.6735930333333334
615,Texas_plus_Georgia,1862.5721264937297,248.7800093395026,307.12205836213354,194.836230547403,136.0001958636841,298.6861520824301,210.16927903420742,120.65322520299091,346.32497606137787,Optimal,199350.96349999998,1.000000007251408,0.9495424666666666
616,Texas_plus_Georgia,1744.3985673662787,205.8107924988913,321.8261243446982,201.98221998310382,108.71555496095213,245.58171096598787,214.88082355333435,140.93279170045918,304.668549358852,Optimal,184039.06141,0.9999999900445466,0.8591318
617,Texas_plus_Georgia,1611.7889802329437,217.97924572099993,302.127260562165,166.39629722451556,103.32117434639116,248.48059350995396,223.86477649098416,114.77054654713349,234.8490858308005,Optimal,171678.83464999998,1.0000000060597611,0.8539856666666666
618,Texas_plus_Georgia,1412.8586426116217,193.97355344595698,248.21913222004048,153.2424284517947,93.0609566215657,209.75683446941326,181.0648835846244,100.5061970247646,233.03465679346166,Optimal,149972.041162,0.999999996028179,0.7243883444444444
619,Texas_plus_Georgia,1623.8122858907398,214.00828223624663,260.5495006949772,218.37851362821507,108.97077912604806,235.03542518262995,178.14317852480607,104.5913267963055,304.13527970151125,Optimal,170696.80368000004,1.0000000025306253,0.7884369
620,Texas_plus_Georgia,1644.7912811636472,225.16325884207285,274.7294215046001,202.9457563879382,110.86104793574334,272.52306189018344,169.43421210369544,117.80979535553467,271.32472714387916,Optimal,177212.14849,1.0000000053723248,0.8582397111111112
621,Texas_plus_Georgia,1839.3158377277648,228.69934847132612,351.9981577608118,239.60394512815847,135.62524901928285,220.03106605399822,216.33348427024973,123.2855162778295,323.73907074610815,Optimal,190111.51931,1.000000006672174,0.8896984222222222
622,Texas_plus_Georgia,1687.713078564358,186.3679276560513,306.99241109064104,170.95993593222812,114.14928031412654,242.68970078014792,210.1254070015724,138.34926763378533,318.0791481558054,Optimal,178910.61138,1.0000000067758212,0.8178333777777778
623,Texas_plus_Georgia,1466.9746195939838,160.49179385598842,268.6677677751728,161.47663775268876,106.25745661202846,200.07333996549718,203.13493899902474,107.79093859013663,259.0817460434468,Optimal,153829.21414000003,1.0000000070935218,0.6991476666666666
624,Texas_plus_Georgia,1434.3765519089866,203.52525214566197,217.39320873874718,166.19938447953314,99.85474348832541,196.9080673796398,174.40295789552135,87.05150264527278,289.0414351362849,Optimal,150086.242112,1.0000000028521197,0.6864739222222223
625,Texas_plus_Georgia,1611.7138073491026,197.10084727522658,281.250437289019,198.37819411213925,127.40057493349211,213.50092865647508,204.4325509542947,101.81116443971477,287.839109688741,Optimal,168248.92461000005,0.9999999954401938,0.7687246888888889
626,Texas_plus_Georgia,1693.6455911867495,224.91751161394828,297.44688775494643,197.3956851283985,120.38000424049716,230.18589849530895,181.37279465550554,117.91267259704543,324.03413670109916,Optimal,178048.21140999996,0.999999999299293,0.836167
627,Texas_plus_Georgia,1490.0239671651102,183.38562544499976,278.3323980388505,206.22669937187536,98.2422877146646,171.24611780489172,184.53620721883496,110.11359112842058,257.94104044257284,Optimal,153395.761608,1.0000000072716209,0.7032935
628,Texas_plus_Georgia,1531.362718825726,189.88559158936832,249.5561068062063,163.39782317934612,114.99636796910526,234.93243440477153,170.4012634489854,129.94263277278512,278.2504986551579,Optimal,165107.71405,0.9999999942366847,0.749304588888889
629,Texas_plus_Georgia,1694.2550777265942,210.5722327259632,296.2720989512512,172.08216991648638,140.98719587710931,277.2629064626319,211.48674492992566,105.4730360609633,280.1186928022632,Optimal,182015.37807,1.0000000013418322,0.8712302666666667
630,Texas_plus_Georgia,1698.0825658388803,209.0279852811358,267.7266646263777,196.39967831631944,110.68399795664024,276.0918715149962,238.98479417408743,129.0810642422065,270.08650972711706,Optimal,182071.79794999998,0.9999999965614861,0.8364961333333333
631,Texas_plus_Georgia,1681.731801453694,233.77062499830217,226.28002223254754,189.84193005223597,133.78561349859578,278.6383343452181,190.25153660452418,119.49067833263764,309.67306138963266,Optimal,182265.20312000002,0.9999999931893455,0.8207655222222223
632,Texas_plus_Georgia,1769.0009692880312,192.3539151606762,252.15075685677877,208.710672699091,135.00982263639492,253.71362822391438,223.74715675527904,145.95797804548366,357.35703891041317,Optimal,188009.53228,1.0000000060553775,0.7757981222222222
633,Texas_plus_Georgia,1481.9330920080708,196.22651255927332,229.4062103535029,204.23396157714376,93.25048311949942,192.83816594061568,176.71155399940395,96.62770918228645,292.63849527634534,Optimal,153588.23514,0.999999999994554,0.6871898777777777
634,Texas_plus_Georgia,2034.0313390802783,265.3239515974042,333.2723254888105,246.97202704170422,131.15693144393563,328.3300762944266,257.5562186569627,149.77770693490197,321.6421016221325,Optimal,218375.20680800002,1.0000000019270705,1.0
635,Texas_plus_Georgia,1493.393644333413,170.76942097519824,268.22613837951025,195.10126815762408,92.69697429104414,201.67423763088553,191.45659630118024,108.15045992016277,265.3185486778078,Optimal,155533.81431400002,1.0000000064728995,0.7118553333333334
636,Texas_plus_Georgia,1589.5537136093017,209.89028988541875,271.060630030027,153.27539752817324,116.95567334645159,255.67683927050172,209.3522281668384,94.92417164716343,278.4184837347276,Optimal,169554.184246,0.9999999989875764,0.8184752888888889
637,Texas_plus_Georgia,1701.2633626904524,194.67441390358735,288.7480470935675,217.04705370606405,140.35929352997252,241.83711318805558,226.10478979011054,117.4432807012506,275.04937077784433,Optimal,179675.20897999997,0.9999999925405714,0.8058439666666666
638,Texas_plus_Georgia,1904.976929657148,259.1649702638068,333.8197308698495,198.49847084226803,151.43524653186756,290.2161416586679,206.861843120718,145.8080787096355,319.1724476603347,Optimal,205160.1122,1.000000000179977,0.9813342666666667
639,Texas_plus_Georgia,1609.8233320703428,172.2350078063163,242.72613804726402,206.79653885591733,108.4274125993597,253.95877953749417,184.53711692374512,101.01362384942149,340.1287144508247,Optimal,169779.86336999998,0.9999999987139316,0.7432443666666667
640,Texas_plus_Georgia,1722.2107633845949,221.58863368250385,306.03875181348815,185.86415930686462,129.21428656090293,280.6089778362798,215.31699543001233,130.90017103758956,252.67878771695354,Optimal,186117.85138,1.0000000038412287,0.8980404
641,Texas_plus_Georgia,1909.8398359636737,271.3284620045971,326.21406535595077,210.95523402371225,156.99055017611067,259.2403122298745,254.6390727136994,132.11816683482618,298.3539726249028,Optimal,202218.11573999998,0.9999999968773958,0.9519809333333334
642,Texas_plus_Georgia,1753.4050688139343,218.19325956343513,317.5716784605882,195.21221610648186,124.632405190583,248.3546348479486,212.96247412083386,135.93091966826373,300.5474808558,Optimal,185865.53974,1.0000000006764356,0.8712439666666667
643,Texas_plus_Georgia,1765.4976526631956,240.72981669836142,336.60269741581476,189.05872759774377,132.6318152132815,243.937814587648,222.90713044965577,115.55690490599677,284.0727457946936,Optimal,185979.42683,1.000000004155658,0.9125225888888889
644,Texas_plus_Georgia,1714.1240979393635,210.93178326591425,270.55327293769216,211.1948947949444,125.66623538690341,214.700153588239,220.58999896919653,135.74386258657165,324.7438964099021,Optimal,179405.40491,0.999999995368268,0.7735391111111111
645,Texas_plus_Georgia,1521.0016584147625,173.80451824219892,249.6672624269687,197.4781265879839,116.23219194617647,171.5704816015234,211.63815495832048,86.43849241050725,314.1724302410833,Optimal,154746.05136600003,0.9999999957825407,0.6611580666666667
646,Texas_plus_Georgia,1791.5443353103108,214.38995203087254,300.55532304299544,211.7853912580051,117.93417234971945,259.5549059338625,220.14807650767733,120.83033578473345,346.346178402445,Optimal,188156.95234000002,1.0000000026176796,0.8605557555555555
647,Texas_plus_Georgia,1293.6185339339995,167.92980095242692,193.87553412177436,145.8893960731251,86.50868776940524,239.5664376386196,158.76418736661958,91.59322526886983,209.49126474315884,Optimal,141152.153708,0.9999999992779945,0.6681908555555556
648,Texas_plus_Georgia,1800.1828916903257,212.86194103218736,279.7346419610822,240.06612137087217,134.55396917758762,255.67715520040633,285.11610138952244,116.81264792200685,275.3603136366607,Optimal,188704.83216999998,0.9999999990610255,0.8314152666666667
649,Texas_plus_Georgia,1481.834680571171,213.5102429506666,237.2630421249282,189.54220361723668,98.75493499327852,175.43420319806683,174.72397703890294,108.23418731284397,284.3718893352473,Optimal,153824.35775,0.999999996240356,0.6957860888888889
650,Texas_plus_Georgia,1815.6650301590862,242.13471687046885,333.2668345026035,159.27422306891248,133.1309019687373,260.3605379431262,226.32127003070025,121.32540964864704,339.8511361258906,Optimal,192113.32666999998,0.9999999999123811,0.9286245444444445
651,Texas_plus_Georgia,1818.039976861375,279.52822471224505,300.3206535314988,188.52977127832904,154.06624143206983,247.14208170642578,218.01939861774912,111.0674384311494,319.36616715190803,Optimal,192339.63079999998,0.9999999962259495,0.9188788333333333
652,Texas_plus_Georgia,1793.243464098215,236.90227226909826,296.86640313809437,204.36710953380523,127.85940799427404,254.7003352508713,244.96908732089662,131.72932504172456,295.8495235494507,Optimal,189820.42788000003,1.0000000032911232,0.8760766777777778
653,Texas_plus_Georgia,1561.1910486590757,210.45917707449885,244.4385612526919,170.11016799634265,100.44277675145952,267.10701866241544,176.24571022259394,115.3073920681419,277.08024463093153,Optimal,168889.79471999998,1.000000000858911,0.8022275111111111
654,Texas_plus_Georgia,1716.8417905174906,222.82334186583424,300.7899099136279,194.97579654106318,94.70352267076225,230.275822137465,256.40121230256966,114.54058192154625,302.3316031646221,Optimal,178000.22655800002,0.9999999956213259,0.8376545222222223
655,Texas_plus_Georgia,1939.6212042908035,242.17492111547392,338.22005340137434,231.247512824014,121.37010404710671,271.7850793725963,231.2761451511076,156.50382194431126,347.0435664348194,Optimal,204845.86573999998,0.9999999977878136,0.9468667222222221
656,Texas_plus_Georgia,1331.6801153063857,179.5549451406803,243.3155147305466,141.95568380502897,101.12449113521542,195.11033187812498,151.1133625014971,94.61400654651548,224.89177956877694,Optimal,141859.309056,0.9999999937624767,0.6866453222222222
657,Texas_plus_Georgia,1479.2936666182154,170.12660092166095,261.8254896400447,211.04968466549244,104.34371567771747,213.91855373021102,169.65394876987477,102.05007538181164,246.32559783140243,Optimal,155583.32081,1.0000000022860809,0.7176340444444445
658,Texas_plus_Georgia,1569.3003350513952,184.83514355107363,261.8735447177667,165.83057203943582,124.13931892689853,269.1839560816102,182.89495925512,105.73100076724049,274.8118397122498,Optimal,169637.73898000002,0.9999999967811165,0.7954362666666667
659,Texas_plus_Georgia,1709.6367379640185,201.2763176199378,273.5886069193852,204.7736591260167,102.45338977501562,301.2357699451638,223.89383571578205,117.07679127141658,285.3383675913008,Optimal,183624.02606000003,1.0000000070400812,0.862334111111111
660,Texas_plus_Georgia,1493.9640256683565,220.44111313083525,243.39161755770908,156.66159687431573,121.9114830599838,226.76965013940642,180.53716648997982,106.82776232777371,237.42363608835265,Optimal,160784.68859999996,1.0000000028994296,0.7673359777777778
661,Texas_plus_Georgia,1606.31679025673,193.33059004733244,271.48933789714215,196.01740207140998,133.8158716184673,176.72605040797686,249.3184568950044,121.64979052853316,263.9692907908636,Optimal,166248.59525,0.9999999998401746,0.7128288666666667
662,Texas_plus_Georgia,1495.2827588218518,162.86238568475073,294.95958880457147,156.4087567356106,116.40933793009151,209.26509737172265,166.85771193404386,113.72338639097394,274.79649397008706,Optimal,158187.76958000002,1.0000000074756081,0.7412078666666667
663,Texas_plus_Georgia,1494.982873736842,203.38047264886043,298.08016678218615,174.23779814332377,108.2552192956714,192.6970567976985,168.20815407346223,99.55826153352788,250.56574446211164,Optimal,156189.899706,0.9999999988382194,0.7712863333333333
664,Texas_plus_Georgia,1616.161305118213,201.1406231826213,350.98727247786144,193.1030848114498,103.38670568050716,202.18762584729723,172.4378848403795,103.04362914707858,289.8744791310179,Optimal,166769.95990999998,0.999999996833105,0.8381283555555556
665,Texas_plus_Georgia,1506.6935159719546,185.84424164302033,281.6990179325746,187.0419359245034,114.84088742188975,221.01534228018122,198.4465303321324,96.98408960704327,220.82147083060966,Optimal,159105.17681,1.000000002673434,0.7650651111111112
666,Texas_plus_Georgia,1392.4216784488733,174.72424711562226,232.2616205967038,165.1695697857309,100.1716892511847,184.37598117982668,187.1270874842744,108.62377183497206,239.96771120055845,Optimal,146495.18845000002,1.0000000011139776,0.6570687222222222
667,Texas_plus_Georgia,1724.4909669548317,229.56160073143923,308.3552226432494,190.46882241572325,128.79041133655855,264.60418779523377,183.40589858662634,137.50610800393304,281.7987154420681,Optimal,185688.08796,1.0000000017658361,0.891690011111111
668,Texas_plus_Georgia,1590.9838662357533,173.66822131291877,279.2336443019706,164.03777299115194,119.7197553405562,247.46943277881255,227.80226225620135,121.76132068181622,257.2914565723256,Optimal,170103.65509999997,0.9999999960805678,0.7781903222222222
669,Texas_plus_Georgia,1758.0914738140204,204.0702583375035,300.9796711711436,192.0077482078182,122.11358526281315,225.4374465602859,260.22644019710776,139.7446317301496,313.51169234719873,Optimal,183866.19027999998,1.0000000035185765,0.8116526444444445
670,Texas_plus_Georgia,1559.9246236899974,183.5134811229547,266.38948817572134,163.97264124702178,113.19818470807306,233.46184541171112,197.07238610284662,116.7924620729873,285.5241348486814,Optimal,165960.55706000002,0.9999999976345028,0.7592942444444445
671,Texas_plus_Georgia,1681.5306020182918,270.60539378117693,256.74913890706745,174.5165599983461,109.26215061139672,241.9588167448084,189.37690302180675,117.02138635887354,322.04025259481585,Optimal,178653.59152999998,0.9999999987997295,0.8547926111111112
672,Texas_plus_Georgia,1765.9700690721786,259.7185069676151,320.11822396060825,216.84053919681273,116.15906348606747,236.32281646772253,240.69511761509273,133.4485943529964,242.66720702526337,Optimal,186114.29889,1.000000000525389,0.9068439444444444
673,Texas_plus_Georgia,1438.0301980451509,161.75368657166013,218.2289901857176,180.87647750357607,118.70784578708489,204.8368391077411,184.55199746803729,120.33361899526481,248.74074242606892,Optimal,153441.64179,1.0000000083133505,0.6497994666666667
674,Texas_plus_Georgia,1694.3925162617015,224.95349108341298,299.9864466621748,220.46744157183065,129.47285472876158,242.86847090267338,208.36870124534707,123.57414433638586,244.70096573111525,Optimal,179957.83956,0.9999999963044565,0.8531204555555555
675,Texas_plus_Georgia,1652.042453688511,217.32649881652137,295.46562045325885,169.92115561215897,124.94541788590853,242.85392915816132,214.4530257804262,123.72031743573429,263.3564885463413,Optimal,176307.97657000003,1.0000000098735289,0.8396067222222223
676,Texas_plus_Georgia,1438.3837317950263,185.39556277178477,189.53789935221562,167.13501799452024,121.03138869656435,204.28662036618516,192.953843348934,115.82344971671486,262.21994954810725,Optimal,153827.36946999998,0.9999999987520533,0.6435778666666667
677,Texas_plus_Georgia,2018.6042414293927,235.87611674595982,331.61714255630034,240.07957512032405,121.64936043638481,285.75578286519624,259.0692473829674,162.78421088139947,381.7728054408605,Optimal,212647.07995000004,1.0000000042458086,0.9480544888888889
678,Texas_plus_Georgia,1768.4975074166455,237.22779321933407,296.83159921652083,202.50824660860565,132.62234739807303,272.02040645189237,205.91015381125374,128.575592500287,292.80136821067873,Optimal,189477.16549,1.0000000014607624,0.8956442222222222
679,Texas_plus_Georgia,1611.0141979275438,236.2080877540912,273.66159853119933,170.59493324436716,106.73906275051843,220.81308120528413,223.68189871979564,114.99795536580989,264.317580356478,Optimal,169829.30066,1.0000000012864296,0.8118697444444445
680,Texas_plus_Georgia,1891.7484093677826,224.97548651108144,316.63041210801026,245.06270157917947,148.46288694509454,254.63766794717714,229.03761523970246,137.4933665310472,335.44827250649024,Optimal,198932.72043999998,1.0000000056203124,0.8847150777777778
681,Texas_plus_Georgia,1573.046647697387,174.93261232967447,287.4015098226681,179.76121469714778,116.7617807099406,231.957426085289,184.39147485245468,104.38769235712748,293.45293684308496,Optimal,165902.82731000002,0.9999999951067012,0.7714350555555555
682,Texas_plus_Georgia,1597.9836139183396,186.49586784105438,261.57161815792097,186.5212228813358,106.45847919872885,266.5769647928788,218.72129675973497,96.5204293353316,275.11773495135424,Optimal,169885.919012,0.9999999969221588,0.7940493888888889
683,Texas_plus_Georgia,1925.2708434024269,333.3654803037617,304.9705544941264,213.64185269977378,116.30194927714851,281.63080948336597,251.51312603479207,137.0225501565608,286.8245209528977,Optimal,205543.62639400002,1.000000000310384,1.0
684,Texas_plus_Georgia,1763.4909566707963,266.0439762226325,338.4571541109225,204.23810283087926,122.48449529963342,269.35696781127484,218.4892119057205,95.59791852093673,248.8231299687965,Optimal,186557.95496200002,1.0000000013207915,0.9709534444444443
685,Texas_plus_Georgia,1805.8575345364386,268.42420750299897,309.414982148447,192.85427480762553,126.68788100781671,229.58971960422096,229.09753793050461,155.47014601768964,294.3187855171352,Optimal,191402.52099,1.0000000030254665,0.8971432333333335
686,Texas_plus_Georgia,1492.5185622604351,165.48587389041123,257.63202335260354,153.01036561922382,112.22821404742557,203.93063193277212,223.9471256035891,111.56688855919485,264.7174392552149,Optimal,156945.65954000005,0.9999999984854894,0.6967205777777778
687,Texas_plus_Georgia,1338.2327587512011,178.47472276424756,244.7156811518601,163.78270495421998,102.49263914938801,200.2674581298347,158.42249860024575,77.7555025108064,212.32155149059867,Optimal,141458.458744,0.9999999957023911,0.6927309555555555
688,Texas_plus_Georgia,1777.313156029555,245.70848963457337,339.0105704941129,208.33371322101183,128.89895667478402,252.44681043068923,191.1941059041085,128.2707104912984,283.4497991789767,Optimal,188588.42539,1.0000000022339592,0.9301843000000001
689,Texas_plus_Georgia,1442.5391834176949,174.68468567040532,255.38494065419388,187.8308193925714,116.04732458549962,194.43353701310642,197.55838280974112,106.3338675150913,210.26562577708575,Optimal,152027.13023,1.000000004562999,0.6938924111111111
690,Texas_plus_Georgia,1777.0529025263352,211.03732003658516,318.12675480256894,184.90386517444338,135.19806304709098,283.42072062463814,231.1067419193681,132.06029024274747,281.19914667889293,Optimal,190919.84474000003,0.9999999985783568,0.9028719888888889
691,Texas_plus_Georgia,1530.8885815397775,177.52725608958644,294.11463220014406,198.7144284105354,105.13514518680365,221.44350426408806,185.73929698923038,96.76907141282264,251.4452469865669,Optimal,160331.887318,1.0000000061795629,0.7700948777777777
692,Texas_plus_Georgia,1306.6230667854654,149.74728460279582,249.70430791827926,146.29822100437937,100.58742666361698,154.8681720533751,183.43631993495484,94.25460384956101,227.7267307585031,Optimal,135360.69725199998,0.999999997868195,0.6159108444444444
693,Texas_plus_Georgia,1752.3488592565184,220.86205452295485,307.1587069360385,199.8031484375565,130.33436418434678,229.51646675606452,223.31976085266598,121.34757987986094,320.0067776870302,Optimal,183328.96175000002,1.0000000004242773,0.8417080333333333
694,Texas_plus_Georgia,1477.2621690377014,208.5972884708889,271.9433845003869,162.25754009070283,115.57735553192994,206.54383459027125,181.4664181388362,99.20852749917964,231.66782021550577,Optimal,156443.686746,0.9999999986206232,0.7634272222222221
695,Texas_plus_Georgia,1580.4082041718502,207.30651533481372,273.3711479136731,204.68547635820676,128.2813969658745,237.50343578526957,174.21857430312386,123.29416810738788,231.74748940350077,Optimal,169822.92842000004,1.0000000100152289,0.7979790111111111
696,Texas_plus_Georgia,1409.068300454875,184.449709005539,291.37555715288215,129.99583675591992,89.34816377787983,193.88795061459723,200.8546772208299,88.45213999264709,230.7042659345799,Optimal,147038.098934,1.0000000096128236,0.7441258
697,Texas_plus_Georgia,1748.1061898137498,252.69498932044948,290.29300108257354,227.60228330012754,129.63607208407902,234.78635149327775,215.43336692323376,120.71693256839858,276.9431930416101,Optimal,184067.23971,0.9999999943860677,0.8641937111111111
698,Texas_plus_Georgia,1671.4920643246091,237.36534407338257,247.71066761197613,203.86475342985517,107.3791893245913,236.6792056699907,221.17532737956006,131.92043448067372,285.39714235457944,Optimal,177267.11247000002,0.9999999974127253,0.8019502444444444
699,Texas_plus_Georgia,1790.4218400629657,247.28088599659782,329.24518787975796,207.49945334407153,125.82051288138312,245.617346067736,247.5273004145667,125.6548203419453,261.7763331369073,Optimal,188543.42293999996,0.9999999999648319,0.9134926999999999
700,Texas_plus_Georgia,1612.6498832230025,215.81457643204024,240.26629624343087,173.7758853432995,136.54102824290538,205.4072047689908,217.96289387628286,118.73052183537622,304.1514764806766,Optimal,169931.83232,1.0000000042023984,0.7349867555555555
701,Texas_plus_Georgia,1495.4701686656394,175.44390773339555,254.17118393291528,158.27388902764568,122.98281165677805,214.5499561301825,206.50152216727318,95.35436497221535,268.1925330452339,Optimal,157739.72446,0.9999999975488381,0.7157389444444444
702,Texas_plus_Georgia,1966.5775223616656,261.4354126714338,313.3326595471633,261.8473750844893,139.27436123613302,256.77349329209136,234.84256129038613,129.76298915723163,369.308670082737,Optimal,204955.56959,0.9999999987990985,0.9239350666666666
703,Texas_plus_Georgia,1469.7601468075723,172.5751781723314,241.82328527356213,174.60523055217172,114.31449942753692,236.60033744193888,182.09137364406604,115.76595136759809,231.98429092836707,Optimal,158559.95356,1.000000002172074,0.723332011111111
704,Texas_plus_Georgia,1841.2540662130264,258.73484855948175,332.96665350609516,184.41428001241246,148.92030544694254,257.8466621895379,228.75516381688337,124.45110328753657,305.16504939413676,Optimal,195391.0274,0.9999999966256551,0.9439424000000001
705,Texas_plus_Georgia,1714.9471958194872,224.70839133506593,288.57488109408047,230.81434077694865,105.5744801002534,246.17505736791276,188.5275075672436,126.55194581627246,304.0205917617099,Optimal,180803.67203,1.0000000024376918,0.843842588888889
706,Texas_plus_Georgia,1704.9473166359203,218.52626726999662,293.66369487789393,193.8160531562325,100.49458495453479,251.9928967330057,247.44113332443487,129.13787537086765,269.8748109489542,Optimal,180271.0661,0.9999999961078443,0.8490920666666667
707,Texas_plus_Georgia,1964.8724942408444,255.70927604898395,373.9936547091096,237.41512108510685,160.10205475124232,236.38480128659023,230.45207038585562,146.051570952133,324.76394502182285,Optimal,205545.43898000004,0.9999999978416695,0.9623197
708,Texas_plus_Georgia,1493.3918990022776,229.69436787793109,249.12012419271207,181.18310782900278,114.00368206217136,214.66800336055417,156.80451895450435,91.14290540961456,256.7751893157872,Optimal,158252.72469999996,0.9999999973200083,0.7705361
709,Texas_plus_Georgia,2004.379995446283,237.65323785930505,339.7296396477277,279.4525353501183,142.43198910781663,298.6042857698156,263.48431470973674,130.48713074080558,312.5368622609574,Optimal,211123.00282000002,1.0000000022718831,0.9733190777777778
710,Texas_plus_Georgia,1571.37804954705,194.75128954003085,241.48216115827572,164.8926907340637,111.12911957441993,244.15125616808797,246.77136384924444,100.84160193424367,267.35856658868386,Optimal,166576.15808999998,1.00000000028825,0.7559830111111111
711,Texas_plus_Georgia,1448.128589113605,174.61614562224784,208.54201073376566,196.24514786742543,98.89863281433568,227.19650608523204,167.17287043071025,81.63054780806416,293.82672775182374,Optimal,152438.465772,1.0000000082081073,0.6781718555555555
712,Texas_plus_Georgia,1372.2210254198883,157.24098558720473,262.20113096502024,156.38494712895508,95.08489200925368,221.40852948382033,169.50838508914674,104.94776913452671,205.4443860219608,Optimal,147202.552932,1.0000000120826829,0.7120562777777778
713,Texas_plus_Georgia,1825.0745737818806,223.59084194524476,320.8596426351494,195.5525840894788,121.06396380839045,255.39999465687424,259.0931370458967,128.14687172203577,321.36753787881054,Optimal,191500.29492,0.9999999924485932,0.8887227444444444
714,Texas_plus_Georgia,1508.2735981896344,223.1705570326491,225.14172429255981,146.95237811240878,125.11017126203724,174.99907915335422,232.21005831122565,108.44574843403758,272.24388159136214,Optimal,157670.96013999998,1.0000000012002899,0.6925681777777777
715,Texas_plus_Georgia,1698.3176887967688,198.20048959533554,297.23059873169495,230.6719521295198,132.8547840683876,219.02161406407566,239.61401202475807,104.58925046187991,276.1349877211174,Optimal,176052.66994999998,0.9999999948203043,0.7938363333333334
716,Texas_plus_Georgia,1556.7259351189566,235.49055482080658,241.40288016773002,205.3234841316879,110.86263379175021,196.13669264312145,229.76461258408114,110.81636002078538,226.92871695899396,Optimal,162914.1353,0.999999990287978,0.7478112444444445
717,Texas_plus_Georgia,1669.2013370107484,187.4930009626095,284.94080484728397,176.26017559394282,113.69620358164606,274.96676000922474,236.48574131806654,106.03903986253817,289.3196108354365,Optimal,177587.14741,0.9999999957999386,0.8304450666666667
718,Texas_plus_Georgia,1621.770502940083,236.3190614070246,288.09163180195804,162.51185743732987,100.74991809977311,245.0076291285531,222.7152250015873,107.9508141471949,258.42436591666194,Optimal,172008.62598,1.000000004353216,0.8549092444444444
719,Texas_plus_Georgia,1601.57457345159,221.99014704274015,221.0425669875422,186.56050390507446,130.09172982279057,206.56729760628195,235.27320202776394,105.75340905739023,294.2957170020063,Optimal,167794.15089000002,1.000000004088733,0.7217777999999999
720,Texas_plus_Georgia,1477.5662649860126,160.2306238435585,256.6972015961557,165.6893311327944,121.81573557150296,227.3854667943443,160.6612297608027,108.10857550887535,276.9781007779787,Optimal,158018.82091999997,1.0000000033934096,0.7159036555555556
721,Texas_plus_Georgia,1883.9009758017091,268.70673304816466,361.61580756955027,184.77535145393452,128.8463734540924,315.15844882109803,253.5078942067523,115.90228419976425,255.38808304835266,Optimal,203138.359364,0.9999999910814267,1.0
722,Texas_plus_Georgia,1370.442939790452,187.29664665847443,231.36877455986942,153.0826289876757,91.95803830794466,178.82625914540108,186.55916708611772,97.17843545757029,244.17298958739872,Optimal,143298.851018,1.0000000023419786,0.6638796444444444
723,Texas_plus_Georgia,1443.4389228420189,208.0906818009102,261.00911735926104,172.133510832631,78.63776173820479,211.32654909120052,150.75156420910253,100.89893383203807,260.5908039786707,Optimal,152225.80061199996,0.999999992488758,0.7560292777777777
724,Texas_plus_Georgia,1814.7614756243565,245.30614183301316,366.07566165859686,206.1536172825248,116.90400427667957,240.43759093416588,228.5644793588706,137.82341914700805,273.4965611334975,Optimal,190594.8283,0.9999999969007737,0.9464659888888889
725,Texas_plus_Georgia,1661.123583893196,221.80309484832327,283.141508020744,180.01976958706695,117.83834962131523,254.71429687230753,218.06158363223093,133.20682449557677,252.33815681563127,Optimal,178449.87133000002,0.9999999976562876,0.8440654444444444
726,Texas_plus_Georgia,1372.0478937506712,159.50082974430126,263.5786576624494,155.09692398617867,98.66188895012428,208.57234211660807,188.92786078379973,93.18253984892813,204.52685065828163,Optimal,145374.543614,0.9999999965375325,0.7018353666666667
727,Texas_plus_Georgia,1589.2504661528308,169.6961920347061,261.8681939357547,162.78575334908413,113.0499015903799,224.0433867127086,190.65636628569885,117.04455268872299,350.1061195557755,Optimal,167170.87269000002,0.99999999612847,0.7284530777777779
728,Texas_plus_Georgia,1322.9507422244078,217.2159416126946,206.15414393819097,132.28941875235083,85.99657444182958,203.76535377264247,174.12926043902044,88.98176035400697,214.41828891367197,Optimal,141561.305774,0.999999993783285,0.6968171444444445
729,Texas_plus_Georgia,1474.0144322893113,201.52454378667755,287.12851654593345,164.58789350602945,98.59667489547537,203.2628894314059,150.80673918567425,104.95558265175113,263.1515922863642,Optimal,155323.49659,0.9999999950547898,0.7687955
730,Texas_plus_Georgia,1563.5229305105158,187.79048110249482,294.59474926185277,181.15520027098052,114.06591211223862,230.78046101879076,200.36213902016857,125.13198198434496,229.6420057396449,Optimal,166784.71490000002,0.9999999996734836,0.7924063222222223
731,Texas_plus_Georgia,1566.861812137176,162.59786251359748,261.18588899297276,221.88203402696303,99.8179081642703,203.2905038707842,202.77861912028172,123.73457615898289,291.57441928932354,Optimal,162814.39553799998,0.9999999973595782,0.6967491666666666
732,Texas_plus_Georgia,1547.1277692863544,230.00568213395093,257.29675878153745,193.33222133892482,126.45715055131113,195.46908120925335,167.1440832559712,113.76617784170641,263.6566141736991,Optimal,163294.95117000001,0.9999999939976811,0.7586350222222222
733,Texas_plus_Georgia,1612.905856210611,211.22835792305503,271.4471513485015,213.68176384252965,84.54452649393454,259.45244235785793,211.03496378855638,112.79794950589829,248.71870095027768,Optimal,171097.67322599998,0.9999999936694314,0.8245866111111112
734,Texas_plus_Georgia,1793.331867943444,206.41809564586146,312.45408174484237,230.88554359264913,109.1437251122714,265.8471964899679,239.13568235589224,134.40370075058328,295.0438422513761,Optimal,189066.94003999996,1.0000000011467796,0.8719104222222223
735,Texas_plus_Georgia,1720.5109627040647,241.08114205441197,281.15746609918125,237.89576426869996,107.75342441321973,225.60198500586935,245.06712433424244,118.13387534374426,263.8201811846957,Optimal,179158.33331000002,0.9999999984283363,0.830934
736,Texas_plus_Georgia,1556.73686550536,228.04081238027757,282.9111189714792,158.80015531882816,90.28320870808818,252.8126790486609,200.8634053845599,104.37761866602645,238.6478670274395,Optimal,166419.376674,1.0000000086685426,0.8486273444444444
737,Texas_plus_Georgia,1321.8272832626992,145.96130368599194,228.87889925622747,140.9386951323576,109.09740242466347,202.90497493685325,157.0018902090333,84.34951396918127,252.69460364839094,Optimal,140439.024892,0.999999992992504,0.6419390777777777
738,Texas_plus_Georgia,1509.5006548494223,257.17864388075543,265.79919120474784,153.10600734330063,89.43888151508624,203.81695299781572,228.13829710743735,107.00898453483214,205.01369626544695,Optimal,159185.934142,0.9999999981123411,0.8075497555555555
739,Texas_plus_Georgia,1583.6880676568117,187.01667755257313,294.3818564046686,178.6958981994846,105.36424047492302,220.49266719879466,240.47989983131296,118.90535095389833,238.35147704115624,Optimal,166435.6368,1.0000000077939517,0.7798791222222222
740,Texas_plus_Georgia,1789.5801512436685,245.75365428212655,369.35713093396043,200.74657347233182,118.03947325225232,252.7146891188063,209.22425501634189,123.77182167404166,269.97255349380754,Optimal,188707.42754,0.9999999937171472,0.9642505222222222
741,Texas_plus_Georgia,1644.5681903260022,177.57171002970472,298.0139681178781,197.77601689965212,96.75597826981354,245.9518831709308,194.2254341745496,131.44076696561464,302.83243269785874,Optimal,173869.26258799998,0.9999999985856455,0.8017084
742,Texas_plus_Georgia,1705.6344108175163,242.38622542766578,274.4554183245593,164.99663324661142,128.66294112695567,223.5212646301589,232.8513848754124,109.37766392269923,329.3828792634537,Optimal,178671.07929999998,0.9999999936577756,0.8226254555555557
743,Texas_plus_Georgia,1632.0124859607463,189.87318913602593,261.26033892303076,200.1188125108859,130.97832176272897,245.34143308683915,201.32226322787682,121.83964754131708,281.27847977204175,Optimal,174167.71192000003,0.9999999963476096,0.7738610666666667
744,Texas_plus_Georgia,1445.3561053574374,168.7460274334714,260.1055343467913,159.1094013994175,106.55669522673858,176.48643087072824,211.2183926290576,102.034754266104,261.0988691851287,Optimal,149792.60945999998,0.9999999962933445,0.6725977666666667
745,Texas_plus_Georgia,1935.5769064114047,278.13120756277533,339.2055522135204,191.10713523483943,131.12176591053912,272.62465359626566,244.60943899015282,134.1547801589878,344.6223727443242,Optimal,204540.27942000004,1.0000000018540185,0.9888460111111111
746,Texas_plus_Georgia,1741.7530104886398,247.26309357205375,316.87358794612254,181.5069651243444,117.78755189942193,242.90121891950366,228.11312638358163,115.76865863072807,291.5388080128838,Optimal,183324.87920000002,1.0000000054607971,0.8967087777777778
747,Texas_plus_Georgia,1576.7113228343133,187.9329532838286,275.47647069753475,193.00986915125947,131.49757343668358,243.99854533861935,190.62407910340127,125.06830879208657,229.10352303089974,Optimal,169892.33799,0.9999999982023893,0.7860088555555556
748,Texas_plus_Georgia,1653.8219381778465,202.0204969885655,269.58421988235835,231.50456298967327,113.80117969913736,243.2860938294839,226.635165816436,118.38613387800058,248.60408509419153,Optimal,174656.55751000004,1.0000000011017836,0.7943231222222222
749,Texas_plus_Georgia,1679.2242164125616,204.64832264477903,279.39630839543526,187.8085889266192,123.14439753622565,245.17385301808122,181.94070153959214,120.26790127333972,336.84414307848954,Optimal,177980.28847,0.9999999961812355,0.8102427555555556
750,Texas_plus_Georgia,1224.1673429836612,154.36612955145517,210.74424323949134,123.41692524013973,78.3479545695679,170.95042550142816,189.96631451138057,90.68862509379417,205.68672527640416,Optimal,128724.79482000001,1.0000000057315193,0.5956231111111111
751,Texas_plus_Georgia,1612.4715294938435,211.6256539238435,282.0663878594616,179.8969339278394,145.80930729574982,229.92178162978794,210.4551013380174,106.17330370151714,246.5230598176267,Optimal,171555.41950999998,0.9999999941122412,0.8040153555555556
752,Texas_plus_Georgia,1419.0615052240407,160.33635471715667,256.985958385858,164.79178197793354,95.14866614664575,195.6918268366493,202.79498049610976,99.26198401880784,244.04995264487982,Optimal,148256.22963800002,0.9999999963186651,0.6811268222222222
753,Texas_plus_Georgia,1517.6012014188332,221.70624530740452,260.7881168994972,146.5708474236047,96.42926779979464,242.82235786516193,199.13461946068492,113.25558204568898,236.89416461699616,Optimal,163252.919448,1.000000004336559,0.8059074777777778
754,Texas_plus_Georgia,1453.1573391497263,191.4448383265405,253.2306254343502,150.95806558597778,93.63493089234038,254.8636204037899,184.50713003357944,103.95524313106561,220.5628853420825,Optimal,157400.515256,1.0000000081548457,0.7772656555555555
755,Texas_plus_Georgia,1348.9366100872223,184.35504823715291,225.25912695223795,170.01301552450929,93.80288616449273,195.4930073773707,174.99883713475924,89.19314944320301,215.82153925349647,Optimal,142351.832688,1.00000001105521,0.6723413222222222
756,Texas_plus_Georgia,1588.4869876435528,187.1075944237845,271.4819552089182,181.70642375011462,119.11897003098831,249.9708127090389,194.4095408362632,102.69178143246894,281.99990925197613,Optimal,168976.82439,0.9999999951881553,0.7872892888888888
757,Texas_plus_Georgia,1748.8696122960735,215.67440614654197,295.6986244921127,194.6327854309321,122.12638958643257,264.31507522614396,214.40893709992613,131.7514338884119,310.26196042557206,Optimal,186313.87828,1.0000000044050892,0.8618756777777778
758,Texas_plus_Georgia,1952.8281331492458,236.4204961471085,380.1021160443266,244.75276663295517,124.92076242350714,298.78154136998904,270.13226618495236,132.82693751316114,264.89124683324593,Optimal,206656.262834,1.000000010677209,1.0000000111111111
759,Texas_plus_Georgia,1600.4006717671884,193.9613504274966,289.374927582887,164.3566340370412,130.1693749215374,204.19079060429513,208.2083453109955,115.93602007311807,294.2032288098175,Optimal,167852.74000000002,0.9999999988957838,0.7639189666666667
760,Texas_plus_Georgia,1382.9688866326069,184.99916615223495,247.26518093871823,151.4593773023493,95.41009003617421,149.0780373675398,207.45910039320586,95.96165906093647,251.33627538144796,Optimal,141736.706742,1.0000000089426404,0.6459359888888889
761,Texas_plus_Georgia,1715.952495121091,209.89168071911757,298.144848054534,174.0404944723559,128.39929854783222,271.4832390990279,212.96073736993836,114.15293010023663,306.8792667580485,Optimal,183217.21188000005,1.0000000028432658,0.8661330777777779
762,Texas_plus_Georgia,1704.6279829211899,205.72739623652987,275.22377062820914,192.2470930212302,128.05583183620604,225.6645513912554,231.1467080431081,144.38997562447048,302.1726561401807,Optimal,180319.19390999997,1.0000000041527008,0.7851285777777778
763,Texas_plus_Georgia,1497.1820842455431,215.583560590848,259.79857951371923,161.85556296799894,104.87679054392598,197.3244401145219,224.20527246896228,107.86824986042119,225.66962818514554,Optimal,157371.51313,0.9999999971643108,0.7474517555555555
764,Texas_plus_Georgia,1700.28071619966,223.64876724493084,296.4420280844771,167.65311707432278,107.1515598151395,285.8175288963417,203.0249681826762,125.40890314178553,291.13384375998635,Optimal,183322.74487,1.000000002235125,0.8954537
765,Texas_plus_Georgia,1391.747325344289,153.96323093597792,249.977509033245,153.75300110800436,96.36296495832632,220.01245756025733,151.6911604562034,98.52806499921795,267.45893629305687,Optimal,148192.36558,1.0000000033452272,0.6932813333333334
766,Texas_plus_Georgia,1790.891905706939,216.89940462654087,311.5787098123011,210.96475645270363,113.48754942934505,213.71150815667247,243.10364484751312,124.53712190980913,356.6092104720536,Optimal,184181.62526,0.9999999968133537,0.8246551333333333
767,Texas_plus_Georgia,1516.4983188092942,212.28861988008396,278.39523112454384,179.43644230231357,107.0650043138396,194.25382065144532,186.6344632671828,101.6158722830496,256.8088649868355,Optimal,158280.93925,0.9999999875968909,0.7610418555555556
768,Texas_plus_Georgia,1435.4886143916417,189.1742148324,294.11877615799773,150.2804995177151,108.13819556286956,169.75642427791075,194.06868836179834,105.26819698857166,224.68361869237862,Optimal,149458.97181999998,1.0000000039069334,0.7256104555555555
769,Texas_plus_Georgia,1765.436847491958,218.82359389300487,345.9648606722156,194.68274175675157,125.15224875011329,237.1283771631541,193.56718601361013,156.05877495581205,294.0590642872964,Optimal,187576.50352,0.999999995756315,0.8910187
770,Texas_plus_Georgia,1567.4583713076117,213.10442416193354,243.30225002253968,163.94199614295658,99.28501132116631,267.94015586259815,222.1854493663398,113.52105408706335,244.17803034301434,Optimal,169230.875916,0.9999999998037512,0.8048298111111111
771,Texas_plus_Georgia,1435.8472553749043,186.6526461407678,222.27779477601058,182.93620083193935,96.68314216091386,203.73758193835369,186.71452359751441,84.18436330980526,272.6610026195993,Optimal,149837.917636,0.9999999927743678,0.6807422444444445
772,Texas_plus_Georgia,1534.124685857698,164.86977676784537,263.83677203506954,176.89461738003135,103.07926924639757,236.74493637156334,232.10391229196216,118.34691425576,238.2484875090688,Optimal,163041.35436,1.0000000027001077,0.7393905444444445
773,Texas_plus_Georgia,1478.247393881541,157.1379809193717,260.5228950591431,154.05983837093848,109.3666851983101,230.54009612632552,209.09091532656805,108.62879538227838,248.90018749860567,Optimal,157540.81457,1.0000000176685306,0.720223311111111
774,Texas_plus_Georgia,1417.4019107081322,216.7404421251602,289.7900522487124,153.4618076912947,101.0814435943992,172.5892666719389,167.63164441234892,97.06687599662494,219.04037796765277,Optimal,148019.817538,0.9999999966783366,0.7545775111111112
775,Texas_plus_Georgia,1885.1942780279085,252.0358630338313,306.13242779817864,208.48461613151528,139.07546616120487,231.513904877188,256.38303786953577,135.1935454313686,356.3754167250861,Optimal,196507.16185,1.0000000063505876,0.8774246555555556
776,Texas_plus_Georgia,1650.1507321798504,198.92554605186788,264.7957301433057,216.8244933016684,123.14166300867893,250.43232335673054,225.34694677874236,116.91044612188071,253.7735834169759,Optimal,175365.13492999997,0.9999999986789992,0.793504
777,Texas_plus_Georgia,1890.393740603994,240.63102232070992,372.08324068932177,216.13615480630182,152.25338153767484,249.97109094169875,215.0754885032744,132.54002820544173,311.7033335995708,Optimal,198964.19197,0.9999999943905896,0.9585392777777777
778,Texas_plus_Georgia,1648.1706733308793,226.5968555476935,250.0991396564666,180.71194280848653,105.75886266003425,225.72549465320495,216.9186264581402,114.3133073608448,328.0464441860084,Optimal,172822.80198,0.9999999979790446,0.7804683222222222
779,Texas_plus_Georgia,1722.2840218084878,196.29472987764078,324.0791513464279,208.06512487871237,121.0660193416317,228.94624551684146,259.3643050006815,128.58085197311837,255.8875938734337,Optimal,180112.3834,0.999999998949948,0.8325779222222223
780,Texas_plus_Georgia,1589.1412810825154,191.6360847697985,303.69915979271616,167.04121646700528,108.57087521234267,217.56110342947358,218.52923278402372,104.18338164858076,277.9202269785747,Optimal,165932.55672999998,0.9999999993188048,0.7921070444444445
781,Texas_plus_Georgia,1299.4383415048137,179.9497829383279,168.47133749091347,149.53689888209774,94.14559336029882,174.700500640771,184.4895727585712,102.79950709899347,245.34514833484022,Optimal,137441.452698,1.0000000011506405,0.5812462444444445
782,Texas_plus_Georgia,1792.3520658494774,237.19278721974123,294.67095047333845,209.49289786057264,142.37843040173902,253.7143352438713,180.55602488155222,107.82488926980388,366.52175049885864,Optimal,188791.4101,1.000000002315685,0.8728645333333334
783,Texas_plus_Georgia,1487.1883637478468,177.56345253557487,276.5909523425815,183.51410714888692,110.88264358216813,212.77016685988713,152.65620039716399,130.90513131593488,242.30570956564944,Optimal,159123.35806,0.9999999974799114,0.7410273
784,Texas_plus_Georgia,1840.701464996489,231.7953663638732,288.82822810684786,197.78674369239798,124.83989179246933,299.50496298092224,200.81311781158075,132.1019029460853,365.0312513023122,Optimal,197436.54841999998,0.9999999972855517,0.9112539555555556
785,Texas_plus_Georgia,1482.6522769951407,195.45978875542116,230.905055938608,204.08454027955395,96.6033985389098,230.83651863056258,159.9885576613915,99.26065057804863,265.5137666126452,Optimal,157372.705872,1.0000000087713483,0.7302237444444445
786,Texas_plus_Georgia,1363.5086159884652,178.71968373802167,213.7949590350421,164.42684678763385,90.50010907474159,183.21442280441792,188.2784720268447,84.19430186508468,260.3798206566786,Optimal,141710.3709,0.9999999963414494,0.6396989555555556
787,Texas_plus_Georgia,1484.202256800531,221.57784709512075,238.94165989105133,153.71296088290129,106.06941780323928,231.8680998687977,148.04422285952327,98.40840547812694,285.5796429217703,Optimal,159051.96045,0.9999999987868695,0.7693195666666667
788,Texas_plus_Georgia,1335.6068580764738,163.49370384050192,210.0410578103174,158.59354338904822,90.50003551252,214.63293413538952,158.9366043949865,97.8342750492873,241.57470394442296,Optimal,142932.59470599997,0.9999999872144458,0.6535196555555556
789,Texas_plus_Georgia,1511.1923367278632,188.29562061687926,233.49998223033398,156.81271308439466,121.13491617308073,223.53787397513426,201.1550478549231,119.0528202235426,267.7033625695746,Optimal,161847.31415999998,0.9999999955479769,0.7170371888888889
790,Texas_plus_Georgia,1613.622751230306,210.63292191257483,258.5970063289477,210.38334173817876,112.76225943506297,221.88317696940473,232.40469142648988,119.92433596828654,247.03501745136066,Optimal,169898.53079,1.000000005434786,0.7679034555555556
791,Texas_plus_Georgia,1642.0486643651402,189.1529867732842,279.6363367459513,194.47931013984714,121.1226295285564,234.94915263166325,195.39340546948557,124.2977843528117,303.0170587235407,Optimal,173787.01866,1.0000000034316034,0.7819316444444444
792,Texas_plus_Georgia,1557.1330343824952,191.14619438689738,268.3371721406502,178.88110936085178,110.27071577399468,223.2023861450588,203.50313720172986,114.41864240191113,267.37367697140144,Optimal,164614.21555,1.0000000036075947,0.7585397222222222
793,Texas_plus_Georgia,1474.6396826193686,201.41673684389934,242.94219189017517,163.3097051179114,111.97861638346235,217.70402687704444,182.03923936806743,114.44587843330504,240.8032877055035,Optimal,157918.69326,1.0000000117863583,0.7356255111111111
794,Texas_plus_Georgia,1655.6070794251996,187.87515466834577,326.5864675432686,200.29798238987183,124.88473552960353,238.88059062102593,187.92108013630983,100.89817275671787,288.2628957800561,Optimal,173685.15345,1.000000000347184,0.8370469
795,Texas_plus_Georgia,1592.0844057839906,204.03803552805044,292.1010533198015,182.98586541931684,99.66628664964398,233.7858136151244,185.79222218181567,114.19354804123253,279.5215810290053,Optimal,168193.67474199997,1.0000000007637844,0.8110276666666666
796,Texas_plus_Georgia,1541.2905619998169,225.15721035055978,250.7239447383922,173.45924727769946,122.75167758260626,220.26877133567388,179.04198906494608,104.38774046925923,265.4999811806801,Optimal,163973.38705999998,0.9999999987025048,0.773499911111111
797,Texas_plus_Georgia,1558.78597785673,186.33568587100683,287.3687001030804,170.92510162216794,129.59150725325082,214.35619072449776,177.0226320233786,106.27684147336987,286.9093187859776,Optimal,164441.61028000002,1.000000001374961,0.7645117555555555
798,Texas_plus_Georgia,1527.5510946220304,216.2921585045542,258.0694025383979,178.85658260869138,99.93158560386475,215.60520505178843,193.30479553614927,119.33299271416169,246.15837206442268,Optimal,162055.99932600002,1.0000000009020775,0.7666297444444444
799,Texas_plus_Georgia,1306.0067352025214,156.98191403544843,218.38607709365462,166.05695161082903,89.05312578603117,176.60014509301138,170.0393367264048,97.19438930946687,231.69479554767523,Optimal,136867.530238,1.0000000075018591,0.6132979333333333
800,Texas_plus_Georgia,1413.3772520263979,174.6793445876349,264.3515949239334,166.63735021252512,104.0457108097846,185.6329823589772,175.24719268259798,88.3747603001024,254.40831615084235,Optimal,147047.11331,0.9999999914910207,0.6940710111111111
801,Texas_plus_Georgia,1761.460111534349,217.89241569438988,286.26667213067293,182.3583016986421,122.41740908257607,292.72694980814,207.53516906196776,126.64056665315766,325.62262740480253,Optimal,189551.02748,1.0000000048060418,0.8854289333333333
802,Texas_plus_Georgia,1579.5860084273038,178.0373381943634,279.91177740823656,210.16133258482475,114.48868489397435,224.6325809551979,201.92358410935086,91.12752522217652,279.3031850591795,Optimal,164513.45203999997,0.9999999978302518,0.7584241111111111
803,Texas_plus_Georgia,1494.3673413938632,178.25491633635875,294.57741554120275,157.8120755507522,109.55894817767988,191.7073241242528,201.9736287809184,94.25195081337753,266.2310820693209,Optimal,155012.491138,1.00000000642823,0.7383774000000001
804,Texas_plus_Georgia,1571.5710314717705,223.19726525959246,242.8183385732886,176.4212817485111,106.08791368416603,247.61163240971527,174.40612207620902,110.77232868616572,290.2561490341223,Optimal,168310.40791,0.9999999990635037,0.7929191555555556
805,Texas_plus_Georgia,1619.8110794126942,178.85416031894906,310.7889109227726,186.4653787381639,128.02190113449623,222.11598050014828,209.28240399889953,118.1565836703197,266.1257601289448,Optimal,170558.51413,0.9999999941890174,0.7908433888888889
806,Texas_plus_Georgia,1938.3104785573014,248.82187290551033,352.64788663073296,213.12260509753543,134.36837972300032,279.95765331557175,238.02633041159726,129.1879170726007,342.1778334007527,Optimal,204340.98939999996,1.000000000744307,0.9793637888888889
807,Texas_plus_Georgia,1567.172261974841,243.17861989216465,257.3618769249126,163.5808579417682,116.15913674494976,260.1977908577311,167.44707727759442,123.4708390824267,235.77606325329347,Optimal,171234.46993999998,1.0000000051207893,0.8452647666666667
808,Texas_plus_Georgia,1451.2054992350672,169.77355335284733,248.22942703910255,150.97349896203687,102.00920038259696,209.60932120804807,192.28602975580276,111.18882421330805,267.1356443213247,Optimal,153704.31978999998,0.9999999936362788,0.697347
809,Texas_plus_Georgia,1560.085373708259,231.48938006779503,275.70845029969576,203.89582849835637,114.45914792305736,211.93805372654015,177.51972598732195,85.43738806375903,259.63739914173357,Optimal,162929.04991400003,1.0000000027509655,0.7990398666666667
810,Texas_plus_Georgia,1412.290258010589,182.14556755976466,276.7123007070532,129.46840921848394,108.49121151928631,174.34427146206306,151.67828309682136,126.8846842024584,262.5655302446581,Optimal,149669.57674999998,0.9999999943279445,0.7035579333333333
811,Texas_plus_Georgia,1207.5801811119338,174.08292625389151,198.4142812319695,157.10043488141724,77.08936826385184,172.5163767006284,154.02989863930728,68.74852166942988,205.5983734714381,Optimal,126205.946894,0.9999999990792049,0.6055706555555556
812,Texas_plus_Georgia,1809.241660030925,201.68652224329347,311.88124871444273,210.68509975576245,123.56117408914552,276.2114658408764,236.6141275929466,144.9040541916616,303.6979676027962,Optimal,192838.4792,0.9999999999829071,0.877532488888889
813,Texas_plus_Georgia,1757.775473590572,224.15266764318878,324.4461435305938,209.17019967174863,132.04071229779757,272.1131300121026,220.31071644687896,122.34605667887362,253.19584730938791,Optimal,187730.77307000002,1.0000000036463292,0.9119021555555555
814,Texas_plus_Georgia,1617.311668996785,186.47075778904045,258.82616099818637,179.35795350951727,124.37016640218259,246.75146837948478,219.5963713639823,114.39672144962933,287.54206910476205,Optimal,172115.31393000003,1.0000000006202978,0.7689426555555556
815,Texas_plus_Georgia,1470.3544029031957,218.63509921511547,293.9507346520854,156.9206085635165,91.98071180528859,185.47688587774314,170.84877551691616,94.877306642965,257.66428062956544,Optimal,152793.588128,1.0000000041464863,0.7756252444444445
816,Texas_plus_Georgia,1722.5363602202228,227.1557747521567,283.3114430667086,189.45906547730945,112.51313094880125,271.02925308502444,245.16201208337822,107.11645967175492,286.78922113508935,Optimal,182558.22595999998,0.9999999940667593,0.8683293999999999
817,Texas_plus_Georgia,1577.4369914181905,194.52210368977555,251.700450907596,158.23266048627178,107.95804722975973,243.79516482665713,229.16541626239245,121.95082344583236,270.1123245699055,Optimal,168587.31823,0.9999999927615554,0.7666863444444444
818,Texas_plus_Georgia,1868.3443970226458,232.61996087023707,308.7765468336214,182.4899194360784,146.66235523652955,288.2640647414544,213.16895709267908,114.86262604505671,381.49996676698913,Optimal,198672.05827999997,1.0000000069459112,0.9218450777777778
819,Texas_plus_Georgia,1702.7234858349454,188.22580194568357,271.00946209703346,197.3922641807661,129.6687278050523,252.53670301370286,246.2080056028865,125.23820405884004,292.44431713098066,Optimal,180564.94652,0.9999999965731693,0.7908577333333334
820,Texas_plus_Georgia,1735.378412105524,220.32046235408032,291.29001937678225,178.77118463631106,138.90662687110498,239.9185483891652,237.5936543675223,130.00997092729835,298.5679451832594,Optimal,184013.79301000002,0.9999999987867062,0.8350322555555556
821,Texas_plus_Georgia,1616.000727270154,217.31694871435647,308.649882801599,167.76618589366774,101.13578678527583,265.2138820280307,198.60119731354536,103.41510691261112,253.90173682106771,Optimal,172545.32228,1.0000000078773765,0.8790896777777778
822,Texas_plus_Georgia,1709.1718990418958,221.30721073307114,300.43657497943417,174.42335169954723,114.73006090378368,277.2402708295437,232.7867232009832,137.18213105619472,251.06557563933802,Optimal,184441.69478999998,0.9999999947097797,0.8877600555555556
823,Texas_plus_Georgia,1560.9486151792935,199.446002841795,275.69731323055373,211.64157021101022,109.59921370467887,196.50801179121643,179.1994012837251,93.94842993800835,294.90867217830566,Optimal,161135.6497,0.9999999902755969,0.7462792444444445
824,Texas_plus_Georgia,1603.1851944183156,189.28161078136662,301.8045738258794,205.25715885474932,108.6106347228113,212.90149428485714,207.77938342922073,94.6668777993135,282.8834607201176,Optimal,165707.951974,0.99999998975894,0.7822085222222221
825,Texas_plus_Georgia,1820.5304700792326,223.42725685543496,313.98630934309483,195.29509130529001,123.98336184448777,279.99901032033927,221.82162349591698,143.35851887923346,318.6592980354352,Optimal,194699.14111,0.9999999999564783,0.9082361999999999
826,Texas_plus_Georgia,1601.1680813088474,198.77117767427603,248.73668377959254,200.3934051717787,146.37528616899797,216.2120221666342,205.63175747008484,116.41788197669173,268.6298669007913,Optimal,169765.31162999998,1.0000000054280076,0.7374665333333333
827,Texas_plus_Georgia,1578.640748016686,214.81211811454952,232.19842849131913,164.18962378134964,114.66001434376979,225.4692082632402,205.62507488318744,118.73759591578026,302.9486842234901,Optimal,167761.31775000002,0.9999999949217793,0.7471997333333332
828,Texas_plus_Georgia,1471.0966657956124,172.3699627509248,273.9073409416243,165.49222953290365,104.4440897623594,231.39458843565282,153.58505302365558,118.9851621038046,250.91823924468716,Optimal,158110.02836,0.9999999960603456,0.7529687666666667
829,Texas_plus_Georgia,1579.3249872085553,203.68718456194983,287.93829863292285,186.43382412105782,97.74203149280328,214.93487095758172,190.367169559719,87.40495343901912,310.81665444350153,Optimal,163302.80952,0.9999999916365817,0.7850670555555556
830,Texas_plus_Georgia,1541.1592101214555,228.1478930951126,246.68280953089558,169.386043919691,100.50261043409093,237.1312677966789,221.93223352845882,104.98184695448033,232.39450486204743,Optimal,164216.19345,0.9999999934325698,0.7910688555555555
831,Texas_plus_Georgia,1376.5707668511056,204.37764556906058,203.95966837044602,144.64804464565478,106.28821535001045,218.98131441884544,182.1075874094441,101.69418623624573,214.51410485139846,Optimal,148886.46399,1.0000000022874918,0.6970206999999999
832,Texas_plus_Georgia,1522.5116572467787,194.06281436301214,270.58868861857263,185.55006520847928,90.11594924403356,256.0948417766764,159.5770278968317,115.30087578774534,251.2213943514275,Optimal,163812.632224,1.0000000011515322,0.8008292666666665
833,Texas_plus_Georgia,1679.063876926082,238.9583202876137,295.84024983061886,194.79463433542065,106.34722536097262,248.99018463014107,210.1874196905936,114.31889363183012,269.62694915889136,Optimal,177756.99104000002,0.9999999958750337,0.870876388888889
834,Texas_plus_Georgia,1589.1271926210134,196.6661593521889,298.4115704455579,172.73299299152822,98.1870998729834,210.62188070845426,205.6748160120834,94.89513361507531,311.93753962314196,Optimal,164176.742142,1.0000000008677636,0.7841106777777778
835,Texas_plus_Georgia,1520.3872858336354,197.42770191102753,270.32518144278185,190.08559380423506,118.73119938404854,206.11069255105267,186.21542988208222,135.37534306055562,216.11614379785192,Optimal,162399.24010000002,0.9999999895857881,0.7487372999999999
836,Texas_plus_Georgia,1421.2569988219955,169.4031743895342,270.10657266610787,169.2306651501383,106.13699196977856,188.4978768422175,191.14050153446775,93.3861040883959,233.3551121813555,Optimal,148243.920412,0.9999999966072317,0.6977862444444444
837,Texas_plus_Georgia,1429.0592687202657,176.57142612879804,228.9860789073231,172.32628210057558,108.62985954002653,194.32148987080535,181.25557476412794,110.05747341544122,256.9110839931678,Optimal,150928.83984000003,0.9999999938978978,0.6665322222222222
838,Texas_plus_Georgia,1787.0378728720523,230.3744391911485,325.62668122777734,224.54659490681198,118.86470971975996,235.69689889620736,206.05662128590743,136.8571904976069,309.0147371468329,Optimal,187461.72087999998,0.999999998392842,0.8796644666666668
839,Texas_plus_Georgia,1659.9106373460538,212.72677340565403,285.9761725937648,198.95750635240273,112.11855394714334,251.60694183222117,223.32698704433457,101.60657893470984,273.5911232358233,Optimal,174983.59833,0.9999999955744281,0.8336776444444445
840,Texas_plus_Georgia,1998.3802860302803,342.4597571333412,317.4852755456087,213.13875907441673,112.77608028978695,268.75164828268186,237.55999308785567,125.54001252976127,380.66876008682783,Optimal,209739.012946,1.000000002486874,1.0000000111111111
841,Texas_plus_Georgia,1548.4754881098145,189.46918419197408,250.1676036076027,200.2298346010982,109.13708489443688,211.7693885735224,176.80349072936386,114.72249160541203,296.17640990640433,Optimal,162771.06457,0.9999999883047458,0.7237846333333333
842,Texas_plus_Georgia,1710.1946318928447,227.67439166010504,349.3701767517161,175.4257963177709,125.88453100468408,256.4627290840711,188.63490504349696,121.14458862848284,265.5975134025177,Optimal,182492.72108999998,1.000000004740487,0.9261192222222222
843,Texas_plus_Georgia,1603.1747421811765,192.79046227565078,298.34141672499925,218.34243061647757,113.91549587490796,218.2609156497801,185.61615656322695,121.14962936176741,254.75823511436653,Optimal,168593.19424,1.0000000111147107,0.7882142222222223
844,Texas_plus_Georgia,1890.0769641176898,265.48397072981317,356.5090528579094,239.83702403319737,126.34479188035323,261.67919070769346,207.90286256140124,109.39725451405353,322.9228168332684,Optimal,197293.06579,0.999999992530627,0.981858011111111
845,Texas_plus_Georgia,1429.4001404685491,196.20756335473217,217.32637854755313,154.70383097202716,117.43300916704172,202.54814396446307,186.99589238394796,96.07781855883162,258.1075035199523,Optimal,151657.65630200002,0.9999999919766699,0.6845356444444445
846,Texas_plus_Georgia,1496.3348022598796,181.87427485635752,241.08596597925595,151.74489113511285,97.78467678325462,237.19690698628216,197.960278955886,100.79414938062231,287.8936581831081,Optimal,159018.729262,1.0000000031678207,0.7335079444444444
847,Texas_plus_Georgia,1672.1514452982417,218.1631296022067,251.94418517302702,177.09588877431116,120.0571666890121,225.65894490274243,230.7723372522965,125.25941092558297,323.20038197906285,Optimal,176141.21057,1.000000002811802,0.7730736222222222
848,Texas_plus_Georgia,1695.0548736438473,198.17993299515874,283.03659887036497,237.03355350610215,130.85609634994572,231.20322019619607,226.89909340199935,115.00948559517347,272.8368927289067,Optimal,177518.00713,0.9999999978503071,0.7915775
849,Texas_plus_Georgia,1887.93626449057,239.49590173607095,335.96132717943453,242.93915114025415,121.33125189989565,263.02400719045283,252.39829454266285,138.03874465025564,294.7475861515434,Optimal,198274.54899999994,0.9999999976214398,0.9316458222222221
850,Texas_plus_Georgia,1620.389604272505,249.71538767621078,259.75914581328374,191.8193321207558,120.24412573930577,198.34424806017114,219.829134785507,100.05495412011778,280.6232759571531,Optimal,168468.41624999998,1.0000000035346408,0.7864653222222222
851,Texas_plus_Georgia,1717.9775634162431,220.64253693681067,265.58267705011053,205.62295940002758,128.56800650197124,260.76480886940425,237.19695528680717,132.52995192954197,267.0696674415698,Optimal,183867.57740999997,1.0000000096530695,0.8299889222222222
852,Texas_plus_Georgia,1738.0768153213805,183.7214074323355,293.6225581695482,219.84783886276375,117.44198142082588,219.27822695227084,211.6361460055295,120.7426528865218,371.78600359158503,Optimal,179431.49692,1.000000002691837,0.7740246666666667
853,Texas_plus_Georgia,1374.808170134469,184.08084535355295,230.65376722580146,144.5904803382416,85.39738442363688,174.1352669901897,182.6556416641806,104.89702325161143,268.39776088725444,Optimal,143443.728414,1.0000000028116878,0.6542998777777778
854,Texas_plus_Georgia,1501.0097792051345,150.64610032722308,263.0641898174122,174.51513997194587,116.49480568039459,171.25074734427886,216.32939560287213,104.83951726158341,303.8698831994243,Optimal,154032.47500999997,1.0000000071917357,0.6499567111111111
855,Texas_plus_Georgia,1636.166445874788,230.64190962608694,252.52720595200086,221.19923896465272,105.91717949502268,191.617438528305,205.53447169775876,124.98272868300361,303.7462729279575,Optimal,169659.10121999998,1.0000000025212665,0.7497628444444444
856,Texas_plus_Georgia,1674.6126291088908,211.99070154115205,271.28298208822747,207.16223513298615,125.66287996550288,215.22455132829072,224.50626535375966,112.93397617033712,305.8490375286348,Optimal,174532.5194,1.000000006503659,0.7761091444444445
857,Texas_plus_Georgia,1527.6929351023878,199.1396041812515,248.5437783391453,149.9973236421872,97.08060079984017,245.33615201319563,209.9405729641738,101.28165872183568,276.3732444407584,Optimal,162719.540976,0.9999999907688337,0.7700217
858,Texas_plus_Georgia,1707.4558131953895,222.1306409493801,262.28961133939305,182.6013100908902,101.80924524447789,256.2337874204315,216.69018620566726,115.5967414597962,350.10429048535326,Optimal,180055.74826,1.0000000039852337,0.8229489333333333
859,Texas_plus_Georgia,1835.4488714292343,266.0269162742593,317.848926800903,194.711090986981,134.09687606869366,257.5440178324782,222.90521281631183,144.28539973366486,298.0304309159426,Optimal,195739.14684,1.0000000046695747,0.9349109666666666
860,Texas_plus_Georgia,1604.7314218094516,212.93746141425777,241.28583656266957,197.16617167929311,126.18619198396365,234.8707770008493,215.73909301548412,113.15016693218588,263.3957232207482,Optimal,170668.6414,0.9999999988724269,0.7656600888888888
861,Texas_plus_Georgia,1409.7649132630977,160.84803093263017,270.9283336955494,149.88242080120315,102.28505531526916,173.6581996770566,180.1598695541187,112.9454387934427,259.05756449382784,Optimal,147216.56005,0.9999999976853603,0.6727050666666667
862,Texas_plus_Georgia,1598.5155440112835,210.56720756124858,231.48188542986392,199.42315071243013,109.52527353571163,229.14539578294998,214.7583383915874,87.58243652846954,316.03185606902224,Optimal,166690.035096,1.0000000081254867,0.7457716666666666
863,Texas_plus_Georgia,1537.3674744803982,209.45361116670844,255.1838754998282,165.55423445392438,125.56702102658052,195.14249730096083,203.9913123783241,104.36434729005528,278.1105753640165,Optimal,161172.27458000003,1.0000000035902943,0.7330888777777778
864,Texas_plus_Georgia,1800.025108191975,240.3332827529836,316.0936637135574,187.7043325693685,121.53334426475067,257.5539242005089,252.90907741808024,130.5666916944587,293.33079157826694,Optimal,190371.12915,0.9999999898934883,0.9044231777777778
865,Texas_plus_Georgia,1706.9145519460035,229.38340141236998,292.48623892352765,203.58745190610247,111.71785679248494,254.69949019698026,201.98247325106428,117.39990042236226,295.6577390411116,Optimal,180757.64839999998,0.9999999988599291,0.8628545888888889
866,Texas_plus_Georgia,1368.9896807200973,174.9308922152363,245.87881230002733,162.16577047829324,108.31684177451073,158.03720412766725,151.94289269706607,110.10506442743493,257.6122026998614,Optimal,143021.14881,0.9999999848646798,0.6431632222222222
867,Texas_plus_Georgia,1984.334408032406,246.09804631821368,374.1840865799925,276.48683406805753,110.05588018452775,234.37548172986612,236.8684400677828,119.99998668442703,386.2656523995386,Optimal,201714.80266,1.0000000009915637,0.9496195777777778
868,Texas_plus_Georgia,1603.2842784961047,186.06910961668876,301.0900618239258,189.3517779677673,104.59308238252936,237.421624188287,181.99804773170126,103.39557790222784,299.3649968829774,Optimal,168369.07971999998,1.000000000938009,0.8050897666666667
869,Texas_plus_Georgia,1417.5581241443467,179.15280029512252,239.78892051181703,158.2589874404472,81.1176870041863,179.05203734164243,191.20177669650334,120.06580349461416,268.9201113600137,Optimal,148058.078302,1.0000000020144877,0.6644375111111112
870,Texas_plus_Georgia,1482.378609984194,192.10337925871983,219.35671923179257,168.5706518932491,105.52901674953893,203.77603154452578,206.49876548697725,112.4135635630027,274.1304822563879,Optimal,156424.27737999998,1.0000000000106624,0.6835957
871,Texas_plus_Georgia,1903.1900211310624,269.47746039525333,279.66508916742526,197.47943290161132,141.0612582637491,259.63834745500213,249.0739059166058,163.46931885480706,343.3252081766083,Optimal,203193.03854,1.000000004660038,0.8986454444444444
872,Texas_plus_Georgia,1467.0627747133058,209.5070675213806,237.2356392823238,160.55728186003125,103.04337851173271,212.37547740043493,168.6957097518498,101.48876009483608,274.1594602907167,Optimal,155613.061,1.000000003603591,0.7323535444444444
873,Texas_plus_Georgia,1773.6404039764502,213.58079225763484,309.5625176186584,239.9870579360851,125.46564265263304,225.17603717307435,217.26198382622277,136.70219258727067,305.90417992487113,Optimal,185215.95184,0.999999997758029,0.8314659444444444
874,Texas_plus_Georgia,1679.1650963746017,211.17197656024362,266.80313654016834,192.29046544935517,130.51893167091927,238.54581410245217,216.82969482047127,127.89209514254202,295.11298208844977,Optimal,178415.39974,1.000000002159048,0.7961343666666666
875,Texas_plus_Georgia,1728.2833678123675,187.4845698084105,307.06821004525665,212.3710914678416,125.79007124453112,234.14813643498502,226.47873186045612,118.43458095151883,316.5079759993677,Optimal,180334.68582999997,1.0000000012657837,0.8096676888888888
876,Texas_plus_Georgia,1717.292076902179,214.09571833330799,325.22321688739675,184.9740462110437,114.74496164863726,245.62050879908819,210.69161274673667,134.55264987775803,287.3893623982102,Optimal,182015.2555,1.0000000018038988,0.8721549444444445
877,Texas_plus_Georgia,1579.2936395663016,237.4261464416035,244.8985754365907,191.10600077116004,121.53958141187057,199.67801223495093,217.33420581080279,117.79928657691143,249.51183088241177,Optimal,166342.76533,1.0000000066065602,0.7577808222222222
878,Texas_plus_Georgia,1721.4823918463803,237.05380775925963,249.17472519491673,198.41503700182915,125.90475995482106,257.19141883645045,216.89970394075095,116.84617406889014,319.99676508946226,Optimal,182993.67286,1.0000000047363944,0.8260221777777778
879,Texas_plus_Georgia,1444.8178496386765,204.90380995061258,260.49039421551583,169.3575497609236,97.65366963247556,209.05712386752862,187.17971220978632,104.9265912692033,211.24899873263064,Optimal,153313.57052999997,0.9999999933287945,0.7493903555555556
880,Texas_plus_Georgia,1558.9976623077164,163.09394004433867,276.4229121579373,233.04001710309458,103.22898194167317,209.8367535381807,222.50867876039666,104.58298973980668,246.28338902228862,Optimal,161388.74790000002,0.9999999985197434,0.721504
881,Texas_plus_Georgia,1592.4745038672017,203.22888468076147,291.08359732583784,169.80884450296023,104.69711381771596,216.6108050581389,186.48782436557295,114.57175003985921,305.98568407635514,Optimal,167076.77926,0.9999999912920416,0.7899147666666666
882,Texas_plus_Georgia,1344.2727213392554,168.00365168995467,249.7057863381611,158.1590412099143,90.81052025715523,183.40420457327525,156.64195400103443,104.07381835825292,233.47374491150762,Optimal,141625.30673,0.9999999915647658,0.6679040444444445
883,Texas_plus_Georgia,1824.266891942996,254.92991839792785,295.034749227041,195.13351258722278,129.94837290046104,237.63471596970786,243.16605419066283,151.98454043641325,316.4350282335593,Optimal,193057.8203,0.9999999989349168,0.8751104333333333
884,Texas_plus_Georgia,1393.6710149933326,156.95202528015764,219.96107517553813,171.39552105675776,104.81300508500242,216.4679067564353,165.7752380095829,115.89343454935062,242.4128090805079,Optimal,149731.89491,1.000000010767726,0.6593122444444445
885,Texas_plus_Georgia,1338.5368059319376,152.56431508950487,213.1155502483502,150.37130246229955,80.16397834613895,206.71820551795759,170.1836746776842,103.07361461367248,262.3461649763299,Optimal,142034.711898,0.9999999940741731,0.6359978666666667
886,Texas_plus_Georgia,1481.3828656679466,186.7159898988925,281.0336377290689,148.65440058880034,123.123693112158,219.74784659342885,190.6498387350416,98.6744691452678,232.78298986528856,Optimal,157767.98989199998,1.0000000022492859,0.7638860888888889
887,Texas_plus_Georgia,1570.7337064059873,208.03757953805624,264.4212120800079,140.23171574005073,103.04113386697222,232.3840290509154,238.69967722883126,108.73590540967861,275.18245349147503,Optimal,166215.36777999997,1.0000000022881108,0.7831586888888888
888,Texas_plus_Georgia,1536.478728407915,196.9041155212442,243.62750935460576,166.26093731109424,99.6004272541629,238.60231004951333,223.22775273953718,111.76444964576812,256.4912265319893,Optimal,163599.743112,1.0000000055920621,0.7545932666666666
889,Texas_plus_Georgia,1826.0118123792236,282.9610376683953,253.8062465665139,213.12207415926667,127.68870137366484,260.1034060584597,242.95564263688058,146.9018421619264,298.4728617541161,Optimal,195223.35677,0.9999999986970382,0.885411888888889
890,Texas_plus_Georgia,1969.2639491399502,225.88696153454933,365.7048749000478,195.84333865932885,122.52886962767666,294.4958214515505,273.1458072939989,133.26444293652676,358.39383273627146,Optimal,207163.66873999996,0.9999999953586971,0.9845418333333332
891,Texas_plus_Georgia,1421.9201629736694,212.9781101166355,219.1431035853234,172.94819139863517,108.95193229014816,216.25390552882521,190.6079649257119,104.61142487774984,196.42553025064015,Optimal,152789.18814999997,0.9999999908759508,0.7204168
892,Texas_plus_Georgia,1469.0187925936357,195.52996439909592,252.93662077700392,180.1827299273728,98.92719378340395,232.76744289065286,174.521825202818,108.9913832655186,225.1616323477697,Optimal,157435.323734,0.9999999941500844,0.7569266888888889
893,Texas_plus_Georgia,1558.8723343133768,212.3262438481296,223.78513330068333,200.80779774830071,129.55381889482436,215.36852395902523,222.6256064893235,102.1307793555721,252.27443071751802,Optimal,164503.71304,0.9999999972330148,0.7238665444444445
894,Texas_plus_Georgia,1620.5856136974123,198.5681653591487,300.22819139641746,203.97705066871208,124.42835346138394,221.52519631100867,180.21243084706313,121.55486933441814,270.0913563192603,Optimal,171144.68629,1.0000000038890802,0.8003572888888889
895,Texas_plus_Georgia,1293.110543386966,154.55902771303099,225.91971156500716,180.4801210177478,100.6200627780204,177.40297047753089,156.50505060405388,87.70362966391272,209.91996956766215,Optimal,135716.31242,0.9999999973807606,0.6198685666666667
896,Texas_plus_Georgia,1822.3684344177138,232.75552505099375,363.97584732004964,220.8525770279844,110.24621138389567,254.193759040321,210.31347357631898,137.69637328060713,292.33466773754316,Optimal,191670.0105,1.0000000030632041,0.9454723777777777
897,Texas_plus_Georgia,1551.7567324913541,214.7791610124539,240.24828624357548,162.80543485959723,105.0133702299035,210.98195200679012,158.37835623333862,119.90774823352825,339.64242367216696,Optimal,164046.72855,0.9999999983944943,0.7400104444444445
898,Texas_plus_Georgia,1384.8334182971225,207.28397785200247,203.7156221142612,159.61789734496904,92.57258931780409,204.9894360573791,190.77690761802344,88.39181847764647,237.48516951503674,Optimal,146536.929718,1.0000000062844219,0.6844322666666667
899,Texas_plus_Georgia,1763.623682950509,201.0582268214427,332.9709436045939,222.99048160709617,116.88902091640567,282.47767098849624,181.64607688274913,115.25782829733538,310.33343383238974,Optimal,187167.44783000002,0.999999998327019,0.9072298222222223
900,Texas_plus_Georgia,1818.4833378883566,251.51811693146118,331.28988614798556,201.0409735610576,134.07724861192767,251.06517535426602,194.52190626668227,136.9994244151937,317.97060659978257,Optimal,192927.82454,1.0000000066602994,0.9265257666666666
901,Texas_plus_Georgia,1613.9322738813994,191.01794456798717,327.8273859358151,163.88322532452625,113.24293711748723,209.61525842607483,201.27146372556683,125.9552942557393,281.1187645282027,Optimal,169281.86914999998,0.9999999975950667,0.8094006555555556
902,Texas_plus_Georgia,1533.2272870060726,215.57095952569443,290.84301607096666,175.4692421672278,105.75614338675457,205.36522955687596,164.45130364976902,128.92802785099383,246.84336479779046,Optimal,162833.63256000003,0.9999999954305062,0.7908657888888889
903,Texas_plus_Georgia,1382.958815231082,167.6427169966515,217.16482279595994,181.27548264227016,100.52522306574208,183.91911173123688,168.38087057867799,91.73971076538606,272.3108766551575,Optimal,144162.634178,0.9999999969405581,0.6319184999999999
904,Texas_plus_Georgia,1351.7562001338038,179.12298819588105,248.75202046101296,163.84252306805007,100.95786520626213,194.67163678385865,140.4702754498546,98.53415968047798,225.40473128840625,Optimal,143661.70019,1.0000000072987985,0.6917185
905,Texas_plus_Georgia,1441.3153393109371,207.54737572997422,271.52537273365095,153.7798474101756,103.39849935685892,199.61136512520716,148.65900179279183,95.56949916907232,261.22437799320613,Optimal,152090.455132,1.0000000067223755,0.7540934666666667
906,Texas_plus_Georgia,1573.5558670822986,183.43932367698676,302.6059806386242,186.5661681052142,100.27146249412768,212.74174916568427,194.29791980782076,102.05023206974806,291.5830311240926,Optimal,163381.70391,0.9999999954991757,0.7764300555555556
907,Texas_plus_Georgia,1506.0339660334919,196.80455317147656,309.3894239619017,161.38831443671106,96.5842384188195,215.7215013309103,185.56156611178963,104.30306275975235,236.28130584213076,Optimal,158668.865238,0.9999999946657961,0.8021282999999999
908,Texas_plus_Georgia,1419.0439590969672,168.74928034421214,205.6456238205082,139.74768349030785,129.5390982989291,248.50001694485186,222.61639259820973,94.55829616106911,209.68756743887914,Optimal,154568.635698,0.9999999978175677,0.6921054666666666
909,Texas_plus_Georgia,1641.7633176450659,195.44692594278567,280.9671808970974,175.41900460436943,131.60303162156129,238.151539103307,223.74706314801423,113.2613658726292,283.1672064553016,Optimal,173951.97033000004,1.0000000014343933,0.7939618333333334
910,Texas_plus_Georgia,1318.1083196023872,169.24636121439798,220.92699491237641,158.42993170830985,90.61702054081098,171.97896797469642,172.30257021348783,109.911660774315,224.69481226399262,Optimal,138878.52589599998,0.9999999934736872,0.6246136888888889
911,Texas_plus_Georgia,1698.7912605792412,190.71347478885434,299.4606272146795,211.92724574762124,119.08853768225762,206.95260546948552,246.10825541688496,123.18320171073358,301.35731254872434,Optimal,175592.16996,1.0000000055455658,0.7745852333333333
912,Texas_plus_Georgia,1568.245273832371,197.69776405331424,253.1603436662145,191.0772808267033,103.76853806166781,251.5262734322636,228.36473720925065,95.82020778885412,246.83012879410268,Optimal,166199.757494,0.9999999962809575,0.7804270777777778
913,Texas_plus_Georgia,1765.6565878057825,197.8811233093183,282.8745595747169,202.95446739494582,138.01791225669015,280.8261843350756,221.56585521758092,131.80133082123365,309.7351548962212,Optimal,189418.81753,0.9999999955791049,0.8462020666666666
914,Texas_plus_Georgia,1852.069346063135,240.8745001291826,317.25873438135824,210.19498002265084,117.71750381584438,235.2883001994909,184.2921704266514,155.20873399690976,391.23442309104706,Optimal,194447.51008999997,0.9999999913269257,0.8815794777777779
915,Texas_plus_Georgia,1411.7234916286034,187.80389899885193,239.45425845337255,150.29143652004822,101.98522851967152,189.74880256916188,224.8951459007012,104.94599764745053,212.5987230193455,Optimal,148671.24992,1.0000000059299123,0.6855632888888888
916,Texas_plus_Georgia,1413.0851494722242,211.0378273464086,238.71383304302964,159.9232054200791,103.67574435633294,205.64393483675886,206.38816358209016,92.93445764567734,194.76798324184767,Optimal,149965.70559400003,0.9999999918814345,0.7282173222222224
917,Texas_plus_Georgia,1414.2051430015847,179.0393643098329,242.51565952029074,145.90549893080976,98.00415625302969,186.21168476679009,213.33785778091394,96.59191667450398,252.59900476541364,Optimal,147528.391082,0.9999999929277696,0.6752963333333334
918,Texas_plus_Georgia,1860.305574480015,228.70678424461138,327.5194276556097,232.59155317923938,139.23457697130252,248.01149468358437,213.2011803423602,149.56553938028924,321.4750180230182,Optimal,196463.75991000002,0.9999999975917856,0.8935974444444444
919,Texas_plus_Georgia,1445.666980225284,184.1370820290024,253.00820881800527,141.93462126214706,111.20917598547184,235.27057613597452,178.63669705573218,97.42139021446584,244.04922872448486,Optimal,155417.65296,1.0000000067613883,0.7471287444444444
920,Texas_plus_Georgia,1602.471334522256,245.80977440049577,291.6560644287838,181.81776122036234,104.9723354615063,224.95668964154729,197.24129756995114,99.35413825870674,256.66327354090265,Optimal,168514.52013400002,0.9999999959298765,0.8471361333333334
921,Texas_plus_Georgia,1671.757800251453,192.43478753693333,250.35297394864406,187.41780028494193,114.33656613533202,200.34979453030536,241.23127635379606,133.83614176921188,351.7984596922884,Optimal,173472.37008999998,0.9999999998495877,0.7145972777777778
922,Texas_plus_Georgia,1603.895042162791,207.28545397243036,295.09574176055924,183.7291808830311,122.0377071437338,221.05076530533594,186.48565528054016,113.993934976814,274.21660284034635,Optimal,169345.31764000002,0.9999999986515384,0.8038132888888889
923,Texas_plus_Georgia,1682.3457550526489,244.6614543410282,297.1860931142254,190.86239611988756,137.11859780678287,240.13676264343317,202.09103628327023,133.99593375274853,236.29348099127284,Optimal,180660.75968999998,0.9999999969966644,0.8688714444444444
924,Texas_plus_Georgia,1799.0692222499401,249.46614365349245,305.66485255272636,228.42180545221913,122.34402786515561,262.4728240014181,198.57105978698897,112.5685496494521,319.5599592884874,Optimal,189565.53540999998,0.9999999987493866,0.9084486777777778
925,Texas_plus_Georgia,1567.7382289510956,175.41272947773655,287.74928936589396,173.40648890377884,102.2217887780144,214.99970472036273,228.61416274143087,121.71538494367601,263.61868002020225,Optimal,164444.81979,0.9999999942904401,0.7535130222222222
926,Texas_plus_Georgia,1837.132406818806,206.22311209628435,348.8602576907834,221.45412706911264,117.14149411101569,247.7431966376621,239.6647203501318,133.72144076642857,322.3240580973875,Optimal,191540.19611999998,1.0000000017316084,0.8920295222222222
927,Texas_plus_Georgia,1705.1438443374634,227.1876600839375,249.52466526540468,225.82212983796603,117.8829042349119,249.90369512298975,218.8651993449456,135.45734280841359,280.5002476388944,Optimal,181619.45834,1.0000000033208556,0.8073511444444443
928,Texas_plus_Georgia,1471.305721334383,211.24067897859024,260.76599616143596,189.2192378135843,100.88420270074904,209.6954885725035,199.64587555593937,91.51859340226234,208.33564814931822,Optimal,154694.831184,1.0000000079287514,0.7574468555555556
929,Texas_plus_Georgia,1554.419759006203,177.0355534803918,300.6954985917739,216.88177730356597,102.67074138236515,211.6439042459785,182.7841932961743,102.32286140510337,260.3852293008502,Optimal,161595.35934999998,0.9999999942060676,0.7659721666666667
930,Texas_plus_Georgia,1616.7155951133052,204.69557184189372,279.61116951743134,177.42588081966548,109.48247081691089,226.35507688350663,227.2201830188208,123.66554088356301,268.2597013315134,Optimal,170707.84997000004,0.9999999968372265,0.7896242444444445
931,Texas_plus_Georgia,1864.4215095075506,227.2085787872179,331.3600132732662,196.9679632733268,150.23391156248104,288.56976474283925,242.85693989898473,144.92772934008,282.2966086293547,Optimal,200629.95194,0.9999999949005358,0.9412648333333333
932,Texas_plus_Georgia,1786.6246898786787,215.78421927492812,327.7994715291793,203.89332677154334,111.97652690707834,238.0387892074425,233.50490383772487,142.25980981896797,313.36764253181434,Optimal,187300.48067000002,1.000000000067905,0.8684694222222222
933,Texas_plus_Georgia,1694.4640719751887,217.83743283482772,273.5870375208567,229.2103632942544,141.0935925059104,244.02666295155606,191.5698401305163,112.13473994619807,285.004402791069,Optimal,179584.45408,0.9999999929327572,0.8171679222222222
934,Texas_plus_Georgia,1677.5278115286753,232.78799740406714,277.30817966834377,188.9700843694456,119.7711089284785,203.89768491761782,231.09073013347228,133.55223291576792,290.14979319148233,Optimal,175691.55248999997,0.9999999931275801,0.7933265111111112
935,Texas_plus_Georgia,1888.385533600439,233.33945825160274,319.24421071923484,243.88887323841652,130.66882601753278,250.03495407930242,285.9532725772337,130.87919242984935,294.3767462872667,Optimal,196838.10153999997,0.9999999980933773,0.8917984666666666
936,Texas_plus_Georgia,1625.4114864352116,165.2283090137022,303.0206489022949,208.22248904664676,100.42570918140862,212.68585872779659,246.50670173705277,125.2662105726872,264.0555592536226,Optimal,168617.48585,1.0000000021931605,0.7565942444444443
937,Texas_plus_Georgia,1645.673974211116,209.80067760541988,309.7485652957509,193.58710591188063,118.48025913828015,219.42014540088866,235.17985499341913,118.68290245417069,240.7744634113061,Optimal,172654.78343,1.0000000035176373,0.821077111111111
938,Texas_plus_Georgia,1451.9279038975685,236.05045312609937,219.1630451419897,157.61649194142248,115.68147462215192,216.03235770524853,175.97691398590212,77.14537714285757,254.2617902318969,Optimal,154199.324926,0.9999999952493726,0.7458287333333333
939,Texas_plus_Georgia,1726.6283154342732,208.65494854612297,274.16003917902793,221.4974102670431,147.40838567343155,234.6694214561085,222.7303493693397,110.07338749372283,307.4343734494765,Optimal,181262.57157000003,1.000000002644302,0.7972049
940,Texas_plus_Georgia,1330.866735316488,186.96185488479705,198.47528817897185,185.25945935853662,87.84241330800658,184.61961001815703,185.6377968934121,86.33105563646049,215.7392570381463,Optimal,139302.64578599998,1.0000000027677542,0.6333963888888888
941,Texas_plus_Georgia,1375.0462111532754,155.1546661045653,231.68294004488519,164.02598677761853,122.83915084263042,226.0237208915925,145.82186149479162,101.42668275512064,228.0712022420713,Optimal,149003.7607,0.9999999991612826,0.6809570333333332
942,Texas_plus_Georgia,1658.8488136074493,207.26368539614145,296.1902520159794,203.47038164314836,114.6075185234492,201.99192999076297,205.77527837926675,126.81525501293417,302.7345126457669,Optimal,172562.06334,1.0000000038536068,0.7838287444444445
943,Texas_plus_Georgia,1600.5492306185988,215.00576284187048,265.5879338120102,157.10026982506795,113.69723493623336,242.95417457401908,229.30371362242448,105.39006411811114,271.5100768888622,Optimal,170012.79997000002,0.9999999871177977,0.8039420666666667
944,Texas_plus_Georgia,1500.2589517319143,174.84100843495554,275.45602438926085,161.99125925529347,111.93999779041803,207.9815581668037,188.59368321723733,110.48513794773237,268.970282530213,Optimal,158175.30842,0.9999999988455899,0.7314206555555556
945,Texas_plus_Georgia,1672.9660976488137,206.7215314489602,279.13107264061193,198.5521398769776,114.71001031380874,239.77182813484714,203.3003067071993,119.01476364740174,311.76444487900704,Optimal,176380.67139,0.9999999954279924,0.8062493666666668
946,Texas_plus_Georgia,1880.7653859913844,241.18800385135293,334.5578717882426,200.55684841180192,136.3556110410712,239.12900548273086,245.81917944453855,133.16628279895139,349.9925831726949,Optimal,196340.53170999998,0.9999999968143902,0.9054165333333333
947,Texas_plus_Georgia,1762.5005071507169,238.38306097617635,306.55198517192696,188.29078729600826,115.99703124620986,269.4124870184565,195.96427395037793,144.7045648642085,303.19631662735253,Optimal,189243.61555,1.000000001616614,0.9048305999999999
948,Texas_plus_Georgia,1710.1147544317532,240.12882385559263,297.95336322891836,192.13419972259666,97.6600118000797,250.91899567931637,230.55771617657047,104.55429043906572,296.2073535296133,Optimal,179198.26960200001,0.9999999985780175,0.8766679777777777
949,Texas_plus_Georgia,1454.777868410124,225.0672535749171,228.03470624489972,170.54763645103432,110.48323516681839,206.70488460400102,206.64823154780208,91.7226691893237,215.5692516313276,Optimal,154019.757942,1.000000000405475,0.733118711111111
950,Texas_plus_Georgia,1587.1841380769522,215.90698327392252,250.88683606385104,188.5107580548112,117.05914112042002,240.583330334523,205.97936657742,95.72689680733501,272.53082584466944,Optimal,168072.659616,1.0000000056219362,0.7859746111111111
951,Texas_plus_Georgia,1642.1036404231456,241.17983881683395,238.25792568439846,232.03031690683906,114.35027718164136,207.35257600360836,201.7763308505496,128.96208438794497,278.1942905913299,Optimal,172492.30662,1.0000000058320646,0.7631003888888889
952,Texas_plus_Georgia,1598.4654253164886,203.61787200986777,279.50395996103845,169.0556459349163,125.244908177822,260.8579087939731,149.2114134986477,105.92528787630035,305.048429063923,Optimal,171978.83331000002,1.0000000029300047,0.8266441555555556
953,Texas_plus_Georgia,1710.134762297597,249.88587340833132,304.12496815468484,165.71634577696543,112.34510530602086,239.13267291568468,246.21219770903093,118.93072655271891,273.7868724741601,Optimal,180450.056,1.0000000045039743,0.8812705666666667
954,Texas_plus_Georgia,1557.1643467380068,197.86360418815084,264.2968122408161,217.14988753209633,106.38544344648496,190.60855195442508,206.55483523938443,110.84622788517815,263.4589842514709,Optimal,161265.11115,0.9999999956728994,0.7252988444444445
955,Texas_plus_Georgia,1454.9646356264263,200.00369286463814,242.35444298391172,160.70671062351684,99.9448212833477,233.8134238635464,165.31516806289306,105.06613314289831,247.76024280167425,Optimal,156366.288456,0.999999989947229,0.7513017222222222
956,Texas_plus_Georgia,1778.3599065807653,216.93926059425348,322.57153311982523,181.84542877671254,128.0984927028635,252.2289009773867,222.70930747871438,143.45874286395517,310.5082400670544,Optimal,189007.95413000003,0.9999999962995313,0.8797107666666667
957,Texas_plus_Georgia,1738.6835803594363,234.92901460320024,291.7285844799563,182.47567226915123,128.841100685125,292.4036193482629,199.0778814056144,124.7217021206136,284.5060054475125,Optimal,188379.24394999997,0.9999999940417934,0.9100680111111112
958,Texas_plus_Georgia,1550.0746804942044,171.33588293759723,258.8602722338728,169.71245271851217,132.6761689458721,205.54770383577267,236.29468090547124,104.54382129696533,271.1036976201408,Optimal,162372.10467,0.9999999932298718,0.7063820555555557
959,Texas_plus_Georgia,1614.7551800794688,186.20105732836268,224.58425258288446,201.08867020786406,122.37217039187865,246.71718022148852,216.83301432643094,119.80376647922893,297.15506854133065,Optimal,172035.57862000001,0.9999999999507859,0.7305583222222223
960,Texas_plus_Georgia,1438.8165993892474,201.01989811951174,292.7612318453314,174.815759008907,103.61869906481364,193.23760349574027,184.9094717491572,100.67341195812587,187.7805241476602,Optimal,151390.94861000002,0.9999999934743266,0.7633541444444445
961,Texas_plus_Georgia,1804.8375242087081,250.30720896381104,305.09864285845765,194.4387677238249,111.04015477325406,233.159916485566,247.28390314306864,104.12827679074014,359.38065346998565,Optimal,186256.28437,0.9999999976680958,0.8761841888888888
962,Texas_plus_Georgia,1373.502489093871,192.22744679852798,219.92451479519454,149.8906724626742,79.00112282048723,215.4649050035262,184.10818192738827,109.1012584782106,223.78438680786198,Optimal,147073.22016800003,1.0000000028439184,0.6973520777777779
963,Texas_plus_Georgia,1828.6386846028756,238.6949883073969,307.0697970394999,198.1952534359008,147.35991364703642,270.0005165455147,244.45163910603407,112.27675103441749,310.5898254870753,Optimal,193694.45709,1.000000002951444,0.9064059
964,Texas_plus_Georgia,1355.6115238908774,170.99039489793682,205.3233963369099,174.79979793580142,101.87425047301514,206.03319109868926,167.96642130651463,104.90064031443453,223.72343152757563,Optimal,145059.34275,0.9999999971297993,0.6470522000000001
965,Texas_plus_Georgia,1553.5514584862735,216.44453218759824,281.28535277779486,191.62307788427555,105.50954679276322,185.92044327787121,208.9266437556748,101.46032615880594,262.3815356514897,Optimal,160449.89488999997,1.0000000009743653,0.7596114666666667
966,Texas_plus_Georgia,1427.6339545541866,177.98964242965124,259.63080692998597,156.69654358443552,89.54642620395832,205.3785151998374,187.1366852592738,101.41921460826178,249.83612033878254,Optimal,150220.703406,1.0000000010127341,0.7144433
967,Texas_plus_Georgia,1858.2919259559974,273.9464241028714,332.1274531192446,199.08795581283707,133.61995870741148,224.34190889503597,232.23257132513518,155.2458738098641,307.6897801835977,Optimal,195711.09221,0.9999999967949076,0.9226842000000001
968,Texas_plus_Georgia,1547.9913199010855,189.277526202027,305.15359480586204,176.87152248070453,117.25402571853708,219.65721282109604,181.3162408870272,111.71035927632488,246.7508377095068,Optimal,163840.63773,1.0000000000638987,0.7934314777777778
969,Texas_plus_Georgia,1572.5450667373395,180.88663209126,303.3415931537976,181.6301554149795,109.80599990524632,199.82353171320125,203.54018442733775,104.9700810516816,288.54688897983556,Optimal,162854.67398,0.9999999957156461,0.7600574999999999
970,Texas_plus_Georgia,1514.9923369939097,238.0990339437509,261.197268312693,179.81713750742824,106.3060476758702,222.1685768790282,181.7463777382307,99.29735139525637,226.3605435416521,Optimal,161042.51836800002,1.0000000026442972,0.8016276444444445
971,Texas_plus_Georgia,1479.7922233397514,171.41502590447428,258.55429740333767,157.02050872471696,103.05795419063627,238.67264757447123,199.92946169678171,89.52483799669318,261.6174898486401,Optimal,156949.71427400003,1.0000000031492589,0.7429355333333333
972,Texas_plus_Georgia,1678.4741446318444,214.58367121286577,263.95460634499426,200.6155668334248,117.86842802955631,248.38551061025527,230.68975597070096,126.10619999571863,276.27040563432837,Optimal,178385.40855999998,1.0000000091560275,0.8076931
973,Texas_plus_Georgia,1365.5285620812301,176.0784159543591,229.66139384251937,152.47782724232468,100.08926267312799,204.40221366011644,156.58732446554308,105.4165382583692,240.81558598487015,Optimal,145994.07752000002,0.9999999984758794,0.6779355777777778
974,Texas_plus_Georgia,1630.2368972197305,209.68253090127826,345.73140896414986,193.7267999860711,114.75218435902535,197.47549393208052,202.77333500411504,121.47853944863165,244.61660462437877,Optimal,169670.71031,0.9999999955713611,0.8365438111111111
975,Texas_plus_Georgia,1592.7889787967517,204.83321828707375,291.26739215300154,154.42069541247852,110.14491141500626,219.1550426735024,202.0320642029349,116.97813208340492,293.95752256934946,Optimal,167882.51314999998,0.9999999944771393,0.7947285000000001
976,Texas_plus_Georgia,1818.182981366072,296.48079079660477,311.7491230648741,212.81422784018613,125.48540588908641,252.12000622638993,208.9106342751573,124.8243876094972,285.79840566427623,Optimal,192658.11517000003,1.0000000047486575,0.9559443555555556
977,Texas_plus_Georgia,1428.5216158917551,183.24563025329996,227.38818732188133,163.64781258828276,97.39626923658443,210.79084572816876,208.33813004102797,105.64043726777896,232.07430345473094,Optimal,151499.318714,1.0000000021758473,0.6904718555555556
978,Texas_plus_Georgia,1533.5226559332618,201.75321712000033,252.67004261771532,169.60681193562107,123.06514063986536,225.85091602313074,188.4012670749358,111.82113931299752,260.35412120899576,Optimal,163782.61514,1.0000000026518931,0.7558602
979,Texas_plus_Georgia,1522.5735005899137,199.74152327536305,249.55037893627016,163.2046792865098,116.24464856834926,202.24933354198146,223.85713617773223,95.63840529241551,272.08739551129224,Optimal,159086.28553,1.0000000028964686,0.7239347
980,Texas_plus_Georgia,1671.776580241204,220.95280421575626,292.80933942046335,207.45916825110896,115.43913281785909,228.18083188727732,206.21611848010312,144.54661438046242,256.17257078817363,Optimal,177640.27556999997,0.9999999938740595,0.8243810777777778
981,Texas_plus_Georgia,1781.5206998752114,210.09615760984605,321.19113169603827,226.66828695502304,112.23715410846054,232.2110195806539,249.05764112508484,143.02287681933436,287.0364319807704,Optimal,186125.80466,1.0000000000700462,0.8483314555555554
982,Texas_plus_Georgia,1942.4024546677838,237.56380221934538,338.13483260280753,246.43843662695127,125.94375039687877,320.35118634256514,226.53546007435847,134.3171309110716,313.1178554938056,Optimal,207653.17173,1.0000000027451654,0.9956109111111111
983,Texas_plus_Georgia,2049.831730920818,259.4210599632517,376.08218386094757,258.5050321906126,137.68394545204242,314.38412591492846,250.59629728084266,120.88491239311469,332.27417386507767,Optimal,216878.73635,0.9999999995507839,1.0
984,Texas_plus_Georgia,1557.1920486801148,164.70277394590067,243.81904523013694,181.67694732910198,119.44120564733502,243.82500314324096,205.54836988716468,107.14433399197107,291.03436950526356,Optimal,165574.29404,1.000000000847606,0.7248298
985,Texas_plus_Georgia,1373.6067092300723,191.91217213716885,204.71583240985706,174.14166767727667,90.76759245631794,232.15465031107257,171.3290126165796,93.37050870293436,215.2152729188652,Optimal,147847.708954,0.9999999940084218,0.6986473888888889
986,Texas_plus_Georgia,1586.8365364888225,192.3891566002182,281.96413999303536,201.34633476732665,110.33164108178106,220.08245086286115,206.2485875027397,105.2710944330691,269.2031312477913,Optimal,165988.00439,0.9999999959108438,0.7715952777777778
987,Texas_plus_Georgia,1521.2543185498034,175.07335530010317,272.98695090130485,183.24037659544572,115.79723729638596,227.16721185648632,161.79442053263108,103.86421955653253,281.3305465109138,Optimal,161222.9106,1.000000007526813,0.7502528
988,Texas_plus_Georgia,1576.844492487482,179.9016623025411,314.6306146315416,202.76252637881814,97.60215062253927,220.50147349092776,212.64330624195705,131.5947236604779,217.2080351586792,Optimal,166243.806866,0.9999999990566717,0.7944819333333333
989,Texas_plus_Georgia,1831.3759392330178,210.10682633843788,295.88920226336006,188.41718514989842,143.2148477902466,294.8769723486768,212.42834327119198,110.52857646508302,375.913985606123,Optimal,195068.55759,1.0000000058791763,0.889858888888889
990,Texas_plus_Georgia,1677.1555237218874,192.0484507596995,319.02193298351915,186.26789555561007,114.91283482343174,264.094037832866,179.99724191571426,130.47989763476616,290.3332322162807,Optimal,179544.95734000002,0.9999999977808335,0.8612938000000001
991,Texas_plus_Georgia,1587.7906329832442,216.37368642331717,239.6882222473249,174.67857581379155,122.4307779771532,248.28484830247493,210.86452643303136,99.90577867389717,275.564217112254,Optimal,169453.74198200004,1.000000010087448,0.7826075111111112
992,Texas_plus_Georgia,1466.065780213794,175.15178523526203,264.61252470532855,173.32037264292845,90.35571689342416,207.41882820714267,200.2130258191633,107.0908099479252,247.90271676261966,Optimal,153803.40619200002,1.0000000046288549,0.7190923777777779
993,Texas_plus_Georgia,1573.0792621749147,182.22872028526143,330.2656743130491,184.69019777592933,104.44577150977901,189.44563039239065,171.7849619266166,107.01792194588054,303.2003840260079,Optimal,162027.98715,0.999999992260457,0.7799333555555555
994,Texas_plus_Georgia,1489.355237596261,188.43821584833228,233.08325838726233,199.5669387707361,134.509772277611,163.53108607776366,186.4375921140269,112.87241838627207,270.9159557342567,Optimal,154951.04476,1.000000008328261,0.6500584111111112
995,Texas_plus_Georgia,1503.3354062871067,185.55996251230877,277.5122026371356,201.30048832970004,90.42911161130915,201.6752640268607,203.74009234902124,97.57962848806929,245.53865633270186,Optimal,155750.56813600002,0.999999995817895,0.7386082444444445
996,Texas_plus_Georgia,1855.458788395671,240.53977892632147,295.73951271262047,218.01010565690888,113.39522862657624,264.15778740484717,244.67412170940392,146.51565033056372,332.4266030284291,Optimal,196054.31259000002,1.0000000008646535,0.8893745333333333
997,Texas_plus_Georgia,1613.1092790223631,203.71725474484813,270.13056817449217,208.69818865764088,130.60548248110715,243.58972957588907,208.48105185723634,105.91237220148412,241.97463132966524,Optimal,171564.40406000003,0.9999999944068495,0.7971528333333333
998,Texas_plus_Georgia,1534.9635747037396,211.61415409660995,265.3051192903147,197.75494282170888,106.75870644057007,184.90025761055148,182.7834493328305,118.24732759189186,267.59961751926227,Optimal,160102.2133,1.0000000034504144,0.7353550333333333
999,Texas_plus_Georgia,1643.698314260564,206.5246712425887,262.9702839958485,196.5708813557026,109.32846366976558,239.7600458519698,207.85005054246096,98.1344409558935,322.55947664633436,Optimal,172063.806898,0.9999999980163244,0.7880611111111111
1000,Texas_plus_Georgia,1553.9636465983126,217.23240911462054,282.4986706729404,177.14769243384794,105.99348140340116,226.50542141192753,189.40279748317465,102.0727784407673,253.11039563763305,Optimal,164242.59820999997,1.0000000021890394,0.8069294444444444
